"Time","resets"
2019-01-05 03:00:00,675
2019-01-06 03:00:00,677
2019-01-07 03:00:00,677
2019-01-08 03:00:00,678
2019-01-09 03:00:00,678
2019-01-10 03:00:00,679
2019-01-11 03:00:00,679
2019-01-12 03:00:00,680
2019-01-13 03:00:00,680
2019-01-14 03:00:00,682
2019-01-15 03:00:00,682
2019-01-16 03:00:00,683
2019-01-17 03:00:00,683
2019-01-18 03:00:00,684
2019-01-19 03:00:00,684
2019-01-20 03:00:00,685
2019-01-21 03:00:00,686
2019-01-22 03:00:00,686
2019-01-23 03:00:00,687
2019-01-24 03:00:00,687
2019-01-25 03:00:00,688
2019-01-26 03:00:00,688
2019-01-27 03:00:00,689
2019-01-28 03:00:00,689
2019-01-29 03:00:00,690
2019-01-30 03:00:00,690
2019-01-31 03:00:00,691
2019-02-01 03:00:00,691
2019-02-02 03:00:00,692
2019-02-03 03:00:00,692
2019-02-04 03:00:00,693
2019-02-05 03:00:00,694
2019-02-06 03:00:00,694
2019-02-07 03:00:00,695
2019-02-08 03:00:00,695
2019-02-09 03:00:00,696
2019-02-10 03:00:00,696
2019-02-11 03:00:00,697
2019-02-12 03:00:00,697
2019-02-13 03:00:00,698
2019-02-14 03:00:00,698
2019-02-15 03:00:00,699
2019-02-16 03:00:00,699
2019-02-17 03:00:00,700
2019-02-18 03:00:00,701
2019-02-19 03:00:00,701
2019-02-20 03:00:00,703
2019-02-21 03:00:00,703
2019-02-22 03:00:00,705
2019-02-23 03:00:00,705
2019-02-24 03:00:00,706
2019-02-25 03:00:00,706
2019-02-26 03:00:00,708
2019-02-27 03:00:00,708
2019-02-28 03:00:00,709
2019-03-01 03:00:00,709
2019-03-02 03:00:00,712
2019-03-03 03:00:00,714
2019-03-04 03:00:00,714
2019-03-05 03:00:00,716
2019-03-06 03:00:00,716
2019-03-07 03:00:00,717
2019-03-08 03:00:00,717
2019-03-09 03:00:00,718
2019-03-10 03:00:00,718
2019-03-11 03:00:00,719
2019-03-12 03:00:00,719
2019-03-13 03:00:00,720
2019-03-14 03:00:00,721
2019-03-15 03:00:00,721
2019-03-16 03:00:00,723
2019-03-17 03:00:00,723
2019-03-18 03:00:00,724
2019-03-19 03:00:00,724
2019-03-20 03:00:00,725
2019-03-21 03:00:00,725
2019-03-22 03:00:00,726
2019-03-23 03:00:00,726
2019-03-24 03:00:00,727
2019-03-25 03:00:00,727
2019-03-26 03:00:00,728
2019-03-27 03:00:00,728
2019-03-28 03:00:00,729
2019-03-29 03:00:00,730
2019-03-30 03:00:00,730
2019-03-31 03:00:00,730
2019-04-01 03:00:00,731
2019-04-02 03:00:00,732
2019-04-03 03:00:00,732
2019-04-04 03:00:00,733
2019-04-05 03:00:00,733
2019-04-06 03:00:00,734
2019-04-07 03:00:00,734
2019-04-08 03:00:00,735
2019-04-09 03:00:00,736
2019-04-10 03:00:00,737
2019-04-11 03:00:00,737
2019-04-12 03:00:00,738
2019-04-13 03:00:00,738
2019-04-14 03:00:00,739
2019-04-15 03:00:00,742
2019-04-16 03:00:00,742
2019-04-17 03:00:00,743
2019-04-18 03:00:00,743
2019-04-19 03:00:00,744
2019-04-20 03:00:00,744
2019-04-21 03:00:00,745
2019-04-22 03:00:00,745
2019-04-23 03:00:00,746
2019-04-24 03:00:00,746
2019-04-25 03:00:00,747
2019-04-26 03:00:00,747
2019-04-27 03:00:00,748
2019-04-28 03:00:00,749
2019-04-29 03:00:00,749
2019-04-30 03:00:00,750
2019-05-01 03:00:00,750
2019-05-02 03:00:00,751
2019-05-03 03:00:00,751
2019-05-04 03:00:00,754
2019-05-05 03:00:00,754
2019-05-06 03:00:00,755
2019-05-07 03:00:00,755
2019-05-08 03:00:00,756
2019-05-09 03:00:00,756
2019-05-10 03:00:00,757
2019-05-11 03:00:00,757
2019-05-12 03:00:00,758
2019-05-13 03:00:00,759
2019-05-14 03:00:00,759
2019-05-15 03:00:00,760
2019-05-16 03:00:00,760
2019-05-17 03:00:00,762
2019-05-18 03:00:00,762
2019-05-19 03:00:00,763
2019-05-20 03:00:00,763
2019-05-21 03:00:00,764
2019-05-22 03:00:00,764
2019-05-23 03:00:00,766
2019-05-24 03:00:00,767
2019-05-25 03:00:00,767
2019-05-26 03:00:00,767
2019-05-27 03:00:00,768
2019-05-28 03:00:00,771
2019-05-29 03:00:00,771
2019-05-30 03:00:00,772
2019-05-31 03:00:00,772
2019-06-01 03:00:00,773
2019-06-02 03:00:00,773
2019-06-03 03:00:00,774
2019-06-04 03:00:00,774
2019-06-05 03:00:00,777
2019-06-06 03:00:00,778
2019-06-07 03:00:00,778
2019-06-08 03:00:00,779
2019-06-09 03:00:00,779
2019-06-10 03:00:00,779
2019-06-11 03:00:00,780
2019-06-12 03:00:00,781
2019-06-13 03:00:00,781
2019-06-14 03:00:00,782
2019-06-15 03:00:00,782
2019-06-16 03:00:00,783
2019-06-17 03:00:00,783
2019-06-18 03:00:00,785
2019-06-19 03:00:00,785
2019-06-20 03:00:00,790
2019-06-21 03:00:00,791
2019-06-22 03:00:00,791
2019-06-23 03:00:00,791
2019-06-24 03:00:00,792
2019-06-25 03:00:00,793
2019-06-26 03:00:00,793
2019-06-27 03:00:00,794
2019-06-28 03:00:00,794
2019-06-29 03:00:00,795
2019-06-30 03:00:00,795
2019-07-01 03:00:00,797
2019-07-02 03:00:00,797
2019-07-03 03:00:00,798
2019-07-04 03:00:00,799
2019-07-05 03:00:00,799
2019-07-06 03:00:00,799
2019-07-07 03:00:00,800
2019-07-08 03:00:00,801
2019-07-09 03:00:00,801
2019-07-10 03:00:00,802
2019-07-11 03:00:00,802
2019-07-12 03:00:00,803
2019-07-13 03:00:00,803
2019-07-14 03:00:00,804
2019-07-15 03:00:00,804
2019-07-16 03:00:00,808
2019-07-17 03:00:00,
2019-07-18 03:00:00,810
2019-07-19 03:00:00,810
2019-07-20 03:00:00,811
2019-07-21 03:00:00,811
2019-07-22 03:00:00,812
2019-07-23 03:00:00,814
2019-07-24 03:00:00,814
2019-07-25 03:00:00,814
2019-07-26 03:00:00,816
2019-07-27 03:00:00,817
2019-07-28 03:00:00,817
2019-07-29 03:00:00,818
2019-07-30 03:00:00,818
2019-07-31 03:00:00,819
2019-08-01 03:00:00,819
2019-08-02 03:00:00,820
2019-08-03 03:00:00,820
2019-08-04 03:00:00,822
2019-08-05 03:00:00,822
2019-08-06 03:00:00,823
2019-08-07 03:00:00,824
2019-08-08 03:00:00,824
2019-08-09 03:00:00,826
2019-08-10 03:00:00,826
2019-08-11 03:00:00,827
2019-08-12 03:00:00,827
2019-08-13 03:00:00,828
2019-08-14 03:00:00,828
2019-08-15 03:00:00,829
2019-08-16 03:00:00,829
2019-08-17 03:00:00,830
2019-08-18 03:00:00,830
2019-08-19 03:00:00,831
2019-08-20 03:00:00,832
2019-08-21 03:00:00,832
2019-08-22 03:00:00,833
2019-08-23 03:00:00,834
2019-08-24 03:00:00,836
2019-08-25 03:00:00,836
2019-08-26 03:00:00,837
2019-08-27 03:00:00,837
2019-08-28 03:00:00,838
2019-08-29 03:00:00,838
2019-08-30 03:00:00,839
2019-08-31 03:00:00,839
2019-09-01 03:00:00,840
2019-09-02 03:00:00,840
2019-09-03 03:00:00,841
2019-09-04 03:00:00,841
2019-09-05 03:00:00,842
2019-09-06 03:00:00,843
2019-09-07 03:00:00,843
2019-09-08 03:00:00,844
2019-09-09 03:00:00,844
2019-09-10 03:00:00,846
2019-09-11 03:00:00,846
2019-09-12 03:00:00,847
2019-09-13 03:00:00,847
2019-09-14 03:00:00,848
2019-09-15 03:00:00,848
2019-09-16 03:00:00,849
2019-09-17 03:00:00,849
2019-09-18 03:00:00,850
2019-09-19 03:00:00,851
2019-09-20 03:00:00,851
2019-09-21 03:00:00,852
2019-09-22 03:00:00,852
2019-09-23 03:00:00,853
2019-09-24 03:00:00,853
2019-09-25 03:00:00,854
2019-09-26 03:00:00,854
2019-09-27 03:00:00,855
2019-09-28 03:00:00,855
2019-09-29 03:00:00,858
2019-09-30 03:00:00,858
2019-10-01 03:00:00,859
2019-10-02 03:00:00,860
2019-10-03 03:00:00,860
2019-10-04 03:00:00,861
2019-10-05 03:00:00,861
2019-10-06 03:00:00,861
2019-10-07 03:00:00,862
2019-10-08 03:00:00,863
2019-10-09 03:00:00,863
2019-10-10 03:00:00,866
2019-10-11 03:00:00,866
2019-10-12 03:00:00,868
2019-10-13 03:00:00,868
2019-10-14 03:00:00,869
2019-10-15 03:00:00,870
2019-10-16 03:00:00,870
2019-10-17 03:00:00,871
2019-10-18 03:00:00,871
2019-10-19 03:00:00,874
2019-10-20 03:00:00,874
2019-10-21 03:00:00,875
2019-10-22 03:00:00,875
2019-10-23 03:00:00,876
2019-10-24 03:00:00,876
2019-10-25 03:00:00,877
2019-10-26 03:00:00,877
2019-10-27 03:00:00,878
2019-10-28 03:00:00,880
2019-10-29 03:00:00,880
2019-10-30 03:00:00,880
2019-10-31 03:00:00,881
2019-11-01 03:00:00,882
2019-11-02 03:00:00,882
2019-11-03 03:00:00,883
2019-11-04 03:00:00,883
2019-11-05 03:00:00,887
2019-11-06 03:00:00,887
2019-11-07 03:00:00,889
2019-11-08 03:00:00,889
2019-11-09 03:00:00,890
2019-11-10 03:00:00,890
2019-11-11 03:00:00,892
2019-11-12 03:00:00,893
2019-11-13 03:00:00,893
2019-11-14 03:00:00,895
2019-11-15 03:00:00,895
2019-11-16 03:00:00,896
2019-11-17 03:00:00,896
2019-11-18 03:00:00,897
2019-11-19 03:00:00,897
2019-11-20 03:00:00,898
2019-11-21 03:00:00,898
2019-11-22 03:00:00,902
2019-11-23 03:00:00,902
2019-11-24 03:00:00,903
2019-11-25 03:00:00,904
2019-11-26 03:00:00,905
2019-11-27 03:00:00,907
2019-11-28 03:00:00,907
2019-11-29 03:00:00,908
2019-11-30 03:00:00,908
2019-12-01 03:00:00,909
2019-12-02 03:00:00,910
2019-12-03 03:00:00,911
2019-12-04 03:00:00,912
2019-12-05 03:00:00,912
2019-12-06 03:00:00,912
2019-12-07 03:00:00,913
2019-12-08 03:00:00,914
2019-12-09 03:00:00,914
2019-12-10 03:00:00,915
2019-12-11 03:00:00,915
2019-12-12 03:00:00,916
2019-12-13 03:00:00,917
2019-12-14 03:00:00,918
2019-12-15 03:00:00,918
2019-12-16 03:00:00,919
2019-12-17 03:00:00,920
2019-12-18 03:00:00,920
2019-12-19 03:00:00,921
2019-12-20 03:00:00,921
2019-12-21 03:00:00,921
2019-12-22 03:00:00,922
2019-12-23 03:00:00,923
2019-12-24 03:00:00,923
2019-12-25 03:00:00,924
2019-12-26 03:00:00,924
2019-12-27 03:00:00,926
2019-12-28 03:00:00,927
2019-12-29 03:00:00,928
2019-12-30 03:00:00,928
2019-12-31 03:00:00,930
2020-01-01 03:00:00,931
2020-01-02 03:00:00,931
2020-01-03 03:00:00,932
2020-01-04 03:00:00,932
2020-01-05 03:00:00,933
2020-01-06 03:00:00,933
2020-01-07 03:00:00,934
2020-01-08 03:00:00,934
2020-01-09 03:00:00,935
2020-01-10 03:00:00,936
2020-01-11 03:00:00,936
2020-01-12 03:00:00,937
2020-01-13 03:00:00,937
2020-01-14 03:00:00,939
2020-01-15 03:00:00,939
2020-01-16 03:00:00,940
2020-01-17 03:00:00,940
2020-01-18 03:00:00,941
2020-01-19 03:00:00,941
2020-01-20 03:00:00,942
2020-01-21 03:00:00,942
2020-01-22 03:00:00,943
2020-01-23 03:00:00,943
2020-01-24 03:00:00,944
2020-01-25 03:00:00,944
2020-01-26 03:00:00,945
2020-01-27 03:00:00,946
2020-01-28 03:00:00,946
2020-01-29 03:00:00,948
2020-01-30 03:00:00,948
2020-01-31 03:00:00,950
2020-02-01 03:00:00,950
2020-02-02 03:00:00,951
2020-02-03 03:00:00,952
2020-02-04 03:00:00,952
2020-02-05 03:00:00,953
2020-02-06 03:00:00,953
2020-02-07 03:00:00,954
2020-02-08 03:00:00,954
2020-02-09 03:00:00,955
2020-02-10 03:00:00,955
2020-02-11 03:00:00,956
2020-02-12 03:00:00,956
2020-02-13 03:00:00,957
2020-02-14 03:00:00,957
2020-02-15 03:00:00,958
2020-02-16 03:00:00,959
2020-02-17 03:00:00,960
2020-02-18 03:00:00,961
2020-02-19 03:00:00,961
2020-02-20 03:00:00,962
2020-02-21 03:00:00,962
2020-02-22 03:00:00,963
2020-02-23 03:00:00,963
2020-02-24 03:00:00,964
2020-02-25 03:00:00,964
2020-02-26 03:00:00,965
2020-02-27 03:00:00,966
2020-02-28 03:00:00,967
2020-02-29 03:00:00,968
2020-03-01 03:00:00,976
2020-03-02 03:00:00,977
2020-03-03 03:00:00,977
2020-03-04 03:00:00,978
2020-03-05 03:00:00,978
2020-03-06 03:00:00,979
2020-03-07 03:00:00,979
2020-03-08 03:00:00,980
2020-03-09 03:00:00,980
2020-03-10 03:00:00,981
2020-03-11 03:00:00,981
2020-03-12 03:00:00,984
2020-03-13 03:00:00,984
2020-03-14 03:00:00,985
2020-03-15 03:00:00,985
2020-03-16 03:00:00,986
2020-03-17 03:00:00,987
2020-03-18 03:00:00,987
2020-03-19 03:00:00,988
2020-03-20 03:00:00,988
2020-03-21 03:00:00,990
2020-03-22 03:00:00,990
2020-03-23 03:00:00,992
2020-03-24 03:00:00,992
2020-03-25 03:00:00,993
2020-03-26 03:00:00,993
2020-03-27 03:00:00,996
2020-03-28 03:00:00,996
2020-03-29 03:00:00,998
2020-03-30 03:00:00,998
2020-03-31 03:00:00,999
2020-04-01 03:00:00,999
2020-04-02 03:00:00,1000
2020-04-03 03:00:00,1000
2020-04-04 03:00:00,1001
2020-04-05 03:00:00,1002
2020-04-06 03:00:00,1002
2020-04-07 03:00:00,1003
2020-04-08 03:00:00,1003
2020-04-09 03:00:00,1003
2020-04-10 03:00:00,1004
2020-04-11 03:00:00,1006
2020-04-12 03:00:00,1006
2020-04-13 03:00:00,1007
2020-04-14 03:00:00,1007
2020-04-15 03:00:00,1008
2020-04-16 03:00:00,1008
2020-04-17 03:00:00,1009
2020-04-18 03:00:00,1009
2020-04-19 03:00:00,1010
2020-04-20 03:00:00,1010
2020-04-21 03:00:00,1012
2020-04-22 03:00:00,1012
2020-04-23 03:00:00,1013
2020-04-24 03:00:00,1014
2020-04-25 03:00:00,1014
2020-04-26 03:00:00,1014
2020-04-27 03:00:00,1015
2020-04-28 03:00:00,1015
2020-04-29 03:00:00,1017
2020-04-30 03:00:00,1018
2020-05-01 03:00:00,1018
2020-05-02 03:00:00,1019
2020-05-03 03:00:00,1019
2020-05-04 03:00:00,1020
2020-05-05 03:00:00,1020
2020-05-06 03:00:00,1022
2020-05-07 03:00:00,1022
2020-05-08 03:00:00,1023
2020-05-09 03:00:00,1023
2020-05-10 03:00:00,1024
2020-05-11 03:00:00,1024
2020-05-12 03:00:00,1025
2020-05-13 03:00:00,1025
2020-05-14 03:00:00,1026
2020-05-15 03:00:00,1027
2020-05-16 03:00:00,1027
2020-05-17 03:00:00,1028
2020-05-18 03:00:00,1028
2020-05-19 03:00:00,1029
2020-05-20 03:00:00,1029
2020-05-21 03:00:00,1030
2020-05-22 03:00:00,1030
2020-05-23 03:00:00,1031
2020-05-24 03:00:00,1031
2020-05-25 03:00:00,1032
2020-05-26 03:00:00,1032
2020-05-27 03:00:00,1033
2020-05-28 03:00:00,1033
2020-05-29 03:00:00,1034
2020-05-30 03:00:00,1034
2020-05-31 03:00:00,1035
2020-06-01 03:00:00,1036
2020-06-02 03:00:00,1036
2020-06-03 03:00:00,1037
2020-06-04 03:00:00,1037
2020-06-05 03:00:00,1038
2020-06-06 03:00:00,1038
2020-06-07 03:00:00,1039
2020-06-08 03:00:00,1039
2020-06-09 03:00:00,1040
2020-06-10 03:00:00,1040
2020-06-11 03:00:00,1041
2020-06-12 03:00:00,1041
2020-06-13 03:00:00,1042
2020-06-14 03:00:00,1042
2020-06-15 03:00:00,1043
2020-06-16 03:00:00,1043
2020-06-17 03:00:00,1044
2020-06-18 03:00:00,1045
2020-06-19 03:00:00,1045
2020-06-20 03:00:00,1046
2020-06-21 03:00:00,1046
2020-06-22 03:00:00,1047
2020-06-23 03:00:00,1047
2020-06-24 03:00:00,1050
2020-06-25 03:00:00,1050
2020-06-26 03:00:00,1051
2020-06-27 03:00:00,1051
2020-06-28 03:00:00,1052
2020-06-29 03:00:00,1052
2020-06-30 03:00:00,1053
2020-07-01 03:00:00,1053
2020-07-02 03:00:00,1055
2020-07-03 03:00:00,1055
2020-07-04 03:00:00,1056
2020-07-05 03:00:00,1056
2020-07-06 03:00:00,1058
2020-07-07 03:00:00,1058
2020-07-08 03:00:00,1059
2020-07-09 03:00:00,1060
2020-07-10 03:00:00,1060
2020-07-11 03:00:00,1063
2020-07-12 03:00:00,1063
2020-07-13 03:00:00,1064
2020-07-14 03:00:00,1064
2020-07-15 03:00:00,1070
2020-07-16 03:00:00,1070
2020-07-17 03:00:00,1071
2020-07-18 03:00:00,1072
2020-07-19 03:00:00,1073
2020-07-20 03:00:00,1073
2020-07-21 03:00:00,1074
2020-07-22 03:00:00,1074
2020-07-23 03:00:00,1075
2020-07-24 03:00:00,1075
2020-07-25 03:00:00,1076
2020-07-26 03:00:00,1077
2020-07-27 03:00:00,1077
2020-07-28 03:00:00,1078
2020-07-29 03:00:00,1078
2020-07-30 03:00:00,1079
2020-07-31 03:00:00,1079
2020-08-01 03:00:00,1080
2020-08-02 03:00:00,1080
2020-08-03 03:00:00,1081
2020-08-04 03:00:00,1081
2020-08-05 03:00:00,1082
2020-08-06 03:00:00,1082
2020-08-07 03:00:00,1084
2020-08-08 03:00:00,1084
2020-08-09 03:00:00,1085
2020-08-10 03:00:00,1086
2020-08-11 03:00:00,1086
2020-08-12 03:00:00,1087
2020-08-13 03:00:00,1087
2020-08-14 03:00:00,1088
2020-08-15 03:00:00,1088
2020-08-16 03:00:00,1089
2020-08-17 03:00:00,1089
2020-08-18 03:00:00,1090
2020-08-19 03:00:00,1090
2020-08-20 03:00:00,1091
2020-08-21 03:00:00,1091
2020-08-22 03:00:00,1093
2020-08-23 03:00:00,1093
2020-08-24 03:00:00,1094
2020-08-25 03:00:00,1095
2020-08-26 03:00:00,1096
2020-08-27 03:00:00,1097
2020-08-28 03:00:00,1097
2020-08-29 03:00:00,1098
2020-08-30 03:00:00,1098
2020-08-31 03:00:00,1099
2020-09-01 03:00:00,1099
2020-09-02 03:00:00,1100
2020-09-03 03:00:00,1100
2020-09-04 03:00:00,1101
2020-09-05 03:00:00,1101
2020-09-06 03:00:00,1102
2020-09-07 03:00:00,1103
2020-09-08 03:00:00,1104
2020-09-09 03:00:00,1105
2020-09-10 03:00:00,1105
2020-09-11 03:00:00,1106
2020-09-12 03:00:00,1106
2020-09-13 03:00:00,1107
2020-09-14 03:00:00,1107
2020-09-15 03:00:00,1108
2020-09-16 03:00:00,1108
2020-09-17 03:00:00,1110
2020-09-18 03:00:00,1110
2020-09-19 03:00:00,1111
2020-09-20 03:00:00,1111
2020-09-21 03:00:00,1112
2020-09-22 03:00:00,1114
2020-09-23 03:00:00,1115
2020-09-24 03:00:00,1116
2020-09-25 03:00:00,1116
2020-09-26 03:00:00,1117
2020-09-27 03:00:00,1118
2020-09-28 03:00:00,1119
2020-09-29 03:00:00,1119
2020-09-30 03:00:00,1120
2020-10-01 03:00:00,1120
2020-10-02 03:00:00,1122
2020-10-03 03:00:00,1122
2020-10-04 03:00:00,1123
2020-10-05 03:00:00,1123
2020-10-06 03:00:00,1124
2020-10-07 03:00:00,1126
2020-10-08 03:00:00,1126
2020-10-09 03:00:00,1128
2020-10-10 03:00:00,1128
2020-10-11 03:00:00,1129
2020-10-12 03:00:00,1129
2020-10-13 03:00:00,1130
2020-10-14 03:00:00,1130
2020-10-15 03:00:00,1131
2020-10-16 03:00:00,1131
2020-10-17 03:00:00,1132
2020-10-18 03:00:00,1132
2020-10-19 03:00:00,1133
2020-10-20 03:00:00,1134
2020-10-21 03:00:00,1134
2020-10-22 03:00:00,1135
2020-10-23 03:00:00,1136
2020-10-24 03:00:00,1137
2020-10-25 03:00:00,1137
2020-10-26 03:00:00,1138
2020-10-27 03:00:00,1138
2020-10-28 03:00:00,1139
2020-10-29 03:00:00,1139
2020-10-30 03:00:00,1140
2020-10-31 03:00:00,1140
2020-11-01 03:00:00,1141
2020-11-02 03:00:00,1141
2020-11-03 03:00:00,1143
2020-11-04 03:00:00,1145
2020-11-05 03:00:00,1145
2020-11-06 03:00:00,1146
2020-11-07 03:00:00,1146
2020-11-08 03:00:00,1146
2020-11-09 03:00:00,1147
2020-11-10 03:00:00,1148
2020-11-11 03:00:00,1148
2020-11-12 03:00:00,1149
2020-11-13 03:00:00,1149
2020-11-14 03:00:00,1151
2020-11-15 03:00:00,1151
2020-11-16 03:00:00,1152
2020-11-17 03:00:00,1152
2020-11-18 03:00:00,1153
2020-11-19 03:00:00,1154
2020-11-20 03:00:00,1154
2020-11-21 03:00:00,1156
2020-11-22 03:00:00,1156
2020-11-23 03:00:00,1159
2020-11-24 03:00:00,1159
2020-11-25 03:00:00,1160
2020-11-26 03:00:00,1160
2020-11-27 03:00:00,1161
2020-11-28 03:00:00,1161
2020-11-29 03:00:00,1163
2020-11-30 03:00:00,1163
2020-12-01 03:00:00,1164
2020-12-02 03:00:00,1164
2020-12-03 03:00:00,1166
2020-12-04 03:00:00,1166
2020-12-05 03:00:00,1167
2020-12-06 03:00:00,1168
2020-12-07 03:00:00,1168
2020-12-08 03:00:00,1169
2020-12-09 03:00:00,1169
2020-12-10 03:00:00,1170
2020-12-11 03:00:00,1170
2020-12-12 03:00:00,1171
2020-12-13 03:00:00,1171
2020-12-14 03:00:00,1172
2020-12-15 03:00:00,1172
2020-12-16 03:00:00,1173
2020-12-17 03:00:00,1173
2020-12-18 03:00:00,1174
2020-12-19 03:00:00,1174
2020-12-20 03:00:00,1176
2020-12-21 03:00:00,1177
2020-12-22 03:00:00,1178
2020-12-23 03:00:00,1181
2020-12-24 03:00:00,1181
2020-12-25 03:00:00,1183
2020-12-26 03:00:00,1183
2020-12-27 03:00:00,1184
2020-12-28 03:00:00,1184
2020-12-29 03:00:00,1185
2020-12-30 03:00:00,1185
2020-12-31 03:00:00,1187
2021-01-01 03:00:00,1187
2021-01-02 03:00:00,1188
2021-01-03 03:00:00,1189
2021-01-04 03:00:00,1189
2021-01-05 03:00:00,1190
2021-01-06 03:00:00,1190
2021-01-07 03:00:00,1191
2021-01-08 03:00:00,1191
2021-01-09 03:00:00,1192
2021-01-10 03:00:00,1193
2021-01-11 03:00:00,1194
2021-01-12 03:00:00,1194
2021-01-13 03:00:00,1195
2021-01-14 03:00:00,1195
2021-01-15 03:00:00,1196
2021-01-16 03:00:00,1196
2021-01-17 03:00:00,1197
2021-01-18 03:00:00,1198
2021-01-19 03:00:00,1198
2021-01-20 03:00:00,1199
2021-01-21 03:00:00,1199
2021-01-22 03:00:00,1200
2021-01-23 03:00:00,1200
2021-01-24 03:00:00,1203
2021-01-25 03:00:00,
2021-01-26 03:00:00,1204
2021-01-27 03:00:00,1204
2021-01-28 03:00:00,1205
2021-01-29 03:00:00,1205
2021-01-30 03:00:00,1206
2021-01-31 03:00:00,1206
2021-02-01 03:00:00,
2021-02-02 03:00:00,1214
2021-02-03 03:00:00,1214
2021-02-04 03:00:00,1215
2021-02-05 03:00:00,
2021-02-06 03:00:00,1216
2021-02-07 03:00:00,1216
2021-02-08 03:00:00,1217
2021-02-09 03:00:00,1217
2021-02-10 03:00:00,1219
2021-02-11 03:00:00,1219
2021-02-12 03:00:00,1220
2021-02-13 03:00:00,1221
2021-02-14 03:00:00,1221
2021-02-15 03:00:00,1222
2021-02-16 03:00:00,1222
2021-02-17 03:00:00,1223
2021-02-18 03:00:00,1223
2021-02-19 03:00:00,1224
2021-02-20 03:00:00,1224
2021-02-21 03:00:00,1225
2021-02-22 03:00:00,1225
2021-02-23 03:00:00,1227
2021-02-24 03:00:00,1227
2021-02-25 03:00:00,1228
2021-02-26 03:00:00,1229
2021-02-27 03:00:00,1229
2021-02-28 03:00:00,1230
2021-03-01 03:00:00,1230
2021-03-02 03:00:00,1231
2021-03-03 03:00:00,1233
2021-03-04 03:00:00,1235
2021-03-05 03:00:00,1235
2021-03-06 03:00:00,1237
2021-03-07 03:00:00,1237
2021-03-08 03:00:00,1239
2021-03-09 03:00:00,1239
2021-03-10 03:00:00,1240
2021-03-11 03:00:00,1241
2021-03-12 03:00:00,1241
2021-03-13 03:00:00,1241
2021-03-14 03:00:00,1242
2021-03-15 03:00:00,1243
2021-03-16 03:00:00,1243
2021-03-17 03:00:00,1244
2021-03-18 03:00:00,
2021-03-19 03:00:00,1245
2021-03-20 03:00:00,1245
2021-03-21 03:00:00,1246
2021-03-22 03:00:00,1246
2021-03-23 03:00:00,1247
2021-03-24 03:00:00,1247
2021-03-25 03:00:00,1248
2021-03-26 03:00:00,1248
2021-03-27 03:00:00,1249
2021-03-28 03:00:00,1249
2021-03-29 03:00:00,1250
2021-03-30 03:00:00,1251
2021-03-31 03:00:00,1251
2021-04-01 03:00:00,1252
2021-04-02 03:00:00,1252
2021-04-03 03:00:00,1253
2021-04-04 03:00:00,1253
2021-04-05 03:00:00,1254
2021-04-06 03:00:00,1254
2021-04-07 03:00:00,1256
2021-04-08 03:00:00,1256
2021-04-09 03:00:00,1257
2021-04-10 03:00:00,1258
2021-04-11 03:00:00,1258
2021-04-12 03:00:00,1259
2021-04-13 03:00:00,1259
2021-04-14 03:00:00,1260
2021-04-15 03:00:00,1260
2021-04-16 03:00:00,1261
2021-04-17 03:00:00,1261
2021-04-18 03:00:00,1263
2021-04-19 03:00:00,1263
2021-04-20 03:00:00,1264
2021-04-21 03:00:00,1264
2021-04-22 03:00:00,1266
2021-04-23 03:00:00,1266
2021-04-24 03:00:00,1267
2021-04-25 03:00:00,1268
2021-04-26 03:00:00,1268
2021-04-27 03:00:00,1269
2021-04-28 03:00:00,1270
2021-04-29 03:00:00,1271
2021-04-30 03:00:00,1271
2021-05-01 03:00:00,1272
2021-05-02 03:00:00,1272
2021-05-03 03:00:00,1273
2021-05-04 03:00:00,1273
2021-05-05 03:00:00,1274
2021-05-06 03:00:00,1274
2021-05-07 03:00:00,1275
2021-05-08 03:00:00,1275
2021-05-09 03:00:00,1276
2021-05-10 03:00:00,1277
2021-05-11 03:00:00,1277
2021-05-12 03:00:00,1280
2021-05-13 03:00:00,1280
2021-05-14 03:00:00,1282
2021-05-15 03:00:00,1282
2021-05-16 03:00:00,1283
2021-05-17 03:00:00,1283
2021-05-18 03:00:00,1284
2021-05-19 03:00:00,1284
2021-05-20 03:00:00,1285
2021-05-21 03:00:00,1286
2021-05-22 03:00:00,1286
2021-05-23 03:00:00,1287
2021-05-24 03:00:00,1287
2021-05-25 03:00:00,1288
2021-05-26 03:00:00,1288
2021-05-27 03:00:00,1289
2021-05-28 03:00:00,1289
2021-05-29 03:00:00,1290
2021-05-30 03:00:00,1290
2021-05-31 03:00:00,1291
2021-06-01 03:00:00,1292
2021-06-02 03:00:00,1292
2021-06-03 03:00:00,1292
2021-06-04 03:00:00,1293
2021-06-05 03:00:00,1294
2021-06-06 03:00:00,1294
2021-06-07 03:00:00,1296
2021-06-08 03:00:00,1296
2021-06-09 03:00:00,1297
2021-06-10 03:00:00,1299
2021-06-11 03:00:00,1301
2021-06-12 03:00:00,1301
2021-06-13 03:00:00,1301
2021-06-14 03:00:00,1301
2021-06-15 03:00:00,1301
2021-06-16 03:00:00,1301
2021-06-17 03:00:00,1301
2021-06-18 03:00:00,1301
2021-06-19 03:00:00,1301
2021-06-20 03:00:00,1301
2021-06-21 03:00:00,1301
2021-06-22 03:00:00,1301
2021-06-23 03:00:00,1301
2021-06-24 03:00:00,1301
2021-06-25 03:00:00,1301
2021-06-26 03:00:00,1301
2021-06-27 03:00:00,1301
2021-06-28 03:00:00,1301
2021-06-29 03:00:00,1302
2021-06-30 03:00:00,1303
2021-07-01 03:00:00,1304
2021-07-02 03:00:00,1304
2021-07-03 03:00:00,0
2021-07-04 03:00:00,0
2021-07-05 03:00:00,1308
2021-07-06 03:00:00,1308
2021-07-07 03:00:00,1309
2021-07-08 03:00:00,1309
2021-07-09 03:00:00,1310
2021-07-10 03:00:00,1310
2021-07-11 03:00:00,1312
2021-07-12 03:00:00,1312
2021-07-13 03:00:00,0
2021-07-14 03:00:00,0
2021-07-15 03:00:00,0
2021-07-16 03:00:00,0
2021-07-17 03:00:00,0
2021-07-18 03:00:00,0
2021-07-19 03:00:00,0
2021-07-20 03:00:00,1316
2021-07-21 03:00:00,1316
2021-07-22 03:00:00,1317
2021-07-23 03:00:00,1318
2021-07-24 03:00:00,1318
2021-07-25 03:00:00,1318
2021-07-26 03:00:00,1318
2021-07-27 03:00:00,1318
2021-07-28 03:00:00,1318
2021-07-29 03:00:00,1319
2021-07-30 03:00:00,1323
2021-07-31 03:00:00,1326
2021-08-01 03:00:00,1326
2021-08-02 03:00:00,1327
2021-08-03 03:00:00,1327
2021-08-04 03:00:00,1329
2021-08-05 03:00:00,1329
2021-08-06 03:00:00,1330
2021-08-07 03:00:00,1330
2021-08-08 03:00:00,1330
2021-08-09 03:00:00,1330
2021-08-10 03:00:00,0
2021-08-11 03:00:00,0
2021-08-12 03:00:00,1
2021-08-13 03:00:00,1
2021-08-14 03:00:00,1
2021-08-15 03:00:00,2
2021-08-16 03:00:00,3
2021-08-17 03:00:00,4
2021-08-18 03:00:00,4
2021-08-19 03:00:00,5
2021-08-20 03:00:00,5
2021-08-21 03:00:00,6
2021-08-22 03:00:00,7
2021-08-23 03:00:00,8
2021-08-24 03:00:00,8
2021-08-25 03:00:00,9
2021-08-26 03:00:00,10
2021-08-27 03:00:00,10
2021-08-28 03:00:00,13
2021-08-29 03:00:00,13
2021-08-30 03:00:00,14
2021-08-31 03:00:00,14
2021-09-01 03:00:00,15
2021-09-02 03:00:00,15
2021-09-03 03:00:00,16
2021-09-04 03:00:00,16
2021-09-05 03:00:00,1
2021-09-06 03:00:00,1
2021-09-07 03:00:00,2
2021-09-08 03:00:00,0
2021-09-09 03:00:00,0
2021-09-10 03:00:00,0
2021-09-11 03:00:00,0
2021-09-12 03:00:00,0
2021-09-13 03:00:00,1332
2021-09-14 03:00:00,1333
2021-09-15 03:00:00,1333
2021-09-16 03:00:00,1336
2021-09-17 03:00:00,1336
2021-09-18 03:00:00,1336
2021-09-19 03:00:00,1336
2021-09-20 03:00:00,1336
2021-09-21 03:00:00,1336
2021-09-22 03:00:00,1336
2021-09-23 03:00:00,1336
2021-09-24 03:00:00,1337
2021-09-25 03:00:00,0
2021-09-26 03:00:00,0
2021-09-27 03:00:00,0
2021-09-28 03:00:00,1339
2021-09-29 03:00:00,1342
2021-09-30 03:00:00,1342
2021-10-01 03:00:00,1343
2021-10-02 03:00:00,1343
2021-10-03 03:00:00,1344
2021-10-04 03:00:00,1344
2021-10-05 03:00:00,1345
2021-10-06 03:00:00,1345
2021-10-07 03:00:00,1345
2021-10-08 03:00:00,1345
2021-10-09 03:00:00,1346
2021-10-10 03:00:00,1347
2021-10-11 03:00:00,1349
2021-10-12 03:00:00,1350
2021-10-13 03:00:00,1350
2021-10-14 03:00:00,1350
2021-10-15 03:00:00,1354
2021-10-16 03:00:00,1356
2021-10-17 03:00:00,1356
2021-10-18 03:00:00,1358
2021-10-19 03:00:00,1358
2021-10-20 03:00:00,1361
2021-10-21 03:00:00,1362
2021-10-22 03:00:00,1363
2021-10-23 03:00:00,1363
2021-10-24 03:00:00,1364
2021-10-25 03:00:00,1364
2021-10-26 03:00:00,1365
2021-10-27 03:00:00,1365
2021-10-28 03:00:00,1367
2021-10-29 03:00:00,1369
2021-10-30 03:00:00,1369
2021-10-31 03:00:00,1370
2021-11-01 03:00:00,1370
2021-11-02 03:00:00,1373
2021-11-03 03:00:00,1373
2021-11-04 03:00:00,1374
2021-11-05 03:00:00,1374
2021-11-06 03:00:00,1376
2021-11-07 03:00:00,1376
2021-11-08 03:00:00,1377
2021-11-09 03:00:00,1377
2021-11-10 03:00:00,1377
2021-11-11 03:00:00,1377
2021-11-12 03:00:00,1377
2021-11-13 03:00:00,1378
2021-11-14 03:00:00,1378
2021-11-15 03:00:00,1379
2021-11-16 03:00:00,1380
2021-11-17 03:00:00,1381
2021-11-18 03:00:00,1381
2021-11-19 03:00:00,1382
2021-11-20 03:00:00,1382
2021-11-21 03:00:00,1383
2021-11-22 03:00:00,1383
2021-11-23 03:00:00,1385
2021-11-24 03:00:00,1385
2021-11-25 03:00:00,1386
2021-11-26 03:00:00,1386
2021-11-27 03:00:00,1387
2021-11-28 03:00:00,1387
2021-11-29 03:00:00,3778
2021-11-30 03:00:00,1389
2021-12-01 03:00:00,1390
2021-12-02 03:00:00,1391
2021-12-03 03:00:00,1391
2021-12-04 03:00:00,1391
2021-12-05 03:00:00,1393
2021-12-06 03:00:00,1394
2021-12-07 03:00:00,1395
2021-12-08 03:00:00,1396
2021-12-09 03:00:00,1396
2021-12-10 03:00:00,1397
2021-12-11 03:00:00,1397
2021-12-12 03:00:00,1397
2021-12-13 03:00:00,1397
2021-12-14 03:00:00,1397
2021-12-15 03:00:00,1398
2021-12-16 03:00:00,1398
2021-12-17 03:00:00,1398
2021-12-18 03:00:00,1399
2021-12-19 03:00:00,1399
2021-12-20 03:00:00,1400
2021-12-21 03:00:00,1401
2021-12-22 03:00:00,1401
2021-12-23 03:00:00,1401
2021-12-24 03:00:00,1401
2021-12-25 03:00:00,1402
2021-12-26 03:00:00,1402
2021-12-27 03:00:00,1403
2021-12-28 03:00:00,1404
2021-12-29 03:00:00,0
2021-12-30 03:00:00,2
2021-12-31 03:00:00,3
2022-01-01 03:00:00,3
2022-01-02 03:00:00,6
2022-01-03 03:00:00,6
2022-01-04 03:00:00,7
2022-01-05 03:00:00,7
2022-01-06 03:00:00,7
2022-01-07 03:00:00,8
2022-01-08 03:00:00,8
2022-01-09 03:00:00,9
2022-01-10 03:00:00,9
2022-01-11 03:00:00,9
2022-01-12 03:00:00,9
2022-01-13 03:00:00,9
2022-01-14 03:00:00,9
2022-01-15 03:00:00,10
2022-01-16 03:00:00,10
2022-01-17 03:00:00,11
2022-01-18 03:00:00,11
2022-01-19 03:00:00,12
2022-01-20 03:00:00,13
2022-01-21 03:00:00,14
2022-01-22 03:00:00,14
2022-01-23 03:00:00,14
2022-01-24 03:00:00,14
2022-01-25 03:00:00,14
2022-01-26 03:00:00,15
2022-01-27 03:00:00,15
2022-01-28 03:00:00,16
2022-01-29 03:00:00,16
2022-01-30 03:00:00,17
2022-01-31 03:00:00,17
2022-02-01 03:00:00,0
2022-02-02 03:00:00,0
2022-02-03 03:00:00,1
2022-02-04 03:00:00,1
2022-02-05 03:00:00,2
2022-02-06 03:00:00,2
2022-02-07 03:00:00,4
2022-02-08 03:00:00,4
2022-02-09 03:00:00,4
2022-02-10 03:00:00,0
2022-02-11 03:00:00,0
2022-02-12 03:00:00,0
2022-02-13 03:00:00,0
2022-02-14 03:00:00,0
2022-02-15 03:00:00,0
2022-02-16 03:00:00,0
2022-02-17 03:00:00,1
2022-02-18 03:00:00,3
2022-02-19 03:00:00,3
2022-02-20 03:00:00,4
2022-02-21 03:00:00,4
2022-02-22 03:00:00,1433
2022-02-23 03:00:00,1433
2022-02-24 03:00:00,1434
2022-02-25 03:00:00,1435
2022-02-26 03:00:00,1435
2022-02-27 03:00:00,1435
2022-02-28 03:00:00,1436
2022-03-01 03:00:00,1437
2022-03-02 03:00:00,1437
2022-03-03 03:00:00,1438
2022-03-04 03:00:00,1438
2022-03-05 03:00:00,1439
2022-03-06 03:00:00,1439
2022-03-07 03:00:00,1441
2022-03-08 03:00:00,1443
2022-03-09 03:00:00,1443
2022-03-10 03:00:00,1443
2022-03-11 03:00:00,1443
2022-03-12 03:00:00,1443
2022-03-13 03:00:00,1443
2022-03-14 03:00:00,1443
2022-03-15 03:00:00,1443
2022-03-16 03:00:00,1443
2022-03-17 03:00:00,1443
2022-03-18 03:00:00,1444
2022-03-19 03:00:00,1444
2022-03-20 03:00:00,1445
2022-03-21 03:00:00,1445
2022-03-22 03:00:00,1446
2022-03-23 03:00:00,1446
2022-03-24 03:00:00,1446
2022-03-25 03:00:00,1446
2022-03-26 03:00:00,1446
2022-03-27 03:00:00,1447
2022-03-28 03:00:00,1447
2022-03-29 03:00:00,1448
2022-03-30 03:00:00,1448
2022-03-31 03:00:00,0
2022-04-01 03:00:00,0
2022-04-02 03:00:00,0
2022-04-03 03:00:00,0
2022-04-04 03:00:00,0
2022-04-05 03:00:00,0
2022-04-06 03:00:00,0
2022-04-07 03:00:00,0
2022-04-08 03:00:00,0
2022-04-09 03:00:00,0
2022-04-10 03:00:00,0
2022-04-11 03:00:00,0
2022-04-12 03:00:00,0
2022-04-13 03:00:00,2
2022-04-14 03:00:00,3
2022-04-15 03:00:00,4
2022-04-16 03:00:00,4
2022-04-17 03:00:00,1454
2022-04-18 03:00:00,1455
2022-04-19 03:00:00,1455
2022-04-20 03:00:00,1456
2022-04-21 03:00:00,1456
2022-04-22 03:00:00,1457
2022-04-23 03:00:00,1457
2022-04-24 03:00:00,1458
2022-04-25 03:00:00,1458
2022-04-26 03:00:00,1458
2022-04-27 03:00:00,1458
2022-04-28 03:00:00,1458
2022-04-29 03:00:00,1458
2022-04-30 03:00:00,1458
2022-05-01 03:00:00,1458
2022-05-02 03:00:00,1458
2022-05-03 03:00:00,1460
2022-05-04 03:00:00,1460
2022-05-05 03:00:00,1461
2022-05-06 03:00:00,1461
2022-05-07 03:00:00,0
2022-05-08 03:00:00,0
2022-05-09 03:00:00,0
2022-05-10 03:00:00,0
2022-05-11 03:00:00,0
2022-05-12 03:00:00,0
2022-05-13 03:00:00,1
2022-05-14 03:00:00,0
2022-05-15 03:00:00,0
2022-05-16 03:00:00,0
2022-05-17 03:00:00,0
2022-05-18 03:00:00,0
2022-05-19 03:00:00,0
2022-05-20 03:00:00,0
2022-05-21 03:00:00,0
2022-05-22 03:00:00,0
2022-05-23 03:00:00,0
2022-05-24 03:00:00,1464
2022-05-25 03:00:00,1464
2022-05-26 03:00:00,1465
2022-05-27 03:00:00,1466
2022-05-28 03:00:00,1467
2022-05-29 03:00:00,1467
2022-05-30 03:00:00,1468
2022-05-31 03:00:00,1468
2022-06-01 03:00:00,1469
2022-06-02 03:00:00,1470
2022-06-03 03:00:00,1470
2022-06-04 03:00:00,1473
2022-06-05 03:00:00,1474
2022-06-06 03:00:00,1475
2022-06-07 03:00:00,1475
2022-06-08 03:00:00,1476
2022-06-09 03:00:00,1476
2022-06-10 03:00:00,1477
2022-06-11 03:00:00,1477
2022-06-12 03:00:00,1480
2022-06-13 03:00:00,1480
2022-06-14 03:00:00,1482
2022-06-15 03:00:00,1482
2022-06-16 03:00:00,1483
2022-06-17 03:00:00,1483
2022-06-18 03:00:00,1484
2022-06-19 03:00:00,1485
2022-06-20 03:00:00,1485
2022-06-21 03:00:00,1485
2022-06-22 03:00:00,1486
2022-06-23 03:00:00,1487
2022-06-24 03:00:00,1487
2022-06-25 03:00:00,1489
2022-06-26 03:00:00,1489
2022-06-27 03:00:00,1490
2022-06-28 03:00:00,1490
2022-06-29 03:00:00,1493
2022-06-30 03:00:00,1493
2022-07-01 03:00:00,1494
2022-07-02 03:00:00,1494
2022-07-03 03:00:00,1495
2022-07-04 03:00:00,1495
2022-07-05 03:00:00,1496
2022-07-06 03:00:00,1497
2022-07-07 03:00:00,1498
2022-07-08 03:00:00,1498
2022-07-09 03:00:00,1499
2022-07-10 03:00:00,1499
2022-07-11 03:00:00,1500
2022-07-12 03:00:00,1500
2022-07-13 03:00:00,1501
2022-07-14 03:00:00,1503
2022-07-15 03:00:00,1503
2022-07-16 03:00:00,1504
2022-07-17 03:00:00,1504
2022-07-18 03:00:00,1504
2022-07-19 03:00:00,1504
2022-07-20 03:00:00,1505
2022-07-21 03:00:00,1505
2022-07-22 03:00:00,0
2022-07-23 03:00:00,0
2022-07-24 03:00:00,0
2022-07-25 03:00:00,0
2022-07-26 03:00:00,0
2022-07-27 03:00:00,0
2022-07-28 03:00:00,1
2022-07-29 03:00:00,1
2022-07-30 03:00:00,0
2022-07-31 03:00:00,0
2022-08-01 03:00:00,0
2022-08-02 03:00:00,0
2022-08-03 03:00:00,0
2022-08-04 03:00:00,0
2022-08-05 03:00:00,0
2022-08-06 03:00:00,1
2022-08-07 03:00:00,1
2022-08-08 03:00:00,0
2022-08-09 03:00:00,0
2022-08-10 03:00:00,0
2022-08-11 03:00:00,1
2022-08-12 03:00:00,0
2022-08-13 03:00:00,0
2022-08-14 03:00:00,0
2022-08-15 03:00:00,0
2022-08-16 03:00:00,1
2022-08-17 03:00:00,1
2022-08-18 03:00:00,2
2022-08-19 03:00:00,2
2022-08-20 03:00:00,3
2022-08-21 03:00:00,3
2022-08-22 03:00:00,3
2022-08-23 03:00:00,4
2022-08-24 03:00:00,4
2022-08-25 03:00:00,4
2022-08-26 03:00:00,4
2022-08-27 03:00:00,4
2022-08-28 03:00:00,4
2022-08-29 03:00:00,4
2022-08-30 03:00:00,4
2022-08-31 03:00:00,4
2022-09-01 03:00:00,4
2022-09-02 03:00:00,4
2022-09-03 03:00:00,4
2022-09-04 03:00:00,4
2022-09-05 03:00:00,5
2022-09-06 03:00:00,5
2022-09-07 03:00:00,5
2022-09-08 03:00:00,6
2022-09-09 03:00:00,7
2022-09-10 03:00:00,7
2022-09-11 03:00:00,7
2022-09-12 03:00:00,7
2022-09-13 03:00:00,7
2022-09-14 03:00:00,7
2022-09-15 03:00:00,8
2022-09-16 03:00:00,8
2022-09-17 03:00:00,0
2022-09-18 03:00:00,0
2022-09-19 03:00:00,0
2022-09-20 03:00:00,0
2022-09-21 03:00:00,1
2022-09-22 03:00:00,1
2022-09-23 03:00:00,3
2022-09-24 03:00:00,1539
2022-09-25 03:00:00,1539
2022-09-26 03:00:00,1540
2022-09-27 03:00:00,1540
2022-09-28 03:00:00,1541
2022-09-29 03:00:00,1541
2022-09-30 03:00:00,1542
2022-10-01 03:00:00,1542
2022-10-02 03:00:00,1543
2022-10-03 03:00:00,1543
2022-10-04 03:00:00,1544
2022-10-05 03:00:00,1544
2022-10-06 03:00:00,1545
2022-10-07 03:00:00,1545
2022-10-08 03:00:00,1546
2022-10-09 03:00:00,1547
2022-10-10 03:00:00,1547
2022-10-11 03:00:00,1547
2022-10-12 03:00:00,
2022-10-13 03:00:00,1549
2022-10-14 03:00:00,1549
2022-10-15 03:00:00,0
2022-10-16 03:00:00,0
2022-10-17 03:00:00,1
2022-10-18 03:00:00,1
2022-10-19 03:00:00,1
2022-10-20 03:00:00,1
2022-10-21 03:00:00,3
2022-10-22 03:00:00,3
2022-10-23 03:00:00,5
2022-10-24 03:00:00,5
2022-10-25 03:00:00,6
2022-10-26 03:00:00,6
2022-10-27 03:00:00,7
2022-10-28 03:00:00,8
2022-10-29 03:00:00,8
2022-10-30 03:00:00,9
2022-10-31 03:00:00,9
2022-11-01 03:00:00,10
2022-11-02 03:00:00,10
2022-11-03 03:00:00,11
2022-11-04 03:00:00,11
2022-11-05 03:00:00,14
2022-11-06 03:00:00,14
2022-11-07 03:00:00,15
2022-11-08 03:00:00,15
2022-11-09 03:00:00,16
2022-11-10 03:00:00,1564
2022-11-11 03:00:00,1565
2022-11-12 03:00:00,1565
2022-11-13 03:00:00,1566
2022-11-14 03:00:00,1568
2022-11-15 03:00:00,1568
2022-11-16 03:00:00,1569
2022-11-17 03:00:00,1569
2022-11-18 03:00:00,1570
2022-11-19 03:00:00,1570
2022-11-20 03:00:00,1571
2022-11-21 03:00:00,1571
2022-11-22 03:00:00,1572
2022-11-23 03:00:00,1572
2022-11-24 03:00:00,1573
2022-11-25 03:00:00,1573
2022-11-26 03:00:00,1574
2022-11-27 03:00:00,1576
2022-11-28 03:00:00,1576
2022-11-29 03:00:00,1577
2022-11-30 03:00:00,1577
2022-12-01 03:00:00,1577
2022-12-02 03:00:00,4411
2022-12-03 03:00:00,1580
2022-12-04 03:00:00,1580
2022-12-05 03:00:00,1581
2022-12-06 03:00:00,1581
2022-12-07 03:00:00,1582
2022-12-08 03:00:00,1582
2022-12-09 03:00:00,1583
2022-12-10 03:00:00,1583
2022-12-11 03:00:00,1585
2022-12-12 03:00:00,1585
2022-12-13 03:00:00,1586
2022-12-14 03:00:00,1586
2022-12-15 03:00:00,1589
2022-12-16 03:00:00,1589
2022-12-17 03:00:00,1590
2022-12-18 03:00:00,1590
2022-12-19 03:00:00,1591
2022-12-20 03:00:00,1592
2022-12-21 03:00:00,1592
2022-12-22 03:00:00,1593
2022-12-23 03:00:00,1593
2022-12-24 03:00:00,1594
2022-12-25 03:00:00,1594
2022-12-26 03:00:00,1595
2022-12-27 03:00:00,1595
2022-12-28 03:00:00,1596
2022-12-29 03:00:00,1596
2022-12-30 03:00:00,1597
2022-12-31 03:00:00,1597
2023-01-01 03:00:00,1598
2023-01-02 03:00:00,1598
2023-01-03 03:00:00,1599
2023-01-04 03:00:00,1600
2023-01-05 03:00:00,1600
2023-01-06 03:00:00,1601
2023-01-07 03:00:00,1601
2023-01-08 03:00:00,1602
2023-01-09 03:00:00,1602
2023-01-10 03:00:00,1603
2023-01-11 03:00:00,1605
2023-01-12 03:00:00,1605
2023-01-13 03:00:00,1605
2023-01-14 03:00:00,1606
2023-01-15 03:00:00,1606
2023-01-16 03:00:00,1607
2023-01-17 03:00:00,1608
2023-01-18 03:00:00,1608
2023-01-19 03:00:00,1608
2023-01-20 03:00:00,1609
2023-01-21 03:00:00,1611
2023-01-22 03:00:00,1611
2023-01-23 03:00:00,1613
2023-01-24 03:00:00,1613
2023-01-25 03:00:00,1614
2023-01-26 03:00:00,1614
2023-01-27 03:00:00,1615
2023-01-28 03:00:00,1615
2023-01-29 03:00:00,1616
2023-01-30 03:00:00,1616
2023-01-31 03:00:00,1617
2023-02-01 03:00:00,1618
2023-02-02 03:00:00,1618
2023-02-03 03:00:00,1618
2023-02-04 03:00:00,1619
2023-02-05 03:00:00,1620
2023-02-06 03:00:00,1620
2023-02-07 03:00:00,1621
2023-02-08 03:00:00,1621
2023-02-09 03:00:00,1622
2023-02-10 03:00:00,1622
2023-02-11 03:00:00,1623
2023-02-12 03:00:00,1624
2023-02-13 03:00:00,1624
2023-02-14 03:00:00,1625
2023-02-15 03:00:00,1625
2023-02-16 03:00:00,1625
2023-02-17 03:00:00,1627
2023-02-18 03:00:00,1628
2023-02-19 03:00:00,1628
2023-02-20 03:00:00,1629
2023-02-21 03:00:00,1629
2023-02-22 03:00:00,1630
2023-02-23 03:00:00,
2023-02-24 03:00:00,1631
2023-02-25 03:00:00,
2023-02-26 03:00:00,1632
2023-02-27 03:00:00,1632
2023-02-28 03:00:00,1633
2023-03-01 03:00:00,1633
2023-03-02 03:00:00,1635
2023-03-03 03:00:00,1636
2023-03-04 03:00:00,1636
2023-03-05 03:00:00,1636
2023-03-06 03:00:00,1637
2023-03-07 03:00:00,1638
2023-03-08 03:00:00,1638
2023-03-09 03:00:00,1639
2023-03-10 03:00:00,1639
2023-03-11 03:00:00,1640
2023-03-12 03:00:00,1640
2023-03-13 03:00:00,1641
2023-03-14 03:00:00,1641
2023-03-15 03:00:00,1642
2023-03-16 03:00:00,1642
2023-03-17 03:00:00,1643
2023-03-18 03:00:00,1644
2023-03-19 03:00:00,1644
2023-03-20 03:00:00,1645
2023-03-21 03:00:00,1645
2023-03-22 03:00:00,1646
2023-03-23 03:00:00,1646
2023-03-24 03:00:00,1647
2023-03-25 03:00:00,1647
2023-03-26 03:00:00,1649
2023-03-27 03:00:00,1649
2023-03-28 03:00:00,1650
2023-03-29 03:00:00,1650
2023-03-30 03:00:00,1651
2023-03-31 03:00:00,1652
2023-04-01 03:00:00,1652
2023-04-02 03:00:00,1652
2023-04-03 03:00:00,1653
2023-04-04 03:00:00,1653
2023-04-05 03:00:00,1654
2023-04-06 03:00:00,1655
2023-04-07 03:00:00,1655
2023-04-08 03:00:00,1656
2023-04-09 03:00:00,1656
2023-04-10 03:00:00,1657
2023-04-11 03:00:00,1657
2023-04-12 03:00:00,1658
2023-04-13 03:00:00,1659
2023-04-14 03:00:00,1659
2023-04-15 03:00:00,1659
2023-04-16 03:00:00,1660
2023-04-17 03:00:00,1660
2023-04-18 03:00:00,1661
2023-04-19 03:00:00,1661
2023-04-20 03:00:00,1662
2023-04-21 03:00:00,1663
2023-04-22 03:00:00,1663
2023-04-23 03:00:00,1664
2023-04-24 03:00:00,1664
2023-04-25 03:00:00,1665
2023-04-26 03:00:00,1665
2023-04-27 03:00:00,1666
2023-04-28 03:00:00,1666
2023-04-29 03:00:00,1667
2023-04-30 03:00:00,1667
2023-05-01 03:00:00,1668
2023-05-02 03:00:00,1668
2023-05-03 03:00:00,1669
2023-05-04 03:00:00,1670
2023-05-05 03:00:00,1670
2023-05-06 03:00:00,1673
2023-05-07 03:00:00,1673
2023-05-08 03:00:00,1674
2023-05-09 03:00:00,1674
2023-05-10 03:00:00,1675
2023-05-11 03:00:00,1675
2023-05-12 03:00:00,1676
2023-05-13 03:00:00,1676
2023-05-14 03:00:00,1677
2023-05-15 03:00:00,1677
2023-05-16 03:00:00,1678
2023-05-17 03:00:00,1678
2023-05-18 03:00:00,1679
2023-05-19 03:00:00,1680
2023-05-20 03:00:00,1680
2023-05-21 03:00:00,1681
2023-05-22 03:00:00,
2023-05-23 03:00:00,1682
2023-05-24 03:00:00,1682
2023-05-25 03:00:00,1683
2023-05-26 03:00:00,1683
2023-05-27 03:00:00,1684
2023-05-28 03:00:00,1684
2023-05-29 03:00:00,1686
2023-05-30 03:00:00,1687
2023-05-31 03:00:00,
2023-06-01 03:00:00,1690
2023-06-02 03:00:00,1690
2023-06-03 03:00:00,1690
2023-06-04 03:00:00,1691
2023-06-05 03:00:00,1693
2023-06-06 03:00:00,1693
2023-06-07 03:00:00,1694
2023-06-08 03:00:00,1694
2023-06-09 03:00:00,1695
2023-06-10 03:00:00,1695
2023-06-11 03:00:00,1696
2023-06-12 03:00:00,1696
2023-06-13 03:00:00,1697
2023-06-14 03:00:00,1697
2023-06-15 03:00:00,1698
2023-06-16 03:00:00,1699
2023-06-17 03:00:00,1700
2023-06-18 03:00:00,1702
2023-06-19 03:00:00,1702
2023-06-20 03:00:00,1706
2023-06-21 03:00:00,1706
2023-06-22 03:00:00,1707
2023-06-23 03:00:00,1707
2023-06-24 03:00:00,1708
2023-06-25 03:00:00,1708
2023-06-26 03:00:00,1711
2023-06-27 03:00:00,1711
2023-06-28 03:00:00,1712
2023-06-29 03:00:00,1712
2023-06-30 03:00:00,1715
2023-07-01 03:00:00,1715
2023-07-02 03:00:00,1716
2023-07-03 03:00:00,1717
2023-07-04 03:00:00,1717
2023-07-05 03:00:00,1718
2023-07-06 03:00:00,1718
2023-07-07 03:00:00,1719
2023-07-08 03:00:00,1719
2023-07-09 03:00:00,1721
2023-07-10 03:00:00,1721
2023-07-11 03:00:00,1723
2023-07-12 03:00:00,1723
2023-07-13 03:00:00,1725
2023-07-14 03:00:00,1725
2023-07-15 03:00:00,1726
2023-07-16 03:00:00,1727
2023-07-17 03:00:00,1727
2023-07-18 03:00:00,1728
2023-07-19 03:00:00,1728
2023-07-20 03:00:00,1729
2023-07-21 03:00:00,1729
2023-07-22 03:00:00,1731
2023-07-23 03:00:00,1731
2023-07-24 03:00:00,1732
2023-07-25 03:00:00,1732
2023-07-26 03:00:00,0
2023-07-27 03:00:00,0
2023-07-28 03:00:00,0
2023-07-29 03:00:00,0
2023-07-30 03:00:00,1
2023-07-31 03:00:00,2
2023-08-01 03:00:00,2
2023-08-02 03:00:00,2
2023-08-03 03:00:00,2
2023-08-04 03:00:00,2
2023-08-05 03:00:00,2
2023-08-06 03:00:00,2
2023-08-07 03:00:00,2
2023-08-08 03:00:00,2
2023-08-09 03:00:00,2
2023-08-10 03:00:00,2
2023-08-11 03:00:00,2
2023-08-12 03:00:00,2
2023-08-13 03:00:00,2
2023-08-14 03:00:00,2
2023-08-15 03:00:00,2
2023-08-16 03:00:00,2
2023-08-17 03:00:00,2
2023-08-18 03:00:00,2
2023-08-19 03:00:00,3
2023-08-20 03:00:00,3
2023-08-21 03:00:00,4
2023-08-22 03:00:00,4
2023-08-23 03:00:00,0
2023-08-24 03:00:00,0
2023-08-25 03:00:00,0
2023-08-26 03:00:00,0
2023-08-27 03:00:00,0
2023-08-28 03:00:00,0
2023-08-29 03:00:00,0
2023-08-30 03:00:00,0
2023-08-31 03:00:00,0
2023-09-01 03:00:00,0
2023-09-02 03:00:00,0
2023-09-03 03:00:00,0
2023-09-04 03:00:00,0
2023-09-05 03:00:00,0
2023-09-06 03:00:00,0
2023-09-07 03:00:00,0
2023-09-08 03:00:00,0
2023-09-09 03:00:00,0
2023-09-10 03:00:00,0
2023-09-11 03:00:00,0
2023-09-12 03:00:00,0
2023-09-13 03:00:00,0
2023-09-14 03:00:00,0
2023-09-15 03:00:00,0
2023-09-16 03:00:00,0
2023-09-17 03:00:00,0
2023-09-18 03:00:00,0
2023-09-19 03:00:00,0
2023-09-20 03:00:00,0
2023-09-21 03:00:00,0
2023-09-22 03:00:00,0
2023-09-23 03:00:00,0
2023-09-24 03:00:00,0
2023-09-25 03:00:00,0
2023-09-26 03:00:00,1735
2023-09-27 03:00:00,1736
2023-09-28 03:00:00,1736
2023-09-29 03:00:00,1738
2023-09-30 03:00:00,1738
2023-10-01 03:00:00,1739
2023-10-02 03:00:00,1739
2023-10-03 03:00:00,1740
2023-10-04 03:00:00,1742
2023-10-05 03:00:00,1742
2023-10-06 03:00:00,1743
2023-10-07 03:00:00,1743
2023-10-08 03:00:00,1744
2023-10-09 03:00:00,1744
2023-10-10 03:00:00,1744
2023-10-11 03:00:00,4945
2023-10-12 03:00:00,1747
2023-10-13 03:00:00,1747
2023-10-14 03:00:00,1748
2023-10-15 03:00:00,1748
2023-10-16 03:00:00,1749
2023-10-17 03:00:00,1749
2023-10-18 03:00:00,1750
2023-10-19 03:00:00,1750
2023-10-20 03:00:00,1751
2023-10-21 03:00:00,1752
2023-10-22 03:00:00,1752
2023-10-23 03:00:00,1754
2023-10-24 03:00:00,1754
2023-10-25 03:00:00,1755
2023-10-26 03:00:00,1755
2023-10-27 03:00:00,1758
2023-10-28 03:00:00,1758
2023-10-29 03:00:00,1759
2023-10-30 03:00:00,1759
2023-10-31 03:00:00,1761
2023-11-01 03:00:00,1764
2023-11-02 03:00:00,1764
2023-11-03 03:00:00,1764
2023-11-04 03:00:00,1765
2023-11-05 03:00:00,1765
2023-11-06 03:00:00,1767
2023-11-07 03:00:00,1768
2023-11-08 03:00:00,1768
2023-11-09 03:00:00,1769
2023-11-10 03:00:00,1769
2023-11-11 03:00:00,1769
2023-11-12 03:00:00,
2023-11-13 03:00:00,1773
2023-11-14 03:00:00,1773
2023-11-15 03:00:00,1774
2023-11-16 03:00:00,1774
2023-11-17 03:00:00,1775
2023-11-18 03:00:00,1775
2023-11-19 03:00:00,1776
2023-11-20 03:00:00,1776
2023-11-21 03:00:00,1778
2023-11-22 03:00:00,1778
2023-11-23 03:00:00,1779
2023-11-24 03:00:00,1780
2023-11-25 03:00:00,1780
2023-11-26 03:00:00,1781
2023-11-27 03:00:00,1781
2023-11-28 03:00:00,1782
2023-11-29 03:00:00,1782
2023-11-30 03:00:00,1783
2023-12-01 03:00:00,1783
2023-12-02 03:00:00,1786
2023-12-03 03:00:00,1786
2023-12-04 03:00:00,1790
2023-12-05 03:00:00,1790
2023-12-06 03:00:00,1791
2023-12-07 03:00:00,1791
2023-12-08 03:00:00,1793
2023-12-09 03:00:00,1794
2023-12-10 03:00:00,1794
2023-12-11 03:00:00,1795
2023-12-12 03:00:00,1795
2023-12-13 03:00:00,1796
2023-12-14 03:00:00,1796
2023-12-15 03:00:00,1798
2023-12-16 03:00:00,1798
2023-12-17 03:00:00,1799
2023-12-18 03:00:00,1799
2023-12-19 03:00:00,1800
2023-12-20 03:00:00,1801
2023-12-21 03:00:00,1802
2023-12-22 03:00:00,1802
2023-12-23 03:00:00,1804
2023-12-24 03:00:00,1804
2023-12-25 03:00:00,1805
2023-12-26 03:00:00,1805
2023-12-27 03:00:00,1806
2023-12-28 03:00:00,1806
2023-12-29 03:00:00,1807
2023-12-30 03:00:00,1808
2023-12-31 03:00:00,1808
2024-01-01 03:00:00,0
2024-01-02 03:00:00,0
2024-01-03 03:00:00,0
2024-01-04 03:00:00,0
2024-01-05 03:00:00,0

