"Time","Input Power (main EPS)","P In (main EPS)","P Peak (main EPS)","Peak Power (main EPS)","Input Power (redundant EPS)","P In (redundant EPS)","P Peak (redundant EPS)"
2020-09-01 03:00:00,5,30,1234,584,28,57,1417
2020-09-03 03:00:00,232,181,2013,1304,36,51,628
2020-09-04 03:00:00,223,99,1899,1317,38,59,679
2020-09-05 03:00:00,-12,68,1768,1358,34,47,649
2020-09-06 03:00:00,192,49,1653,991,33,62,737
2020-09-07 03:00:00,1,63,1447,883,31,50,773
2020-09-08 03:00:00,61,48,1563,910,32,62,778
2020-09-09 03:00:00,233,48,1563,3532,32,62,766
2020-09-10 03:00:00,239,361,3375,1154,39,87,767
2020-09-11 03:00:00,272,374,3166,1331,47,84,842
2020-09-12 03:00:00,290,113,2020,1358,63,64,472
2020-09-13 03:00:00,273,106,2051,1331,72,73,472
2020-09-14 03:00:00,246,104,2196,1331,74,76,472
2020-09-15 03:00:00,267,105,2039,1331,75,77,472
2020-09-16 03:00:00,266,108,2078,1345,76,76,471
2020-09-17 03:00:00,167,16,1947,1358,72,73,472
2020-09-18 03:00:00,273,17,1943,1345,75,76,472
2020-09-19 03:00:00,268,17,1944,1358,76,78,472
2020-09-20 03:00:00,254,16,1932,1331,76,78,472
2020-09-21 03:00:00,294,16,1963,1331,75,77,472
2020-09-22 03:00:00,246,14,1968,1385,75,75,472
2020-09-23 03:00:00,260,99,2312,1358,72,73,472
2020-09-24 03:00:00,246,16,1976,1385,70,72,472
2020-09-25 03:00:00,261,15,1972,1385,70,71,472
2020-09-26 03:00:00,233,19,1957,1358,70,71,472
2020-09-27 03:00:00,250,19,2206,1358,71,72,472
2020-09-28 03:00:00,232,18,1967,1385,72,74,472
2020-09-29 03:00:00,261,18,1962,1358,76,78,472
2020-09-30 03:00:00,235,177,2230,1358,78,79,472
2020-10-01 03:00:00,273,56,2194,1345,82,83,472
2020-10-02 03:00:00,137,15,2005,1358,82,84,472
2020-10-03 03:00:00,287,17,1973,1345,82,84,472
2020-10-04 03:00:00,235,15,1965,1358,83,84,472
2020-10-05 03:00:00,267,17,1968,1358,83,85,473
2020-10-06 03:00:00,253,104,2183,1345,84,86,472
2020-10-07 03:00:00,172,17,1971,1358,85,87,472
2020-10-08 03:00:00,172,19,1971,1358,86,88,472
2020-10-09 03:00:00,267,17,1968,1358,86,88,472
2020-10-10 03:00:00,273,19,1968,1372,86,88,472
2020-10-11 03:00:00,232,17,1966,1358,86,88,473
2020-10-12 03:00:00,267,17,1968,1372,87,89,472
2020-10-13 03:00:00,302,97,1969,1372,87,83,472
2020-10-14 03:00:00,301,18,1967,1372,82,84,473
2020-10-15 03:00:00,137,16,1967,1358,82,84,472
2020-10-16 03:00:00,301,105,2194,1345,83,85,472
2020-10-17 03:00:00,267,99,2199,1358,85,87,472
2020-10-18 03:00:00,300,17,2208,1358,86,88,472
2020-10-19 03:00:00,267,17,1981,1385,87,89,472
2020-10-20 03:00:00,294,19,1977,1372,88,90,472
2020-10-21 03:00:00,260,22,1777,1372,88,90,473
2020-10-22 03:00:00,321,17,2002,1385,88,90,473
2020-10-23 03:00:00,246,63,2034,1385,89,91,473
2020-10-24 03:00:00,248,16,1776,1399,89,91,473
2020-10-25 03:00:00,246,18,1781,1358,88,90,472
2020-10-26 03:00:00,293,18,1861,1385,88,90,473
2020-10-27 03:00:00,234,58,1768,1372,88,89,473
2020-10-28 03:00:00,104,59,1852,1372,88,90,473
2020-10-29 03:00:00,294,99,2087,1372,88,90,473
2020-10-30 03:00:00,294,19,1771,1358,88,89,473
2020-10-31 03:00:00,280,16,1769,1385,86,88,473
2020-11-01 03:00:00,251,66,1985,1385,86,87,473
2020-11-02 03:00:00,172,65,1857,1372,86,88,472
2020-11-03 03:00:00,251,16,1772,1358,85,88,473
2020-11-04 03:00:00,239,60,1857,1399,85,87,473
2020-11-05 03:00:00,273,17,1776,1358,85,87,473
2020-11-06 03:00:00,248,15,1773,1345,83,85,473
2020-11-07 03:00:00,246,17,1775,1331,82,84,473
2020-11-08 03:00:00,165,17,1776,1345,82,84,473
2020-11-09 03:00:00,-12,19,1775,1385,82,83,474
2020-11-10 03:00:00,267,56,1855,1372,82,83,473
2020-11-11 03:00:00,303,19,1772,1345,81,84,473
2020-11-12 03:00:00,246,17,1768,1372,80,81,473
2020-11-13 03:00:00,279,18,1772,1345,80,82,473
2020-11-14 03:00:00,137,64,2128,1385,78,81,473
2020-11-15 03:00:00,279,16,1772,1372,79,80,473
2020-11-16 03:00:00,277,61,2171,1345,78,80,473
2020-11-17 03:00:00,266,19,1777,1399,79,79,473
2020-11-18 03:00:00,267,62,2034,1385,79,81,473
2020-11-19 03:00:00,288,61,1858,1385,80,82,473
2020-11-20 03:00:00,279,18,1777,1372,79,82,473
2020-11-21 03:00:00,279,18,1773,1385,79,80,473
2020-11-22 03:00:00,232,17,1775,1372,77,79,473
2020-11-23 03:00:00,279,19,1776,1372,75,77,474
2020-11-24 03:00:00,247,59,1874,1385,75,76,474
2020-11-25 03:00:00,278,21,1822,1385,74,76,473
2020-11-26 03:00:00,251,18,1777,1385,75,76,473
2020-11-27 03:00:00,266,59,1784,1358,73,75,474
2020-11-28 03:00:00,184,18,1783,1372,72,75,474
2020-11-29 03:00:00,279,19,1772,1385,71,73,474
2020-11-30 03:00:00,279,20,1980,1372,70,72,473
2020-12-01 03:00:00,165,60,2073,1358,70,72,474
2020-12-02 03:00:00,279,16,1914,1372,70,71,473
2020-12-03 03:00:00,279,18,1395,1372,70,72,474
2020-12-04 03:00:00,279,20,1857,1372,68,71,473
2020-12-05 03:00:00,250,62,1839,1399,68,70,631
2020-12-15 03:00:00,221,17,1781,1345,85,87,474
2020-12-16 03:00:00,32,19,1774,1372,97,85,474
2020-12-17 03:00:00,246,16,1779,1372,82,84,474
2020-12-18 03:00:00,349,238,1775,1589,80,81,474
2020-12-19 03:00:00,116,15,1775,1385,96,84,473
2020-12-20 03:00:00,117,19,1773,1345,93,81,474
2020-12-21 03:00:00,417,62,1858,1385,79,80,474
2020-12-22 03:00:00,266,17,1777,1345,81,84,474
2020-12-23 03:00:00,279,17,1780,1358,78,79,474
2020-12-24 03:00:00,291,18,1909,1385,76,78,474
2020-12-25 03:00:00,279,17,1778,1399,72,74,474
2020-12-26 03:00:00,142,18,1770,1372,87,74,474
2020-12-27 03:00:00,279,17,1773,1399,87,75,474
2020-12-28 03:00:00,-9,17,1798,1345,72,74,474
2020-12-29 03:00:00,252,18,1767,1331,69,71,474
2020-12-30 03:00:00,251,60,1857,1358,70,72,474
2020-12-31 03:00:00,-10,18,1735,1385,64,67,474
2021-01-01 03:00:00,268,68,1899,1385,65,67,474
2021-01-02 03:00:00,273,18,1725,1358,66,67,473
2021-01-03 03:00:00,219,19,2189,1345,64,70,604
2021-01-04 03:00:00,296,21,1576,1358,69,71,474
2021-01-05 03:00:00,311,110,1873,1385,70,73,541
2021-01-06 03:00:00,295,23,1783,1345,73,74,512
2021-01-07 03:00:00,260,64,1835,1372,86,74,569
2021-01-08 03:00:00,273,23,1536,1372,66,71,624
2021-01-09 03:00:00,135,23,1640,1358,62,65,473
2021-01-10 03:00:00,269,18,1700,1399,87,74,474
2021-01-11 03:00:00,281,16,1825,1372,85,73,494
2021-01-12 03:00:00,246,21,1798,1358,70,72,474
2021-01-13 03:00:00,256,39,1934,1385,68,70,527
2021-01-14 03:00:00,260,19,2006,1345,84,72,559
2021-01-15 03:00:00,280,17,1787,1372,71,73,474
2021-01-16 03:00:00,294,15,1795,1372,71,73,474
2021-01-17 03:00:00,-7,58,1888,1345,72,75,474
2021-01-18 03:00:00,280,61,1938,1345,72,74,560
2021-01-19 03:00:00,280,17,1868,1372,76,78,474
2021-01-20 03:00:00,279,22,1924,1372,75,77,521
2021-01-21 03:00:00,280,17,1770,1385,76,78,474
2021-01-22 03:00:00,296,21,1807,1453,76,78,474
2021-01-23 03:00:00,56,18,1817,1413,76,77,473
2021-01-24 03:00:00,151,20,1822,1358,74,76,474
2021-02-01 03:00:00,249,19,2024,1345,79,81,473
2021-02-02 03:00:00,-9,16,1758,1358,79,82,473
2021-02-03 03:00:00,254,22,1787,1345,81,83,473
2021-02-04 03:00:00,159,20,1736,1345,83,86,474
2021-02-05 03:00:00,294,19,1741,1372,85,87,474
2021-02-06 03:00:00,166,18,1744,1331,85,86,474
2021-02-07 03:00:00,268,24,1534,1345,84,86,474
2021-02-08 03:00:00,211,17,1758,1358,88,90,473
2021-02-09 03:00:00,263,22,1792,1385,88,90,474
2021-02-10 03:00:00,295,17,1764,1345,87,90,474
2021-02-11 03:00:00,279,20,1775,1358,88,90,474
2021-02-12 03:00:00,268,22,1635,1345,87,91,473
2021-02-13 03:00:00,279,20,1769,1358,90,93,474
2021-02-14 03:00:00,267,20,1758,1331,89,91,473
2021-02-15 03:00:00,273,19,1776,1358,89,91,500
2021-02-16 03:00:00,252,16,1765,1331,90,93,474
2021-02-17 03:00:00,266,21,1773,1358,91,93,490
2021-02-18 03:00:00,185,18,1719,1372,94,96,499
2021-02-19 03:00:00,1,22,1794,1372,97,99,474
2021-02-20 03:00:00,266,19,1758,1345,96,95,520
2021-02-21 03:00:00,293,19,1758,1372,90,92,520
2021-02-22 03:00:00,295,21,1762,1331,103,91,473
2021-02-23 03:00:00,137,75,1694,1372,92,95,474
2021-02-24 03:00:00,319,31,1951,1358,94,116,572
2021-02-25 03:00:00,262,20,1770,1331,97,99,474
2021-02-26 03:00:00,300,47,1796,4375,89,110,608
2021-02-27 03:00:00,132,22,1498,1385,89,91,473
2021-02-28 03:00:00,246,18,1484,1372,88,91,474
2021-03-01 03:00:00,194,19,1595,1372,88,94,473
2021-03-02 03:00:00,260,22,1726,1385,90,93,628
2021-03-03 03:00:00,296,27,1513,1399,105,93,472
2021-03-04 03:00:00,273,22,1215,1358,96,103,505
2021-03-05 03:00:00,205,16,650,1399,96,122,896
2021-03-06 03:00:00,273,7,970,1372,88,112,717
2021-03-07 03:00:00,273,0,919,1385,89,107,649
2021-03-08 03:00:00,246,0,763,1385,85,107,741
2021-03-09 03:00:00,246,8,772,1413,84,109,714
2021-03-10 03:00:00,232,2,902,1399,80,105,689
2021-03-11 03:00:00,67,11,671,475,346,104,794
2021-03-12 03:00:00,246,11,838,1440,81,103,758
2021-03-13 03:00:00,246,9,852,2133,80,102,689
2021-03-14 03:00:00,260,5,825,1385,398,102,720
2021-03-15 03:00:00,246,3,906,1250,83,100,714
2021-03-16 03:00:00,65,9,791,475,86,103,724
2021-03-17 03:00:00,183,0,844,855,84,103,706
2021-03-18 03:00:00,66,10,796,475,360,105,719
2021-03-19 03:00:00,232,16,470,1154,87,105,860
2021-03-20 03:00:00,246,16,461,1372,83,103,711
2021-03-21 03:00:00,287,0,912,1453,85,106,644
2021-04-12 03:00:00,232,11,865,815,78,121,759
2021-04-13 03:00:00,287,11,865,475,78,121,759
2021-04-14 03:00:00,273,4,584,1413,74,97,729
2021-04-15 03:00:00,192,2,749,448,79,101,685
2021-04-16 03:00:00,273,12,642,1358,82,103,627
2021-04-17 03:00:00,192,1,713,1046,196,103,680
2021-04-18 03:00:00,178,2,722,1263,81,103,700
2021-04-19 03:00:00,219,4,699,1426,85,105,710
2021-04-20 03:00:00,246,12,755,978,225,106,762
2021-04-21 03:00:00,273,2,819,1358,293,106,701
2021-04-22 03:00:00,273,12,797,1440,82,105,761
2021-04-23 03:00:00,224,0,799,788,195,105,710
2021-04-24 03:00:00,260,4,724,1059,80,102,688
2021-04-25 03:00:00,260,2,682,1413,78,99,696
2021-04-26 03:00:00,246,7,568,475,78,102,662
2021-04-27 03:00:00,246,17,811,855,83,128,805
2021-04-28 03:00:00,164,0,615,1399,83,105,642
2021-04-29 03:00:00,273,25,675,1345,85,106,815
2021-04-30 03:00:00,246,15,972,1345,83,122,682
2021-05-01 03:00:00,300,26,765,1019,86,107,622
2021-05-02 03:00:00,232,6,747,1372,83,107,717
2021-05-03 03:00:00,246,14,771,1345,83,108,713
2021-05-04 03:00:00,287,-56,750,1358,83,106,695
2021-05-05 03:00:00,151,8,725,1385,83,107,648
2021-05-06 03:00:00,273,4,724,1413,84,107,664
2021-05-07 03:00:00,192,0,768,1548,86,105,733
2021-05-08 03:00:00,68,0,792,475,82,106,627
2021-05-09 03:00:00,232,7,561,1440,82,106,711
2021-05-17 03:00:00,192,2,843,1413,83,103,665
2021-05-18 03:00:00,218,31,687,1413,83,120,847
2021-05-19 03:00:00,165,12,762,1521,88,108,847
2021-05-20 03:00:00,273,5,833,1915,87,110,715
2021-05-21 03:00:00,273,1,866,1399,86,107,877
2021-05-22 03:00:00,287,1,863,1385,86,109,669
2021-05-23 03:00:00,287,9,721,937,87,113,734
2021-05-24 03:00:00,73,20,697,475,216,115,763
2021-05-25 03:00:00,246,1,773,1345,85,112,738
2021-05-26 03:00:00,205,13,917,2404,93,145,795
2021-05-27 03:00:00,192,15,650,1535,223,119,702
2021-05-28 03:00:00,150,7,819,1385,96,121,725
2021-05-29 03:00:00,273,2,765,1385,89,115,723
2021-05-30 03:00:00,260,10,861,692,91,110,700
2021-05-31 03:00:00,260,8,820,1385,89,112,783
2021-06-01 03:00:00,273,10,803,1046,90,132,718
2021-06-02 03:00:00,246,11,847,1385,91,119,789
2021-06-03 03:00:00,246,32,797,1399,93,148,834
2021-06-04 03:00:00,300,2,723,652,91,114,704
2021-06-05 03:00:00,169,0,951,1399,94,117,717
2021-06-06 03:00:00,260,18,723,1385,88,113,730
2021-06-08 03:00:00,273,2,934,1385,87,111,686
2021-06-09 03:00:00,-13,6,724,1385,87,112,666
2021-06-10 03:00:00,150,2,917,1019,93,115,747
2021-06-11 03:00:00,273,12,797,1385,89,116,799
2021-06-12 03:00:00,76,2,901,1426,89,114,688
2021-06-13 03:00:00,272,6,910,951,97,118,755
2021-06-14 03:00:00,232,3,697,1345,89,133,730
2021-06-15 03:00:00,273,8,599,1277,87,112,658
2021-06-16 03:00:00,300,7,813,1385,92,117,709
2021-06-17 03:00:00,232,4,903,2146,93,119,711
2021-06-18 03:00:00,246,5,771,1413,88,133,683
2021-06-19 03:00:00,273,15,652,1385,89,115,782
2021-06-20 03:00:00,69,14,786,475,93,140,714
2021-06-21 03:00:00,-4,4,827,665,91,117,718
2021-06-22 03:00:00,260,10,721,1413,92,120,700
2021-06-23 03:00:00,164,13,967,1467,98,121,708
2021-06-24 03:00:00,232,12,804,1413,91,132,706
2021-06-25 03:00:00,168,12,806,1385,97,117,841
2021-06-26 03:00:00,169,9,769,842,87,143,698
2021-06-27 03:00:00,260,7,1087,2201,92,114,765
2021-06-28 03:00:00,246,9,820,991,90,161,681
2021-06-29 03:00:00,260,4,844,1413,86,111,692
2021-06-30 03:00:00,273,22,659,1453,89,133,697
2021-07-01 03:00:00,192,0,882,1494,85,111,683
2021-07-02 03:00:00,260,7,728,1399,88,112,715
2021-07-03 03:00:00,273,3,757,1875,89,116,755
2021-07-04 03:00:00,246,2,695,1263,89,112,634
2021-07-12 03:00:00,260,0,840,679,92,121,705
2021-07-13 03:00:00,141,12,830,788,94,121,771
2021-07-14 03:00:00,246,4,928,1467,97,127,692
2021-07-15 03:00:00,219,11,753,1385,100,133,823
2021-07-16 03:00:00,219,57,923,1399,89,151,905
2021-07-17 03:00:00,246,11,972,1413,101,121,701
2021-07-18 03:00:00,150,11,804,1385,89,110,746
2021-07-19 03:00:00,177,7,820,1331,92,145,835
2021-07-20 03:00:00,58,2,840,461,95,113,685
2021-07-21 03:00:00,232,6,768,1440,91,114,682
2021-07-22 03:00:00,273,15,890,1385,89,114,765
2021-07-23 03:00:00,169,1,906,801,346,119,663
2021-07-24 03:00:00,246,20,780,461,93,118,692
2021-07-25 03:00:00,83,4,845,475,97,118,714
2021-07-26 03:00:00,260,4,733,1358,92,123,726
2021-07-27 03:00:00,151,,,1399,93,124,858
2021-07-28 03:00:00,246,2,924,1222,98,122,675
2021-07-29 03:00:00,221,6,882,815,95,114,671
2021-07-30 03:00:00,178,1,776,1385,91,119,694
2021-07-31 03:00:00,79,,,5828,93,117,709
2021-08-01 03:00:00,246,3,901,1399,91,118,764
2021-08-02 03:00:00,232,11,917,1358,90,121,755
2021-08-03 03:00:00,246,1,959,1385,93,115,775
2021-08-04 03:00:00,246,23,919,1019,94,133,749
2021-08-05 03:00:00,260,11,877,1263,95,143,814
2021-08-06 03:00:00,246,12,775,1385,97,123,705
2021-08-07 03:00:00,260,16,828,1195,97,122,809
2021-08-08 03:00:00,246,16,1039,1399,94,119,754
2021-08-09 03:00:00,164,2,815,1385,92,125,759
2021-08-10 03:00:00,232,3,793,1209,93,119,743
2021-08-11 03:00:00,273,9,885,1440,95,122,787
2021-08-12 03:00:00,273,29,936,1480,96,131,777
2021-08-13 03:00:00,36,9,848,638,96,123,701
2021-08-14 03:00:00,219,7,875,1548,96,121,722
2021-08-15 03:00:00,232,13,820,1385,102,151,817
2021-08-16 03:00:00,11,17,851,625,95,127,658
2021-08-17 03:00:00,246,0,774,1250,235,115,659
2021-08-18 03:00:00,204,0,906,896,90,116,645
2021-08-19 03:00:00,68,2,387,475,98,129,690
2021-08-20 03:00:00,273,6,824,1385,229,122,703
2021-08-21 03:00:00,273,6,991,475,96,115,686
2021-08-22 03:00:00,273,2,858,1209,94,115,704
2021-08-23 03:00:00,205,4,928,2092,89,118,683
2021-08-24 03:00:00,205,11,845,1345,87,149,826
2021-08-25 03:00:00,246,7,903,1467,91,149,736
2021-08-26 03:00:00,273,4,1052,2540,94,120,670
2021-08-27 03:00:00,178,11,956,1385,93,119,784
2021-08-28 03:00:00,260,17,1076,1372,94,121,749
2021-08-29 03:00:00,57,2,747,461,390,169,911
2021-08-30 03:00:00,287,6,916,1413,98,117,758
2021-08-31 03:00:00,273,13,919,1413,92,117,813
2021-09-01 03:00:00,177,4,789,1548,94,117,764
2021-09-02 03:00:00,191,5,741,1372,94,120,748
2021-09-03 03:00:00,246,,,1494,98,125,685
2021-09-04 03:00:00,205,1,938,1372,90,120,730
2021-09-05 03:00:00,246,0,841,1358,90,119,700
2021-12-13 03:00:00,27,5,746,475,335,102,768
2021-12-14 03:00:00,246,7,727,1399,44,86,806
2021-12-15 03:00:00,259,8,658,1358,42,82,700
2021-12-16 03:00:00,165,8,600,1467,41,57,732
2021-12-17 03:00:00,273,4,730,1399,128,79,862
2021-12-18 03:00:00,219,7,734,1399,42,82,720
2021-12-19 03:00:00,150,10,727,475,43,79,750
2021-12-20 03:00:00,260,14,628,1453,43,80,736
2021-12-21 03:00:00,219,15,934,1385,43,80,738
2021-12-23 03:00:00,234,9,842,1358,142,90,819
2021-12-24 03:00:00,219,8,718,1413,39,100,872
2021-12-25 03:00:00,150,8,854,1385,41,81,759
2021-12-26 03:00:00,192,1,775,1317,39,99,853
2021-12-27 03:00:00,11,6,744,625,46,103,783
2021-12-28 03:00:00,246,15,964,1372,43,84,718
2021-12-29 03:00:00,183,3,683,706,46,78,809
2021-12-30 03:00:00,178,2,719,1413,49,104,813
2021-12-31 03:00:00,205,,,2051,52,,
2022-01-01 03:00:00,164,11,674,1413,48,92,804
2022-01-02 03:00:00,205,11,942,1399,50,129,727
2022-01-03 03:00:00,273,10,964,475,308,79,709
2022-01-04 03:00:00,177,4,655,1385,44,103,686
2022-01-05 03:00:00,273,12,768,1413,48,128,863
2022-01-06 03:00:00,273,11,800,1494,50,92,813
2022-01-07 03:00:00,246,12,802,1209,218,102,867
2022-01-08 03:00:00,248,19,776,828,54,134,901
2022-01-09 03:00:00,20,27,878,475,154,112,861
2022-01-10 03:00:00,165,6,413,1263,55,140,917
2022-01-11 03:00:00,246,16,853,1399,59,87,723
2022-01-12 03:00:00,232,13,877,2133,58,111,895
2022-01-13 03:00:00,232,14,915,842,48,81,874
2022-01-14 03:00:00,273,12,713,2038,49,96,792
2022-01-15 03:00:00,260,8,781,1426,351,100,908
2022-01-16 03:00:00,164,16,685,1385,326,141,1000
2022-01-17 03:00:00,151,17,783,1250,51,85,844
2022-01-18 03:00:00,150,5,784,855,48,106,791
2022-01-19 03:00:00,10,5,773,625,229,83,788
2022-01-20 03:00:00,33,8,588,475,49,106,712
2022-01-21 03:00:00,150,2,803,1331,54,109,771
2022-01-22 03:00:00,142,16,783,692,53,88,715
2022-01-23 03:00:00,205,13,633,801,52,110,683
2022-01-24 03:00:00,232,6,593,1059,50,100,805
2022-01-25 03:00:00,33,0,683,475,50,88,785
2022-01-26 03:00:00,246,9,767,1250,52,81,778
2022-01-28 03:00:00,246,11,742,1399,49,95,874
2022-01-29 03:00:00,192,8,655,1358,50,89,846
2022-01-30 03:00:00,246,0,663,1385,52,106,717
2022-01-31 03:00:00,260,9,704,896,51,86,790
2022-02-01 03:00:00,273,28,739,1154,51,88,854
2022-02-02 03:00:00,246,12,961,1141,49,87,730
2022-02-03 03:00:00,150,17,724,1358,52,136,920
2022-02-04 03:00:00,204,4,848,1413,53,91,765
2022-02-05 03:00:00,273,20,822,1440,55,130,848
2022-02-06 03:00:00,164,26,641,1385,58,103,817
2022-02-07 03:00:00,45,23,691,638,64,115,867
2022-02-08 03:00:00,260,28,830,1467,61,92,834
2022-02-09 03:00:00,287,19,719,1467,62,143,845
2022-02-10 03:00:00,246,12,713,1209,66,103,746
2022-02-11 03:00:00,43,15,853,828,66,136,789
2022-02-12 03:00:00,205,17,860,923,67,140,856
2022-02-13 03:00:00,47,13,685,638,68,118,872
2022-02-14 03:00:00,273,13,723,4130,69,157,876
2022-02-15 03:00:00,-12,13,818,1521,68,147,836
2022-02-16 03:00:00,246,21,864,801,206,141,896
2022-02-17 03:00:00,48,14,833,1114,66,146,861
2022-02-18 03:00:00,260,31,779,1372,67,113,833
2022-02-19 03:00:00,300,9,788,2119,69,123,797
2022-02-20 03:00:00,150,25,766,1372,68,107,819
2022-02-21 03:00:00,273,12,804,1399,386,157,881
2022-02-22 03:00:00,273,12,736,1372,69,125,839
2022-02-23 03:00:00,273,9,738,937,71,125,839
2022-02-24 03:00:00,90,27,761,1222,71,125,799
2022-02-25 03:00:00,150,8,781,1413,72,127,752
2022-02-26 03:00:00,136,5,738,1467,72,128,815
2022-02-27 03:00:00,231,14,839,760,227,160,897
2022-02-28 03:00:00,273,10,797,1358,73,132,817
2022-03-01 03:00:00,260,13,780,1440,72,115,840
2022-03-02 03:00:00,273,33,746,1413,72,116,812
2022-03-03 03:00:00,196,8,708,788,72,112,793
2022-03-04 03:00:00,191,5,741,1331,73,113,756
2022-03-05 03:00:00,246,17,831,1440,75,162,875
2022-03-06 03:00:00,191,5,748,788,75,130,769
2022-03-07 03:00:00,260,4,725,801,76,132,785
2022-03-08 03:00:00,151,7,717,1222,77,120,778
2022-03-09 03:00:00,300,28,765,1440,78,147,828
2022-03-10 03:00:00,273,7,784,1345,78,133,776
2022-03-11 03:00:00,143,5,741,665,80,131,763
2022-03-12 03:00:00,287,18,739,1277,78,133,850
2022-03-13 03:00:00,231,8,733,788,77,118,805
2022-03-14 03:00:00,287,21,778,1195,78,132,799
2022-03-15 03:00:00,59,7,719,1222,80,135,822
2022-03-16 03:00:00,219,13,764,1358,78,116,848
2022-03-18 03:00:00,205,11,833,1413,79,125,831
2022-03-19 03:00:00,246,5,683,1236,81,117,790
2022-03-20 03:00:00,273,26,767,1372,80,155,854
2022-03-23 03:00:00,113,4,830,489,72,135,809
2022-03-24 03:00:00,156,22,746,747,80,118,804
2022-03-26 03:00:00,151,14,763,883,80,144,812
2022-03-27 03:00:00,219,31,791,1372,81,161,834
2022-03-29 03:00:00,205,19,827,1657,81,175,911
2022-03-30 03:00:00,273,4,716,1413,80,117,818
2022-03-31 03:00:00,219,11,696,1385,82,117,810
2022-04-01 03:00:00,260,7,675,1399,82,136,808
2022-04-02 03:00:00,192,6,721,1385,82,139,817
2022-04-04 03:00:00,178,26,580,1440,82,147,832
2022-04-08 03:00:00,260,29,669,869,86,116,736
2022-04-09 03:00:00,273,11,758,1399,83,140,858
2022-04-10 03:00:00,178,36,788,1086,84,120,832
2022-04-12 03:00:00,219,10,740,1358,84,140,798
2022-04-13 03:00:00,165,23,734,1413,86,157,825
2022-04-16 03:00:00,67,10,824,475,88,163,843
2022-04-17 03:00:00,273,7,783,1277,,,
2022-04-18 03:00:00,273,,,1956,85,142,758
2022-04-19 03:00:00,205,10,800,1317,85,124,774
2022-04-20 03:00:00,273,13,772,1358,85,121,789
2022-04-21 03:00:00,178,8,788,1385,84,126,749
2022-04-22 03:00:00,177,25,822,1345,186,142,793
2022-04-23 03:00:00,273,7,743,1236,84,137,761
2022-04-25 03:00:00,273,10,762,1399,390,122,769
2022-04-26 03:00:00,219,22,697,1413,86,135,811
2022-04-27 03:00:00,75,8,780,1413,87,131,774
2022-04-28 03:00:00,261,5,743,991,88,127,757
2022-04-29 03:00:00,191,20,679,1630,88,127,763
2022-04-30 03:00:00,150,4,716,1358,86,124,787
2022-05-01 03:00:00,246,13,732,1317,87,129,730
2022-05-02 03:00:00,246,9,706,1915,87,172,835
2022-05-03 03:00:00,73,6,807,1413,86,143,775
2022-05-04 03:00:00,273,6,846,2105,88,125,743
2022-05-05 03:00:00,192,13,827,1385,86,135,802
2022-05-06 03:00:00,150,10,808,1385,86,129,789
2022-05-07 03:00:00,204,19,848,1385,87,142,813
2022-05-08 03:00:00,71,7,792,475,89,140,759
2022-05-09 03:00:00,246,10,773,1372,87,109,755
2022-05-10 03:00:00,164,6,749,1453,87,142,765
2022-05-12 03:00:00,273,,,1440,87,143,796
2022-05-13 03:00:00,246,9,776,1236,86,125,751
2022-05-14 03:00:00,150,19,814,1399,86,125,784
2022-05-16 03:00:00,196,5,773,1236,90,114,748
2022-05-17 03:00:00,178,11,771,1385,87,134,795
2022-05-18 03:00:00,246,12,812,1195,87,142,784
2022-05-19 03:00:00,168,6,793,896,87,145,749
2022-05-20 03:00:00,71,5,784,475,86,135,763
2022-05-21 03:00:00,192,5,766,1331,88,143,744
2022-05-22 03:00:00,273,12,826,1358,87,124,773
2022-05-23 03:00:00,273,6,865,475,85,131,766
2022-05-24 03:00:00,204,8,906,1413,87,145,763
2022-05-25 03:00:00,192,27,879,828,92,131,803
2022-05-26 03:00:00,246,13,762,1970,87,138,783
2022-05-27 03:00:00,142,12,807,1358,88,128,775
2022-05-28 03:00:00,76,9,804,461,82,133,756
2022-05-29 03:00:00,77,10,790,475,89,134,714
2022-05-30 03:00:00,76,7,779,1100,88,139,782
2022-05-31 03:00:00,204,13,831,1114,89,148,754
2022-06-01 03:00:00,232,19,812,1385,90,170,764
2022-06-02 03:00:00,191,16,840,1222,89,137,750
2022-06-03 03:00:00,260,3,799,1413,91,150,720
2022-06-04 03:00:00,77,4,810,461,93,140,725
2022-06-05 03:00:00,141,12,757,828,93,139,790
2022-06-06 03:00:00,232,8,865,1358,90,149,775
2022-06-07 03:00:00,246,23,862,1263,92,155,785
2022-06-08 03:00:00,273,6,930,461,87,182,795
2022-06-09 03:00:00,273,8,875,1345,92,137,727
2022-06-10 03:00:00,192,4,869,1358,92,153,793
2022-06-11 03:00:00,273,10,835,1236,95,143,777
2022-06-12 03:00:00,150,7,851,1413,94,151,750
2022-06-13 03:00:00,219,7,857,1385,93,182,758
2022-06-14 03:00:00,232,8,919,1413,92,173,803
2022-06-15 03:00:00,219,14,889,1440,92,150,799
2022-06-16 03:00:00,246,,,1385,,,
2022-06-17 03:00:00,178,4,894,1385,94,141,739
2022-06-18 03:00:00,232,8,861,1413,94,121,734
2022-06-19 03:00:00,193,6,876,1019,94,118,741
2022-06-20 03:00:00,273,7,783,1358,94,120,703
2022-06-21 03:00:00,43,6,953,461,88,123,759
2022-06-22 03:00:00,9,4,836,679,98,121,733
2022-06-23 03:00:00,260,7,838,1385,92,123,745
2022-06-24 03:00:00,232,17,896,1250,100,143,761
2022-06-25 03:00:00,151,12,800,1358,91,122,753
2022-06-26 03:00:00,175,4,793,652,96,119,733
2022-06-27 03:00:00,177,2,892,1317,97,120,694
2022-06-28 03:00:00,-13,20,957,1399,92,141,830
2022-06-29 03:00:00,84,9,780,475,87,150,777
2022-06-30 03:00:00,150,5,808,1263,94,146,721
2022-07-01 03:00:00,246,12,840,1413,93,121,724
2022-07-02 03:00:00,260,2,816,1399,92,119,720
2022-07-03 03:00:00,273,8,811,1413,98,123,746
2022-07-04 03:00:00,219,4,837,1345,93,122,707
2022-07-05 03:00:00,177,7,813,1263,105,158,774
2022-07-06 03:00:00,273,8,809,1073,99,160,737
2022-07-07 03:00:00,151,6,835,1385,92,120,748
2022-07-08 03:00:00,273,6,820,1385,92,123,733
2022-07-10 03:00:00,246,11,899,1413,96,123,796
2022-07-11 03:00:00,300,12,866,1413,95,124,768
2022-07-12 03:00:00,205,10,976,1372,97,123,717
2022-07-13 03:00:00,246,10,918,1358,96,121,745
2022-07-14 03:00:00,80,9,841,597,96,125,775
2022-07-15 03:00:00,196,7,837,910,95,125,732
2022-07-16 03:00:00,102,4,840,842,100,122,765
2022-07-17 03:00:00,85,6,857,475,95,123,720
2022-07-18 03:00:00,150,6,801,1426,95,,
2022-07-19 03:00:00,273,,,1385,,125,781
2022-07-21 03:00:00,300,11,916,1915,93,122,721
2022-07-23 03:00:00,273,9,800,1154,112,123,716
2022-07-25 03:00:00,150,8,906,1385,94,122,739
2022-07-26 03:00:00,273,10,844,2065,96,123,739
2022-07-27 03:00:00,81,8,835,475,93,121,730
2022-07-28 03:00:00,287,7,790,2051,96,121,702
2022-07-29 03:00:00,246,3,859,1372,94,119,703
2022-07-30 03:00:00,246,-18,891,1290,96,125,730
2022-07-31 03:00:00,178,7,871,1399,97,125,695
2022-08-01 03:00:00,82,16,818,1399,94,126,736
2022-08-02 03:00:00,246,,,1413,,,
2022-08-03 03:00:00,273,5,874,1521,96,121,746
2022-08-04 03:00:00,273,12,893,1413,94,140,789
2022-08-05 03:00:00,150,3,826,1440,101,124,748
2022-08-06 03:00:00,246,9,951,1385,96,126,763
2022-08-07 03:00:00,192,8,908,1413,95,123,737
2022-08-08 03:00:00,246,9,795,1385,97,123,720
2022-08-10 03:00:00,219,,,1413,99,124,794
2022-08-11 03:00:00,260,,,1426,93,121,736
2022-08-12 03:00:00,273,,,1385,99,125,716
2022-08-14 03:00:00,178,4,929,1413,95,124,713
2022-08-16 03:00:00,68,5,816,883,100,124,668
2022-08-17 03:00:00,246,3,888,1413,95,124,783
2022-08-18 03:00:00,232,6,943,1385,98,121,735
2022-08-19 03:00:00,246,5,971,1372,99,124,769
2022-08-21 03:00:00,192,9,962,1399,96,120,744
2022-08-22 03:00:00,219,7,944,1372,93,118,752
2022-08-24 03:00:00,232,7,832,1440,95,125,778
2022-08-25 03:00:00,246,6,800,1861,101,120,741
2022-08-26 03:00:00,177,7,822,1413,98,122,715
2022-08-27 03:00:00,178,9,833,1440,95,124,695
2022-08-28 03:00:00,246,8,937,937,98,118,762
2022-08-29 03:00:00,219,6,817,1440,98,122,766
2022-08-30 03:00:00,246,11,955,1385,433,124,779
2022-08-31 03:00:00,151,7,821,964,92,124,754
2022-09-01 03:00:00,246,8,850,1426,97,124,729
2022-09-02 03:00:00,273,4,784,1997,93,119,715
2022-09-03 03:00:00,82,7,824,625,96,126,717
2022-09-04 03:00:00,-12,10,858,1127,390,121,783
2022-09-05 03:00:00,246,4,805,1236,95,121,722
2022-09-06 03:00:00,287,6,868,1426,96,123,682
2022-09-07 03:00:00,273,11,923,1413,390,120,770
2022-09-08 03:00:00,151,12,880,1250,101,127,679
2022-09-09 03:00:00,192,7,900,1671,99,125,775
2022-09-10 03:00:00,177,12,812,1385,96,121,756
2022-09-11 03:00:00,246,11,908,1399,98,128,728
2022-09-12 03:00:00,273,12,997,1413,97,128,805
2022-09-13 03:00:00,194,5,882,923,100,125,695
2022-09-14 03:00:00,273,5,907,1358,93,121,711
2022-09-15 03:00:00,260,8,806,964,96,121,705
2022-09-16 03:00:00,273,16,1027,1372,95,149,806
2022-09-17 03:00:00,192,9,772,1372,446,124,756
2022-09-23 03:00:00,260,9,873,1385,96,124,784
2022-09-24 03:00:00,177,13,869,1399,94,115,778
2022-09-25 03:00:00,273,6,831,1385,96,118,756
2022-09-26 03:00:00,-3,4,877,652,95,117,717
2022-09-27 03:00:00,287,10,820,1399,97,127,782
2022-09-30 03:00:00,177,11,918,1385,93,152,764
2022-10-01 03:00:00,273,,,910,99,122,796
2022-10-02 03:00:00,260,19,1074,1413,97,121,797
2022-10-03 03:00:00,232,8,810,1358,93,119,769
2022-10-04 03:00:00,260,12,888,1317,213,119,762
2022-10-05 03:00:00,171,11,933,869,94,121,721
2022-10-06 03:00:00,246,9,872,1250,98,121,769
2022-10-07 03:00:00,150,6,906,1385,93,120,718
2022-10-08 03:00:00,246,11,1213,1413,95,121,759
2022-10-09 03:00:00,246,13,830,1358,94,118,773
2022-10-13 03:00:00,273,,,2269,94,,
2022-10-14 03:00:00,219,10,1081,1385,92,120,746
2022-10-15 03:00:00,287,8,1105,1413,94,121,782
2022-10-16 03:00:00,150,,,2010,96,121,754
2022-10-17 03:00:00,300,33,999,1426,97,141,846
2022-10-21 03:00:00,80,7,936,475,100,122,727
2022-10-22 03:00:00,246,25,1035,1005,100,158,820
2022-10-24 03:00:00,246,6,920,1372,94,121,753
2022-10-25 03:00:00,151,7,1012,1345,94,116,735
2022-10-26 03:00:00,164,7,871,1358,93,117,691
2022-10-27 03:00:00,177,6,936,1358,95,117,738
2022-10-28 03:00:00,260,12,919,1562,96,120,730
2022-11-03 03:00:00,246,,,1413,91,117,766
2022-11-04 03:00:00,205,9,1247,1603,91,118,795
2022-11-05 03:00:00,195,9,949,638,95,117,749
2022-11-06 03:00:00,287,,,1548,92,,
2022-11-07 03:00:00,273,8,1003,1535,315,116,713
2022-11-08 03:00:00,273,,,1929,92,118,773
2022-11-09 03:00:00,246,6,975,1399,,117,752
2022-11-10 03:00:00,178,4,909,1385,90,116,742
2022-11-11 03:00:00,219,8,844,828,93,114,753
2022-11-12 03:00:00,273,26,878,1399,90,127,777
2022-11-13 03:00:00,205,7,807,1059,89,113,774
2022-11-14 03:00:00,178,7,807,1154,86,113,774
2022-11-17 03:00:00,10,6,755,665,87,110,761
2022-11-18 03:00:00,205,9,739,1358,84,109,717
2022-11-19 03:00:00,273,6,752,1440,85,109,748
2022-11-24 03:00:00,232,10,719,1385,83,105,785
2022-11-25 03:00:00,178,7,820,1372,83,103,725
2022-11-26 03:00:00,232,6,696,1168,83,106,779
2022-11-28 03:00:00,204,5,824,1385,82,106,748
2022-11-29 03:00:00,204,6,758,1385,81,103,784
2022-12-07 03:00:00,260,8,771,1372,80,103,754
2022-12-09 03:00:00,62,6,780,475,82,102,742
2022-12-10 03:00:00,151,7,832,1399,79,102,784
2022-12-12 03:00:00,246,7,777,1100,80,103,769
2022-12-17 03:00:00,59,10,747,461,81,101,764
2022-12-18 03:00:00,273,4,737,964,80,100,718
2022-12-19 03:00:00,193,5,793,801,80,99,745
2022-12-20 03:00:00,246,9,761,1209,79,99,770
2022-12-21 03:00:00,191,5,767,991,79,,
2022-12-22 03:00:00,192,4,770,1331,79,102,757
2022-12-23 03:00:00,195,6,775,910,78,98,776
2022-12-28 03:00:00,58,10,798,475,79,97,719
2023-01-05 03:00:00,246,2,665,1345,76,95,765
2023-01-07 03:00:00,178,3,719,1440,76,98,766
2023-01-08 03:00:00,61,8,736,489,80,100,759
2023-01-09 03:00:00,178,,,1358,,,
2023-01-11 03:00:00,8,,,692,79,,
2023-01-12 03:00:00,154,7,777,760,79,,
2023-01-16 03:00:00,192,,,883,,,
2023-01-21 03:00:00,328,3,830,1263,79,98,753
2023-01-22 03:00:00,273,9,743,1290,81,103,791
2023-02-05 03:00:00,273,7,829,1440,83,107,808
2023-02-06 03:00:00,192,,,1603,83,,
2023-02-08 03:00:00,205,,,1521,,,
2023-02-10 03:00:00,70,5,837,516,89,,
2023-02-21 03:00:00,219,11,984,1358,95,118,780
2023-02-23 03:00:00,97,14,1058,896,95,119,806
2023-02-25 03:00:00,246,8,915,1508,93,119,814
2023-02-28 03:00:00,246,11,1240,1005,97,118,764
2023-03-01 03:00:00,246,,,1576,236,133,864
2023-03-09 03:00:00,246,31,1183,1616,98,140,864
2023-03-14 03:00:00,222,17,1348,733,99,,
2023-03-15 03:00:00,232,10,939,964,,126,839
2023-03-25 03:00:00,300,,,1290,95,119,785
2023-03-28 03:00:00,273,4,928,2608,100,127,752
2023-04-03 03:00:00,231,9,1025,1100,99,124,795
2023-04-06 03:00:00,80,15,1096,584,99,,
2023-04-10 03:00:00,231,18,1214,2527,95,,
2023-04-18 03:00:00,246,8,1111,2065,106,125,780
2023-04-21 03:00:00,260,5,981,1562,94,123,783
2023-04-25 03:00:00,221,11,1114,5557,98,120,752
2023-05-05 03:00:00,86,,,475,102,123,762
2023-05-06 03:00:00,164,,,1997,99,124,754
2023-05-11 03:00:00,165,6,1163,1127,103,127,832
2023-05-25 03:00:00,246,12,901,2472,96,122,805
2023-05-29 03:00:00,219,7,1119,1997,97,123,773
2023-05-30 03:00:00,89,,,475,107,126,805
2023-06-01 03:00:00,331,17,813,448,227,145,833
2023-06-02 03:00:00,515,13,1033,1576,101,128,815
2023-06-03 03:00:00,273,7,1116,1576,99,128,789
2023-06-05 03:00:00,260,4,961,2350,95,119,788
2023-06-07 03:00:00,15,15,938,937,103,127,822
2023-06-12 03:00:00,260,4,816,2595,102,,
2023-06-14 03:00:00,260,10,820,1440,96,121,742
2023-06-25 03:00:00,80,11,1128,475,99,120,810
2023-06-26 03:00:00,85,8,965,475,105,126,809
2023-06-27 03:00:00,273,9,1287,1589,91,121,797
2023-06-28 03:00:00,273,3,901,1494,99,127,800
2023-06-29 03:00:00,205,4,1013,1467,97,121,777
2023-06-30 03:00:00,273,7,926,1562,99,128,808
2023-07-01 03:00:00,192,58,1131,1521,97,127,788
2023-07-03 03:00:00,314,8,981,2730,96,124,792
2023-07-04 03:00:00,137,8,996,1236,101,128,758
2023-07-05 03:00:00,246,5,832,1576,100,127,798
2023-07-06 03:00:00,254,16,876,461,104,122,798
2023-07-07 03:00:00,195,7,942,937,101,123,758
2023-07-08 03:00:00,232,8,917,1453,,130,764
2023-07-10 03:00:00,219,6,1004,1195,101,125,826
2023-07-11 03:00:00,314,12,893,1535,99,130,798
2023-07-12 03:00:00,246,7,894,1385,104,127,809
2023-07-13 03:00:00,246,7,1048,1399,103,160,825
2023-07-15 03:00:00,191,12,1041,1508,106,131,819
2023-07-18 03:00:00,192,36,1074,1358,101,141,810
2023-07-19 03:00:00,151,11,1361,2065,103,132,849
2023-07-20 03:00:00,164,7,1083,1263,100,125,844
2023-07-21 03:00:00,99,7,990,475,116,132,780
2023-07-22 03:00:00,260,12,961,1453,99,155,846
2023-07-23 03:00:00,88,26,1285,6983,110,143,809
2023-07-24 03:00:00,68,8,1134,597,103,124,816
2023-07-25 03:00:00,86,10,914,611,94,125,789
2023-07-27 03:00:00,192,21,1046,923,101,123,814
2023-07-28 03:00:00,246,11,1094,2758,97,126,792
2023-08-01 03:00:00,205,9,993,1589,92,128,760
2023-08-02 03:00:00,192,31,949,1548,100,169,853
2023-08-03 03:00:00,192,9,944,1019,100,122,827
2023-08-04 03:00:00,260,19,1064,1521,96,125,856
2023-08-06 03:00:00,94,28,881,461,105,144,822
2023-08-07 03:00:00,246,7,1073,1413,99,126,809
2023-08-08 03:00:00,246,4,1289,1453,104,127,805
2023-08-10 03:00:00,246,11,1179,1521,101,123,815
2023-08-13 03:00:00,246,9,937,964,101,126,824
2023-08-14 03:00:00,246,14,1186,1589,98,127,864
2023-08-16 03:00:00,205,8,904,1630,99,143,772
2023-08-17 03:00:00,232,19,1149,1480,98,128,850
2023-08-18 03:00:00,192,10,1155,2105,102,154,865
2023-08-19 03:00:00,177,28,1415,1603,270,127,968
2023-08-20 03:00:00,246,7,924,1929,96,126,805
2023-08-23 03:00:00,246,9,1120,1399,101,129,835
2023-08-24 03:00:00,178,11,1019,1304,98,127,841
2023-08-25 03:00:00,219,9,1034,1453,99,125,831
2023-08-26 03:00:00,93,,,475,96,,
2023-08-30 03:00:00,246,9,1508,1576,98,129,824
2023-08-31 03:00:00,177,13,1068,1236,101,122,826
2023-09-01 03:00:00,260,17,1182,1277,101,123,837
2023-09-02 03:00:00,192,14,1156,1426,100,126,838
2023-09-04 03:00:00,80,46,942,978,100,122,790
2023-09-07 03:00:00,274,5,1188,448,96,127,799
2023-09-08 03:00:00,96,8,951,2459,99,128,782
2023-09-09 03:00:00,194,34,1391,625,109,,
2023-09-16 03:00:00,273,,,1616,,132,845
2023-09-20 03:00:00,273,15,897,815,97,128,835
2023-09-27 03:00:00,273,,,2445,103,130,843
2023-09-29 03:00:00,150,7,877,1616,92,123,892
2023-10-02 03:00:00,273,7,1061,1440,215,122,812
2023-10-03 03:00:00,219,14,1247,1983,99,152,861
2023-10-11 03:00:00,165,7,1244,801,102,132,828
2023-10-13 03:00:00,261,7,944,1046,104,132,842
2023-10-17 03:00:00,246,,,1521,99,128,880
2023-10-18 03:00:00,232,,,801,95,,
2023-10-21 03:00:00,260,7,911,1399,98,122,757
2023-10-22 03:00:00,-6,10,1129,652,106,122,822
2023-10-26 03:00:00,219,10,949,2228,96,118,780
2023-11-08 03:00:00,151,6,1090,1277,100,125,835
2023-11-13 03:00:00,169,14,1040,815,267,121,863
2023-11-14 03:00:00,178,9,834,2078,98,125,813
2023-11-16 03:00:00,83,14,905,584,103,125,820
2023-11-18 03:00:00,232,10,1047,2635,98,127,811
2023-11-21 03:00:00,205,5,947,1521,100,127,787
2023-11-26 03:00:00,87,7,888,6508,105,125,790
2023-11-28 03:00:00,273,7,758,923,102,126,808
2023-11-30 03:00:00,273,7,529,1250,95,122,724
2023-12-07 03:00:00,219,14,1167,1616,95,121,822
2023-12-08 03:00:00,260,12,1297,1915,428,120,849
2023-12-12 03:00:00,246,8,1207,1426,97,122,827
2023-12-13 03:00:00,151,8,1205,2500,94,120,803
2023-12-17 03:00:00,246,5,1015,1752,91,119,780
2023-12-19 03:00:00,260,12,1205,1494,94,119,823
2023-12-22 03:00:00,-13,10,1129,6779,101,126,848
2023-12-23 03:00:00,6,,,1562,99,124,802
2023-12-27 03:00:00,232,4,917,1576,97,126,806
2023-12-29 03:00:00,80,8,1158,475,100,120,830
2023-12-30 03:00:00,194,11,997,815,276,132,902
2023-12-31 03:00:00,151,9,1228,1576,321,123,839
2024-01-02 03:00:00,191,11,1115,1236,103,127,837
2024-01-04 03:00:00,273,8,1141,2730,95,,
2024-01-06 03:00:00,85,9,1234,706,105,120,819
2024-01-07 03:00:00,273,9,1208,1331,94,120,801
2024-01-08 03:00:00,81,27,953,475,99,137,879
2024-01-12 03:00:00,246,10,1274,1603,96,124,837
2024-01-14 03:00:00,-6,12,1073,747,400,120,857
2024-01-15 03:00:00,260,15,863,1725,98,126,834
2024-01-16 03:00:00,16,9,1016,652,103,120,804
2024-01-18 03:00:00,232,7,946,1508,99,126,879
2024-01-22 03:00:00,219,8,866,1576,100,128,827
2024-01-23 03:00:00,192,7,868,2078,97,123,808
2024-01-24 03:00:00,260,8,1013,3926,251,120,818
2024-01-28 03:00:00,204,7,798,1603,94,123,831
2024-01-30 03:00:00,171,15,991,2010,101,147,825
2024-01-31 03:00:00,82,9,1150,475,253,123,831
2024-02-03 03:00:00,192,15,1202,2146,97,122,825
2024-02-07 03:00:00,246,16,763,1440,235,143,828
2024-02-08 03:00:00,287,9,1065,2214,100,124,858
2024-02-10 03:00:00,219,9,961,1073,99,123,822
2024-02-13 03:00:00,232,10,890,1182,99,126,885
2024-02-14 03:00:00,246,15,906,1603,99,122,842
2024-02-15 03:00:00,196,14,1130,815,269,123,860
2024-02-17 03:00:00,192,13,995,1317,100,127,858
2024-02-19 03:00:00,246,10,811,1589,97,125,867
2024-02-20 03:00:00,273,6,1064,828,420,123,836
2024-02-21 03:00:00,287,12,938,1114,,122,832
2024-02-22 03:00:00,219,13,1128,1535,91,126,861
2024-02-23 03:00:00,196,15,796,706,99,144,872
2024-02-25 03:00:00,205,11,721,1141,350,123,803
2024-02-26 03:00:00,260,10,903,1453,96,148,885
2024-02-27 03:00:00,246,28,853,2010,95,120,866
2024-03-01 03:00:00,246,6,867,1630,407,125,814
2024-03-02 03:00:00,94,13,917,475,313,126,881
2024-03-04 03:00:00,232,16,1393,1589,425,128,906
2024-03-07 03:00:00,151,13,909,2635,99,124,847
2024-03-08 03:00:00,219,11,701,923,96,118,833
2024-03-11 03:00:00,273,11,916,2595,98,122,824
2024-03-12 03:00:00,80,8,915,1086,94,119,851
2024-03-14 03:00:00,273,23,888,1250,100,124,863
2024-03-15 03:00:00,246,13,796,2432,92,113,653
2024-03-17 03:00:00,192,9,1039,2404,92,126,859
2024-03-19 03:00:00,219,14,1134,1277,104,129,835
2024-03-22 03:00:00,246,20,1197,1345,97,124,822
2024-03-25 03:00:00,65,6,947,815,230,126,835
2024-03-27 03:00:00,178,17,1061,1358,104,180,922
2024-03-28 03:00:00,177,8,801,842,96,128,813
2024-03-29 03:00:00,20,23,991,625,107,127,792
2024-03-30 03:00:00,287,22,1378,1086,106,179,850
2024-04-01 03:00:00,287,13,808,1671,94,,
2024-04-03 03:00:00,232,28,1146,842,103,171,829
2024-04-06 03:00:00,273,9,925,1508,102,128,847
2024-04-07 03:00:00,232,7,806,1114,312,124,804
2024-04-08 03:00:00,192,24,840,2038,267,130,807
2024-04-09 03:00:00,246,9,1004,1535,98,128,803
2024-04-10 03:00:00,170,6,764,679,100,126,817
2024-04-11 03:00:00,205,14,965,1548,101,130,808
2024-04-12 03:00:00,205,17,902,2160,96,144,865
2024-04-15 03:00:00,246,11,1057,1521,101,128,826
2024-04-16 03:00:00,192,19,830,1372,95,137,841
2024-04-17 03:00:00,192,8,973,10828,96,122,835
2024-04-20 03:00:00,219,11,924,2826,96,149,891
2024-04-21 03:00:00,232,17,1015,1154,99,131,789
2024-04-22 03:00:00,260,19,886,1440,105,131,794
2024-04-23 03:00:00,260,14,765,1576,94,123,786
2024-04-25 03:00:00,86,,,7269,106,125,773
2024-04-26 03:00:00,300,10,826,1616,100,122,822
2024-04-27 03:00:00,260,13,1043,1603,96,124,805
2024-04-28 03:00:00,151,6,745,1141,99,120,817
2024-04-29 03:00:00,192,27,991,801,105,143,811
2024-05-02 03:00:00,219,14,774,1182,101,126,865
2024-05-04 03:00:00,192,39,778,923,102,126,786
2024-05-05 03:00:00,246,79,879,1372,102,129,846
2024-05-08 03:00:00,273,18,1034,1616,96,144,836
2024-05-10 03:00:00,273,,,1385,100,129,769
2024-05-11 03:00:00,178,7,790,1290,102,122,792
2024-05-12 03:00:00,66,10,882,557,101,122,825
2024-05-13 03:00:00,205,10,871,1304,96,124,817
2024-05-15 03:00:00,83,6,884,597,103,124,756
2024-05-16 03:00:00,287,13,1095,4782,99,130,836
2024-05-17 03:00:00,260,8,844,2051,96,123,775
2024-05-18 03:00:00,165,9,830,1277,104,129,788
2024-05-19 03:00:00,232,10,671,1032,96,119,763
2024-05-20 03:00:00,273,10,826,1657,96,129,811
2024-05-21 03:00:00,260,32,1072,1630,98,124,826
2024-05-22 03:00:00,260,6,775,1073,100,126,821
2024-05-25 03:00:00,205,8,938,1970,99,128,797
2024-05-27 03:00:00,205,11,891,1372,98,126,875
2024-05-28 03:00:00,219,5,948,1467,102,133,834
2024-05-31 03:00:00,84,6,750,475,,125,781
2024-06-01 03:00:00,83,10,870,5380,91,,
2024-06-02 03:00:00,246,10,990,1372,105,124,817
2024-06-03 03:00:00,287,5,734,1385,98,123,814
2024-06-04 03:00:00,246,56,765,1372,98,125,823
2024-06-05 03:00:00,2,11,1298,475,91,121,801
2024-06-06 03:00:00,246,10,1045,1114,102,125,814
2024-06-08 03:00:00,170,4,812,788,103,126,788
2024-06-09 03:00:00,246,,,1154,104,128,834
2024-06-10 03:00:00,232,8,687,2133,100,127,770
2024-06-11 03:00:00,178,11,925,1358,102,125,831
2024-06-12 03:00:00,260,32,588,1440,97,124,823
2024-06-13 03:00:00,260,10,1127,1535,103,131,817
2024-06-16 03:00:00,300,4,1330,1603,100,216,950
2024-06-18 03:00:00,205,14,899,978,107,130,830
2024-06-19 03:00:00,178,8,1185,1358,102,125,845
2024-06-20 03:00:00,246,8,828,1576,97,128,848
2024-06-21 03:00:00,232,5,758,1019,99,121,797
2024-06-22 03:00:00,260,9,1008,1942,98,124,828
2024-06-23 03:00:00,180,5,894,801,104,122,819
2024-06-26 03:00:00,260,8,1170,869,98,,
2024-06-27 03:00:00,314,14,781,923,107,130,846
2024-06-28 03:00:00,246,14,843,815,101,133,820
2024-06-29 03:00:00,273,12,817,2690,98,124,832
2024-06-30 03:00:00,93,9,971,475,110,126,841
2024-07-02 03:00:00,273,9,767,2540,95,120,824
2024-07-03 03:00:00,300,43,1038,801,94,152,892
2024-07-04 03:00:00,40,8,819,855,106,123,826
2024-07-05 03:00:00,219,7,805,1657,99,133,771
2024-07-10 03:00:00,246,40,1150,1358,93,179,877
2024-07-11 03:00:00,287,,,1589,99,,
2024-07-12 03:00:00,87,9,1058,475,101,124,791
2024-07-15 03:00:00,246,11,800,1195,100,122,819
2024-07-17 03:00:00,192,8,1144,1127,106,122,819
2024-07-18 03:00:00,246,6,1138,1195,104,127,835
2024-07-19 03:00:00,219,9,676,1576,95,123,763
2024-07-20 03:00:00,195,12,904,855,106,131,805
2024-07-21 03:00:00,273,14,883,2744,94,121,844
2024-07-23 03:00:00,151,56,799,1480,98,125,797
2024-07-24 03:00:00,191,18,1070,1576,99,129,843
2024-07-25 03:00:00,260,7,1050,1603,99,131,820
2024-07-26 03:00:00,192,12,983,815,101,127,818
2024-07-30 03:00:00,165,7,778,2839,99,126,786
2024-07-31 03:00:00,246,11,920,2160,97,129,810
2024-08-01 03:00:00,260,,,1277,,,
2024-08-02 03:00:00,191,6,264,1399,100,125,868
2024-08-03 03:00:00,246,6,1149,2051,91,128,822
2024-08-05 03:00:00,93,13,809,475,110,129,840
2024-08-09 03:00:00,273,7,947,1684,102,182,692
2024-08-10 03:00:00,232,12,791,842,101,131,783
2024-08-11 03:00:00,300,9,857,951,105,129,861
2024-08-13 03:00:00,232,21,1383,1589,98,147,847
2024-08-14 03:00:00,260,26,1190,1616,95,143,848
2024-08-15 03:00:00,196,8,881,828,102,123,825
2024-08-17 03:00:00,260,8,769,1616,99,128,883
2024-08-19 03:00:00,94,7,865,475,111,126,838
2024-08-21 03:00:00,260,11,901,2527,99,128,827
2024-08-22 03:00:00,150,6,950,8084,105,126,852
2024-08-24 03:00:00,300,15,1132,1019,100,150,850
2024-08-26 03:00:00,12,6,830,475,249,129,794
2024-08-28 03:00:00,164,5,767,2133,97,121,798
2024-08-29 03:00:00,232,9,918,1834,103,131,879
2024-08-31 03:00:00,156,8,1008,1372,103,126,853
2024-09-01 03:00:00,178,21,1078,1603,111,151,827
2024-09-02 03:00:00,219,6,1025,2554,100,128,884
2024-09-03 03:00:00,150,,,1589,,,
2024-09-04 03:00:00,17,17,1062,461,453,132,916
2024-09-06 03:00:00,246,10,1009,2730,364,161,871
2024-09-09 03:00:00,192,37,1817,2812,103,165,963
2024-09-11 03:00:00,277,22,1238,6385,97,129,906
2024-09-12 03:00:00,248,7,970,828,97,132,828
2024-09-14 03:00:00,205,10,914,1576,97,125,826
2024-09-15 03:00:00,169,8,894,842,102,132,894
2024-09-17 03:00:00,4,13,1000,475,116,188,920
2024-09-18 03:00:00,169,27,843,1141,107,193,874
2024-09-19 03:00:00,246,37,1159,2038,99,161,896
2024-09-22 03:00:00,94,21,1575,475,111,129,915
2024-09-23 03:00:00,110,10,968,1630,95,128,832
2024-09-24 03:00:00,192,16,779,1589,96,161,909
2024-09-26 03:00:00,205,6,669,1603,97,128,786
2024-09-27 03:00:00,232,9,777,1616,299,121,825
2024-09-29 03:00:00,246,9,762,1616,282,123,779
2024-10-01 03:00:00,89,8,1004,529,97,119,775
2024-10-04 03:00:00,155,11,841,679,441,134,798
2024-10-05 03:00:00,-20,7,861,1521,102,130,832
2024-10-06 03:00:00,246,8,1062,1453,100,128,856
2024-10-07 03:00:00,188,11,1012,7092,420,125,844
2024-10-09 03:00:00,260,81,1124,2635,92,134,910
2024-10-10 03:00:00,83,7,966,475,100,125,783
2024-10-11 03:00:00,137,8,1325,1304,219,128,869
2024-10-12 03:00:00,232,9,1130,2160,431,126,822
2021-06-07 03:00:00,,1,832,,391,109,684
2021-12-22 03:00:00,,15,834,,251,84,878
2022-03-17 03:00:00,,5,729,,79,131,811
2022-03-28 03:00:00,,43,782,,80,138,824
2022-04-03 03:00:00,,15,726,,237,126,795
2022-04-05 03:00:00,,7,687,,,,
2022-04-06 03:00:00,,12,692,,223,194,883
2022-04-11 03:00:00,,9,783,,84,140,777
2022-04-15 03:00:00,,12,807,,,,
2022-05-11 03:00:00,,28,799,,88,127,803
2022-07-20 03:00:00,,16,922,,96,121,780
2022-07-24 03:00:00,,10,910,,101,,
2022-08-23 03:00:00,,7,830,,210,118,709
2022-09-19 03:00:00,,7,950,,101,123,758
2022-09-22 03:00:00,,12,1188,,98,122,763
2022-09-29 03:00:00,,11,796,,307,163,787
2022-10-10 03:00:00,,16,1059,,93,121,817
2022-11-20 03:00:00,,7,822,,265,,
2022-11-27 03:00:00,,7,754,,236,102,792
2022-12-02 03:00:00,,5,836,,81,102,748
2022-12-05 03:00:00,,6,818,,193,101,766
2022-12-11 03:00:00,,8,793,,81,100,768
2022-12-14 03:00:00,,3,780,,190,97,775
2022-12-27 03:00:00,,5,801,,392,95,791
2023-01-15 03:00:00,,15,801,,367,97,747
2023-01-27 03:00:00,,7,830,,329,103,733
2023-02-01 03:00:00,,33,825,,399,115,838
2023-02-17 03:00:00,,9,927,,,,
2023-02-27 03:00:00,,10,1220,,428,120,807
2023-03-03 03:00:00,,10,993,,91,,
2023-03-12 03:00:00,,9,1235,,283,125,842
2023-03-13 03:00:00,,9,1139,,228,123,842
2023-03-17 03:00:00,,12,1005,,399,117,805
2023-03-22 03:00:00,,8,1204,,236,118,795
2023-04-05 03:00:00,,15,1315,,,126,834
2023-04-22 03:00:00,,10,1018,,,124,799
2023-04-28 03:00:00,,12,1070,,360,117,846
2023-05-14 03:00:00,,11,1171,,363,122,833
2023-06-15 03:00:00,,9,1135,,,,
2023-06-19 03:00:00,,5,894,,,125,763
2023-07-17 03:00:00,,6,1114,,97,123,778
2023-07-26 03:00:00,,7,1117,,99,127,829
2023-07-29 03:00:00,,9,1169,,110,127,813
2023-08-12 03:00:00,,15,998,,371,129,818
2023-08-29 03:00:00,,14,1130,,425,127,894
2023-09-03 03:00:00,,62,1208,,432,,
2023-09-15 03:00:00,,8,961,,296,122,874
2023-09-17 03:00:00,,28,1127,,,,
2023-09-19 03:00:00,,6,1175,,303,127,793
2023-09-21 03:00:00,,12,912,,276,127,863
2023-09-22 03:00:00,,9,1175,,370,130,896
2023-09-23 03:00:00,,14,779,,407,126,877
2023-09-28 03:00:00,,11,945,,404,121,830
2023-10-05 03:00:00,,8,1164,,241,126,859
2023-10-08 03:00:00,,16,840,,230,124,866
2023-10-12 03:00:00,,6,841,,227,123,803
2023-10-19 03:00:00,,9,994,,409,126,824
2023-10-23 03:00:00,,23,819,,276,148,868
2023-10-25 03:00:00,,8,834,,251,126,846
2023-10-27 03:00:00,,10,905,,334,120,839
2023-10-28 03:00:00,,13,1073,,269,120,845
2023-10-29 03:00:00,,11,829,,,,
2023-10-30 03:00:00,,9,1304,,281,123,863
2023-10-31 03:00:00,,8,978,,290,119,841
2023-11-09 03:00:00,,8,986,,403,123,803
2023-11-11 03:00:00,,8,1048,,236,130,854
2023-11-12 03:00:00,,11,928,,446,123,861
2023-11-15 03:00:00,,15,1084,,442,121,877
2023-11-22 03:00:00,,12,1087,,101,117,837
2023-11-25 03:00:00,,12,950,,279,122,829
2023-11-27 03:00:00,,10,889,,415,122,841
2023-11-29 03:00:00,,15,538,,399,144,713
2023-12-06 03:00:00,,15,921,,412,,
2023-12-09 03:00:00,,12,1270,,292,119,866
2023-12-14 03:00:00,,15,1043,,397,116,838
2023-12-18 03:00:00,,4,1138,,219,147,819
2023-12-24 03:00:00,,8,1199,,413,119,794
2023-12-25 03:00:00,,6,1305,,417,122,854
2023-12-26 03:00:00,,9,879,,211,121,812
2023-12-28 03:00:00,,13,985,,242,122,835
2024-01-03 03:00:00,,6,898,,430,121,830
2024-01-05 03:00:00,,8,1355,,279,150,852
2024-01-10 03:00:00,,12,1225,,429,123,874
2024-01-13 03:00:00,,16,1065,,412,117,873
2024-01-17 03:00:00,,5,824,,234,117,778
2024-01-19 03:00:00,,9,732,,277,120,877
2024-01-25 03:00:00,,13,1045,,305,120,866
2024-01-26 03:00:00,,8,1101,,252,121,807
2024-02-02 03:00:00,,15,1374,,376,121,884
2024-02-04 03:00:00,,6,964,,400,118,818
2024-02-05 03:00:00,,10,1303,,226,122,864
2024-02-06 03:00:00,,15,929,,250,121,880
2024-02-09 03:00:00,,8,1110,,404,123,837
2024-02-16 03:00:00,,8,837,,414,120,815
2024-02-18 03:00:00,,58,1152,,364,121,792
2024-02-24 03:00:00,,5,837,,231,123,831
2024-02-28 03:00:00,,9,1032,,325,125,834
2024-02-29 03:00:00,,4,892,,447,122,857
2024-03-03 03:00:00,,17,1020,,419,123,876
2024-03-06 03:00:00,,19,1033,,277,169,863
2024-03-09 03:00:00,,66,1063,,435,125,879
2024-03-13 03:00:00,,58,977,,410,131,871
2024-03-20 03:00:00,,21,771,,221,210,902
2024-03-21 03:00:00,,6,1012,,,,
2024-03-31 03:00:00,,7,1019,,201,125,813
2024-04-02 03:00:00,,24,757,,416,146,852
2024-04-19 03:00:00,,16,1071,,,,
2024-04-30 03:00:00,,37,723,,,,
2024-05-01 03:00:00,,10,946,,103,,
2024-05-29 03:00:00,,13,708,,431,120,775
2024-05-30 03:00:00,,11,617,,,128,837
2024-06-14 03:00:00,,9,1096,,268,153,842
2024-06-25 03:00:00,,11,938,,218,127,830
2024-07-06 03:00:00,,22,902,,378,123,834
2024-07-27 03:00:00,,7,773,,99,,
2024-07-28 03:00:00,,15,788,,93,127,856
2024-08-08 03:00:00,,10,852,,105,119,816
2024-08-20 03:00:00,,10,753,,114,152,909
2024-08-25 03:00:00,,11,995,,102,,
2024-08-27 03:00:00,,13,1045,,289,130,849
2024-09-08 03:00:00,,5,1129,,241,122,866
2024-09-10 03:00:00,,42,1011,,305,162,933
2024-09-13 03:00:00,,7,993,,368,127,894
2024-09-16 03:00:00,,11,1130,,248,130,898
2024-09-20 03:00:00,,15,855,,401,137,816
2024-09-25 03:00:00,,15,983,,439,131,838
2024-09-28 03:00:00,,5,792,,247,128,840
2024-09-30 03:00:00,,7,844,,424,127,799
2024-10-03 03:00:00,,6,934,,416,122,825
2024-10-08 03:00:00,,11,953,,216,126,903
2022-03-21 03:00:00,,,,,80,134,805
2022-03-22 03:00:00,,,,,79,,
2022-09-18 03:00:00,,,,,97,,
2022-09-28 03:00:00,,,,,96,,
2022-10-19 03:00:00,,,,,98,,
2022-10-23 03:00:00,,,,,97,,
2022-11-21 03:00:00,,,,,86,,
2022-12-08 03:00:00,,,,,192,98,783
2022-12-25 03:00:00,,,,,406,,
2023-01-20 03:00:00,,,,,80,,
2023-01-29 03:00:00,,,,,81,102,763
2023-02-11 03:00:00,,,,,85,,
2023-04-08 03:00:00,,,,,94,121,814
2023-04-29 03:00:00,,,,,91,,
2023-06-20 03:00:00,,,,,108,,
2023-07-02 03:00:00,,,,,99,,
2023-12-16 03:00:00,,,,,95,119,857
2024-07-07 03:00:00,,,,,104,,
2024-08-07 03:00:00,,,,,94,,
2022-12-13 03:00:00,,,,,,101,786
2023-02-20 03:00:00,,,,,,117,841
2023-12-21 03:00:00,,,,,,126,824
2024-07-09 03:00:00,,,,,,154,803

