Time,Attitude Quaternion 1
2019-02-11 03:00:00,0.41
2019-02-12 03:00:00,0.09
2019-02-13 03:00:00,0.15
2019-02-14 03:00:00,0.37
2019-02-15 03:00:00,0.35
2019-02-16 03:00:00,0.37
2019-02-17 03:00:00,0.36
2019-02-18 03:00:00,0.17
2019-02-19 03:00:00,0.38
2019-02-20 03:00:00,0.14
2019-02-21 03:00:00,-1.0
2019-02-22 03:00:00,-1.0
2019-02-23 03:00:00,0.11
2019-02-24 03:00:00,0.21
2019-02-25 03:00:00,0.42
2019-02-26 03:00:00,0.26
2019-02-27 03:00:00,0.24
2019-02-28 03:00:00,-1.0
2019-03-01 03:00:00,0.26
2019-03-02 03:00:00,0.24
2019-03-03 03:00:00,0.45
2019-03-04 03:00:00,0.45
2019-03-05 03:00:00,0.3
2019-03-06 03:00:00,0.46
2019-03-07 03:00:00,0.29
2019-03-08 03:00:00,0.53
2019-03-09 03:00:00,0.25
2019-03-10 03:00:00,0.0
2019-03-11 03:00:00,-1.0
2019-03-12 03:00:00,1.6e-08
2019-03-13 03:00:00,0.26
2019-03-14 03:00:00,0.34
2019-03-15 03:00:00,-1.0
2019-03-16 03:00:00,0.35
2019-03-17 03:00:00,0.6
2019-03-18 03:00:00,0.44
2019-03-19 03:00:00,1.6e-08
2019-03-20 03:00:00,0.36
2019-03-21 03:00:00,1.6e-08
2019-03-22 03:00:00,-1.0
2019-03-23 03:00:00,0.38
2019-03-24 03:00:00,0.57
2019-03-25 03:00:00,0.55
2019-03-26 03:00:00,0.59
2019-03-27 03:00:00,0.57
2019-03-28 03:00:00,0.0
2019-03-29 03:00:00,0.0
2019-03-30 03:00:00,0.62
2019-03-31 03:00:00,0.59
2019-04-01 03:00:00,0.59
2019-04-02 03:00:00,-1.0
2019-04-03 03:00:00,0.49
2019-04-04 03:00:00,0.42
2019-04-05 03:00:00,0.0
2019-04-06 03:00:00,0.66
2019-04-07 03:00:00,0.75
2019-04-08 03:00:00,0.7
2019-04-09 03:00:00,0.64
2019-04-10 03:00:00,0.66
2019-04-11 03:00:00,1.6e-08
2019-04-14 03:00:00,0.0
2019-04-15 03:00:00,0.66
2019-04-17 03:00:00,1.6e-08
2019-04-18 03:00:00,0.52
2019-04-19 03:00:00,-1.0
2019-04-20 03:00:00,0.56
2019-04-21 03:00:00,0.69
2019-04-22 03:00:00,-1.0
2019-04-23 03:00:00,0.7
2019-04-24 03:00:00,0.7
2019-04-25 03:00:00,0.7
2019-04-26 03:00:00,0.57
2019-04-28 03:00:00,0.6
2019-04-30 03:00:00,0.61
2019-05-01 03:00:00,0.72
2019-05-02 03:00:00,0.75
2019-05-03 03:00:00,0.74
2019-05-04 03:00:00,0.74
2019-05-05 03:00:00,0.062
2019-05-06 03:00:00,-1.0
2019-05-07 03:00:00,0.0
2019-05-08 03:00:00,0.78
2019-05-09 03:00:00,0.25
2019-05-10 03:00:00,0.76
2019-05-11 03:00:00,0.77
2019-05-12 03:00:00,0.44
2019-05-13 03:00:00,0.67
2019-05-14 03:00:00,-1.0
2019-05-15 03:00:00,-1.0
2019-05-16 03:00:00,0.0
2019-05-17 03:00:00,0.72
2019-05-18 03:00:00,0.72
2019-05-19 03:00:00,0.8
2019-05-20 03:00:00,0.8
2019-05-21 03:00:00,0.8
2019-05-22 03:00:00,0.8
2019-05-23 03:00:00,0.73
2019-05-24 03:00:00,0.81
2019-05-25 03:00:00,-1.0
2019-05-26 03:00:00,0.74
2019-05-27 03:00:00,0.74
2019-05-28 03:00:00,0.82
2019-05-29 03:00:00,0.75
2019-05-30 03:00:00,0.75
2019-05-31 03:00:00,0.0
2019-06-01 03:00:00,0.83
2019-06-02 03:00:00,0.83
2019-06-03 03:00:00,0.79
2019-06-04 03:00:00,0.76
2019-06-05 03:00:00,0.0
2019-06-06 03:00:00,0.79
2019-06-07 03:00:00,0.83
2019-06-08 03:00:00,0.69
2019-06-09 03:00:00,0.078
2019-06-10 03:00:00,0.55
2019-06-11 03:00:00,0.83
2019-06-12 03:00:00,0.83
2019-06-13 03:00:00,0.83
2019-06-14 03:00:00,0.81
2019-06-15 03:00:00,0.81
2019-06-16 03:00:00,0.84
2019-06-17 03:00:00,0.81
2019-06-18 03:00:00,0.82
2019-06-19 03:00:00,0.83
2019-06-20 03:00:00,0.65
2019-06-21 03:00:00,0.81
2019-06-22 03:00:00,-1.0
2019-06-23 03:00:00,0.82
2019-06-24 03:00:00,0.83
2019-06-25 03:00:00,0.83
2019-06-26 03:00:00,0.83
2019-06-27 03:00:00,0.83
2019-06-28 03:00:00,0.75
2019-06-29 03:00:00,0.0
2019-06-30 03:00:00,0.17
2019-07-01 03:00:00,0.83
2019-07-02 03:00:00,0.0
2019-07-03 03:00:00,0.81
2019-07-04 03:00:00,0.82
2019-07-05 03:00:00,0.81
2019-07-06 03:00:00,0.82
2019-07-07 03:00:00,0.83
2019-07-08 03:00:00,0.81
2019-07-09 03:00:00,0.81
2019-07-10 03:00:00,0.83
2019-07-11 03:00:00,0.8
2019-07-12 03:00:00,0.79
2019-07-13 03:00:00,0.79
2019-07-14 03:00:00,0.79
2019-07-15 03:00:00,0.83
2019-07-16 03:00:00,0.78
2019-07-17 03:00:00,0.78
2019-07-18 03:00:00,0.82
2019-07-19 03:00:00,0.82
2019-07-20 03:00:00,0.82
2019-07-21 03:00:00,0.78
2019-07-22 03:00:00,0.76
2019-07-23 03:00:00,0.74
2019-07-24 03:00:00,0.81
2019-07-25 03:00:00,0.81
2019-07-26 03:00:00,0.0
2019-07-27 03:00:00,0.0
2019-07-28 03:00:00,0.81
2019-07-29 03:00:00,0.81
2019-07-30 03:00:00,0.8
2019-07-31 03:00:00,0.74
2019-08-01 03:00:00,0.66
2019-08-02 03:00:00,0.8
2019-08-03 03:00:00,0.0
2019-08-04 03:00:00,0.8
2019-08-05 03:00:00,0.8
2019-08-06 03:00:00,0.59
2019-08-07 03:00:00,1.6e-08
2019-08-08 03:00:00,0.69
2019-08-09 03:00:00,0.78
2019-08-10 03:00:00,0.68
2019-08-11 03:00:00,0.69
2019-08-12 03:00:00,0.7
2019-08-13 03:00:00,0.76
2019-08-14 03:00:00,0.67
2019-08-15 03:00:00,0.76
2019-08-16 03:00:00,0.57
2019-08-17 03:00:00,0.78
2019-08-18 03:00:00,0.75
2019-08-19 03:00:00,0.62
2019-08-20 03:00:00,0.64
2019-08-21 03:00:00,0.74
2019-08-22 03:00:00,0.63
2019-08-23 03:00:00,0.0
2019-08-24 03:00:00,0.75
2019-08-25 03:00:00,0.63
2019-08-26 03:00:00,0.12
2019-08-27 03:00:00,0.0
2019-08-28 03:00:00,0.6
2019-08-29 03:00:00,0.6
2019-08-30 03:00:00,8.2e-06
2019-08-31 03:00:00,0.7
2019-09-01 03:00:00,0.7
2019-09-02 03:00:00,0.71
2019-09-03 03:00:00,0.55
2019-09-04 03:00:00,0.68
2019-09-05 03:00:00,0.47
2019-09-06 03:00:00,0.58
2019-09-07 03:00:00,0.67
2019-09-08 03:00:00,0.69
2019-09-09 03:00:00,0.66
2019-09-10 03:00:00,0.66
2019-09-11 03:00:00,0.66
2019-09-12 03:00:00,0.52
2019-09-13 03:00:00,0.5
2019-09-14 03:00:00,0.64
2019-09-15 03:00:00,0.63
2019-09-16 03:00:00,0.62
2019-09-17 03:00:00,0.46
2019-09-18 03:00:00,0.57
2019-09-19 03:00:00,0.69
2019-09-20 03:00:00,-1.0
2019-09-21 03:00:00,0.65
2019-09-22 03:00:00,0.47
2019-09-23 03:00:00,0.41
2019-09-24 03:00:00,0.59
2019-09-25 03:00:00,0.022
2019-09-26 03:00:00,0.39
2019-09-27 03:00:00,0.57
2019-09-28 03:00:00,0.42
2019-09-29 03:00:00,0.63
2019-09-30 03:00:00,0.56
2019-10-01 03:00:00,0.42
2019-10-02 03:00:00,0.42
2019-10-03 03:00:00,0.4
2019-10-07 03:00:00,0.67
2019-10-08 03:00:00,0.6
2019-10-09 03:00:00,7.7e-06
2019-10-10 03:00:00,0.5
2019-10-11 03:00:00,0.37
2019-10-12 03:00:00,0.5
2019-10-13 03:00:00,0.32
2019-10-14 03:00:00,0.35
2019-10-15 03:00:00,0.52
2019-10-16 03:00:00,0.48
2019-10-17 03:00:00,0.34
2019-10-18 03:00:00,0.56
2019-10-19 03:00:00,0.34
2019-10-20 03:00:00,0.46
2019-10-21 03:00:00,0.32
2019-10-22 03:00:00,0.31
2019-10-23 03:00:00,0.5
2019-10-24 03:00:00,0.3
2019-10-25 03:00:00,0.3
2019-10-26 03:00:00,0.42
2019-10-27 03:00:00,0.37
2019-10-28 03:00:00,0.0
2019-10-29 03:00:00,0.42
2019-10-30 03:00:00,0.39
2019-10-31 03:00:00,0.26
2019-11-01 03:00:00,0.24
2019-11-02 03:00:00,0.0
2019-11-03 03:00:00,0.38
2019-11-04 03:00:00,0.43
2019-11-05 03:00:00,0.22
2019-11-06 03:00:00,0.23
2019-11-07 03:00:00,0.026
2019-11-08 03:00:00,-1.0
2019-11-09 03:00:00,0.19
2019-11-10 03:00:00,0.21
2019-11-11 03:00:00,0.2
2019-11-12 03:00:00,0.35
2019-11-13 03:00:00,-1.0
2019-11-14 03:00:00,0.33
2019-11-15 03:00:00,0.0
2019-11-16 03:00:00,0.15
2019-11-17 03:00:00,0.31
2019-11-18 03:00:00,0.32
2019-11-19 03:00:00,0.0
2019-11-20 03:00:00,0.0
2019-11-21 03:00:00,0.0
2019-11-22 03:00:00,-1.0
2019-11-23 03:00:00,0.0
2019-11-24 03:00:00,0.12
2019-11-25 03:00:00,0.0
2019-11-26 03:00:00,0.0
2019-11-27 03:00:00,0.0
2019-11-28 03:00:00,0.098
2019-11-29 03:00:00,0.098
2019-11-30 03:00:00,0.088
2019-12-01 03:00:00,0.0
2019-12-02 03:00:00,0.0
2019-12-03 03:00:00,-1.0
2019-12-04 03:00:00,-1.0
2019-12-05 03:00:00,0.0
2019-12-06 03:00:00,0.0
2019-12-07 03:00:00,0.049
2019-12-08 03:00:00,0.047
2019-12-09 03:00:00,-1.0
2019-12-10 03:00:00,-1.0
2019-12-11 03:00:00,0.0
2019-12-12 03:00:00,8.2e-06
2019-12-13 03:00:00,0.0
2019-12-14 03:00:00,0.0
2019-12-15 03:00:00,0.0
2019-12-16 03:00:00,0.00032
2019-12-29 03:00:00,-1.0
2019-12-30 03:00:00,0.0
2019-12-31 03:00:00,-1.0
2020-01-01 03:00:00,-1.0
2020-01-02 03:00:00,0.0
2020-01-03 03:00:00,0.0
2020-01-04 03:00:00,0.0
2020-01-05 03:00:00,0.0
2020-01-06 03:00:00,0.0
2020-01-07 03:00:00,0.0
2020-01-08 03:00:00,0.0
2020-01-09 03:00:00,0.0
2020-01-10 03:00:00,0.0
2020-01-11 03:00:00,0.0
2020-01-12 03:00:00,0.0
2020-01-13 03:00:00,0.0
2020-01-14 03:00:00,-1.0
2020-01-15 03:00:00,0.0
2020-01-16 03:00:00,-1.0
2020-01-17 03:00:00,0.0
2020-01-18 03:00:00,0.0
2020-01-19 03:00:00,0.0
2020-01-20 03:00:00,-1.0
2020-01-21 03:00:00,-1.0
2020-01-22 03:00:00,0.0
2020-01-23 03:00:00,0.0
2020-01-24 03:00:00,0.0
2020-01-25 03:00:00,0.2
2020-01-26 03:00:00,0.0
2020-01-27 03:00:00,0.0
2020-01-28 03:00:00,0.0
2020-01-29 03:00:00,-1.0
2020-01-30 03:00:00,0.0
2020-01-31 03:00:00,0.0
2020-02-01 03:00:00,0.14
2020-02-02 03:00:00,0.15
2020-02-03 03:00:00,-1.0
2020-02-04 03:00:00,0.28
2020-02-05 03:00:00,0.42
2020-02-06 03:00:00,0.0
2020-02-07 03:00:00,0.43
2020-02-08 03:00:00,-1.0
2020-02-09 03:00:00,0.0
2020-02-10 03:00:00,0.0
2020-02-11 03:00:00,0.065
2020-02-12 03:00:00,8.2e-06
2020-02-13 03:00:00,0.0
2020-02-14 03:00:00,0.33
2020-02-15 03:00:00,0.42
2020-02-16 03:00:00,-1.0
2020-02-17 03:00:00,-1.0
2020-02-18 03:00:00,-1.0
2020-02-19 03:00:00,0.0
2020-02-20 03:00:00,0.31
2020-02-21 03:00:00,-1.0
2020-02-22 03:00:00,0.0
2020-02-23 03:00:00,0.0
2020-02-24 03:00:00,0.0
2020-02-25 03:00:00,3.4e-08
2020-02-26 03:00:00,0.0
2020-02-27 03:00:00,6.8e-06
2020-02-28 03:00:00,0.0
2020-02-29 03:00:00,0.0
2020-03-01 03:00:00,-1.0
2020-03-02 03:00:00,0.11
2020-03-03 03:00:00,0.68
2020-03-04 03:00:00,0.0
2020-03-05 03:00:00,0.69
2020-03-06 03:00:00,6e-06
2020-03-07 03:00:00,-1.0
2020-03-08 03:00:00,-1.0
2020-03-09 03:00:00,-1.0
2020-03-10 03:00:00,0.16
2020-03-11 03:00:00,0.18
2020-03-12 03:00:00,0.27
2020-03-13 03:00:00,0.54
2020-03-14 03:00:00,0.54
2020-03-15 03:00:00,-1.0
2020-03-16 03:00:00,0.38
2020-03-17 03:00:00,0.051
2020-03-18 03:00:00,0.52
2020-03-19 03:00:00,0.34
2020-03-20 03:00:00,0.59
2020-03-21 03:00:00,0.55
2020-03-22 03:00:00,0.25
2020-03-23 03:00:00,0.28
2020-03-24 03:00:00,0.3
2020-03-25 03:00:00,0.39
2020-03-26 03:00:00,0.41
2020-03-27 03:00:00,0.0
2020-03-28 03:00:00,0.0
2020-03-29 03:00:00,-1.0
2020-03-30 03:00:00,0.59
2020-03-31 03:00:00,0.59
2020-04-01 03:00:00,0.46
2020-04-02 03:00:00,0.46
2020-04-03 03:00:00,0.45
2020-04-04 03:00:00,0.44
2020-04-05 03:00:00,0.63
2020-04-06 03:00:00,0.45
2020-04-07 03:00:00,0.0
2020-04-08 03:00:00,0.0
2020-04-09 03:00:00,0.0
2020-04-10 03:00:00,0.29
2020-04-11 03:00:00,-1.0
2020-04-12 03:00:00,0.0
2020-04-13 03:00:00,0.51
2020-04-14 03:00:00,-1.0
2020-04-15 03:00:00,0.0
2020-04-16 03:00:00,0.0
2020-04-17 03:00:00,0.5
2020-04-18 03:00:00,0.047
2020-04-19 03:00:00,0.077
2020-04-20 03:00:00,0.0
2020-04-21 03:00:00,0.0
2020-04-22 03:00:00,0.58
2020-04-23 03:00:00,0.72
2020-04-24 03:00:00,0.61
2020-04-25 03:00:00,0.59
2020-04-26 03:00:00,0.72
2020-04-27 03:00:00,0.59
2020-04-28 03:00:00,0.63
2020-04-29 03:00:00,0.0
2020-04-30 03:00:00,0.0
2020-05-01 03:00:00,0.76
2020-05-02 03:00:00,0.75
2020-05-03 03:00:00,0.65
2020-05-04 03:00:00,0.74
2020-05-05 03:00:00,0.76
2020-05-06 03:00:00,0.76
2020-05-07 03:00:00,0.79
2020-05-08 03:00:00,0.76
2020-05-09 03:00:00,0.68
2020-05-10 03:00:00,0.77
2020-05-11 03:00:00,0.68
2020-05-12 03:00:00,0.0
2020-05-13 03:00:00,0.79
2020-05-14 03:00:00,0.8
2020-05-15 03:00:00,0.8
2020-05-16 03:00:00,0.7
2020-05-17 03:00:00,0.3
2020-05-18 03:00:00,0.59
2020-05-19 03:00:00,0.12
2020-05-20 03:00:00,0.0
2020-05-21 03:00:00,0.0
2020-05-22 03:00:00,0.81
2020-05-23 03:00:00,0.61
2020-05-24 03:00:00,0.66
2020-05-25 03:00:00,0.8
2020-05-26 03:00:00,0.59
2020-05-27 03:00:00,0.66
2020-05-28 03:00:00,0.54
2020-05-29 03:00:00,0.77
2020-05-30 03:00:00,0.83
2020-05-31 03:00:00,0.83
2020-06-01 03:00:00,0.78
2020-06-02 03:00:00,0.78
2020-06-03 03:00:00,0.83
2020-06-04 03:00:00,0.83
2020-06-05 03:00:00,0.38
2020-06-06 03:00:00,0.0
2020-06-07 03:00:00,0.82
2020-06-08 03:00:00,0.8
2020-06-09 03:00:00,0.83
2020-06-10 03:00:00,0.27
2020-06-11 03:00:00,0.83
2020-06-12 03:00:00,0.79
2020-06-13 03:00:00,0.84
2020-06-14 03:00:00,0.81
2020-06-15 03:00:00,0.84
2020-06-16 03:00:00,0.81
2020-06-17 03:00:00,0.83
2020-06-18 03:00:00,0.83
2020-06-19 03:00:00,0.82
2020-06-20 03:00:00,0.82
2020-06-21 03:00:00,0.82
2020-06-22 03:00:00,0.0
2020-06-23 03:00:00,0.17
2020-06-24 03:00:00,0.82
2020-06-25 03:00:00,0.82
2020-06-26 03:00:00,0.82
2020-06-27 03:00:00,0.82
2020-06-28 03:00:00,0.59
2020-06-29 03:00:00,0.83
2020-06-30 03:00:00,0.83
2020-07-01 03:00:00,0.14
2020-07-02 03:00:00,0.83
2020-07-03 03:00:00,0.81
2020-07-04 03:00:00,0.81
2020-07-05 03:00:00,0.83
2020-07-06 03:00:00,0.83
2020-07-07 03:00:00,0.81
2020-07-08 03:00:00,0.81
2020-07-09 03:00:00,0.74
2020-07-10 03:00:00,0.83
2020-07-11 03:00:00,0.73
2020-07-12 03:00:00,0.8
2020-07-13 03:00:00,0.49
2020-07-14 03:00:00,0.83
2020-07-15 03:00:00,0.64
2020-07-16 03:00:00,0.83
2020-07-17 03:00:00,0.82
2020-07-18 03:00:00,0.77
2020-07-19 03:00:00,0.73
2020-07-20 03:00:00,0.22
2020-07-21 03:00:00,0.82
2020-07-22 03:00:00,0.74
2020-07-23 03:00:00,0.75
2020-07-24 03:00:00,0.74
2020-07-25 03:00:00,0.76
2020-07-26 03:00:00,0.57
2020-07-27 03:00:00,0.26
2020-07-28 03:00:00,0.57
2020-07-29 03:00:00,0.81
2020-07-30 03:00:00,0.73
2020-07-31 03:00:00,0.8
2020-08-01 03:00:00,0.8
2020-08-02 03:00:00,-1.0
2020-08-03 03:00:00,0.79
2020-08-04 03:00:00,0.8
2020-08-05 03:00:00,0.79
2020-08-06 03:00:00,0.69
2020-08-07 03:00:00,0.66
2020-08-08 03:00:00,0.78
2020-08-09 03:00:00,0.78
2020-08-10 03:00:00,0.0
2020-08-11 03:00:00,0.66
2020-08-12 03:00:00,0.78
2020-08-13 03:00:00,0.68
2020-08-14 03:00:00,0.19
2020-08-15 03:00:00,0.75
2020-08-16 03:00:00,0.64
2020-08-17 03:00:00,0.21
2020-08-18 03:00:00,0.56
2020-08-19 03:00:00,0.63
2020-08-20 03:00:00,0.55
2020-08-21 03:00:00,0.73
2020-08-22 03:00:00,0.0
2020-08-23 03:00:00,0.72
2020-08-24 03:00:00,0.0
2020-08-25 03:00:00,0.77
2020-08-26 03:00:00,0.71
2020-08-27 03:00:00,0.77
2020-08-28 03:00:00,0.0
2020-08-29 03:00:00,0.0
2020-08-30 03:00:00,0.69
2020-08-31 03:00:00,0.69
2020-09-01 03:00:00,0.55
2020-09-02 03:00:00,0.75
2020-09-03 03:00:00,0.35
2020-09-04 03:00:00,0.67
2020-09-05 03:00:00,0.57
2020-09-06 03:00:00,-1.0
2020-09-07 03:00:00,0.0
2020-09-08 03:00:00,0.37
2020-09-09 03:00:00,0.51
2020-09-10 03:00:00,0.0
2020-09-11 03:00:00,0.0
2020-09-12 03:00:00,-1.0
2020-09-13 03:00:00,0.52
2020-09-14 03:00:00,0.049
2020-09-15 03:00:00,0.0
2020-09-16 03:00:00,0.0
2020-09-17 03:00:00,0.71
2020-09-18 03:00:00,0.6
2020-09-19 03:00:00,0.6
2020-09-20 03:00:00,0.0
2020-09-21 03:00:00,0.58
2020-09-22 03:00:00,0.44
2020-09-23 03:00:00,0.57
2020-09-24 03:00:00,0.42
2020-09-25 03:00:00,0.43
2020-09-26 03:00:00,0.38
2020-09-27 03:00:00,-1.0
2020-09-28 03:00:00,0.0
2020-09-29 03:00:00,0.42
2020-09-30 03:00:00,0.55
2020-10-01 03:00:00,0.39
2020-10-02 03:00:00,0.0
2020-10-03 03:00:00,-1.0
2020-10-04 03:00:00,0.51
2020-10-05 03:00:00,0.4
2020-10-06 03:00:00,0.0
2020-10-07 03:00:00,0.49
2020-10-08 03:00:00,0.0
2020-10-09 03:00:00,-1.0
2020-10-10 03:00:00,0.36
2020-10-11 03:00:00,0.47
2020-10-12 03:00:00,0.47
2020-10-13 03:00:00,0.33
2020-10-14 03:00:00,0.49
2020-10-15 03:00:00,-1.0
2020-10-16 03:00:00,0.28
2020-10-17 03:00:00,0.44
2020-10-18 03:00:00,0.47
2020-10-19 03:00:00,0.3
2020-10-20 03:00:00,0.29
2020-10-21 03:00:00,0.44
2020-10-22 03:00:00,0.4
2020-10-23 03:00:00,0.0
2020-10-24 03:00:00,-1.0
2020-10-25 03:00:00,0.0
2020-10-26 03:00:00,0.0
2020-10-27 03:00:00,0.26
2020-10-28 03:00:00,0.38
2020-10-29 03:00:00,0.39
2020-10-30 03:00:00,0.37
2020-10-31 03:00:00,-1.0
2020-11-01 03:00:00,0.0
2020-11-02 03:00:00,0.35
2020-11-03 03:00:00,-1.0
2020-11-04 03:00:00,0.21
2020-11-05 03:00:00,0.2
2020-11-06 03:00:00,0.34
2020-11-07 03:00:00,0.18
2020-11-08 03:00:00,0.31
2020-11-09 03:00:00,0.32
2020-11-10 03:00:00,0.18
2020-11-11 03:00:00,0.17
2020-11-12 03:00:00,0.17
2020-11-13 03:00:00,-1.0
2020-11-14 03:00:00,-1.0
2020-11-15 03:00:00,-1.0
2020-11-16 03:00:00,0.0
2020-11-17 03:00:00,0.0
2020-11-18 03:00:00,0.3
2020-11-19 03:00:00,0.13
2020-11-20 03:00:00,0.26
2020-11-21 03:00:00,0.12
2020-11-22 03:00:00,0.11
2020-11-23 03:00:00,0.09
2020-11-24 03:00:00,0.097
2020-11-25 03:00:00,0.23
2020-11-26 03:00:00,0.098
2020-11-27 03:00:00,0.0
2020-11-28 03:00:00,0.23
2020-11-29 03:00:00,0.0
2020-11-30 03:00:00,-1.0
2020-12-01 03:00:00,0.0
2020-12-02 03:00:00,0.0
2020-12-03 03:00:00,0.055
2020-12-04 03:00:00,0.046
2020-12-05 03:00:00,0.0
2020-12-06 03:00:00,0.0
2020-12-07 03:00:00,0.044
2020-12-08 03:00:00,0.13
2020-12-09 03:00:00,0.0
2020-12-10 03:00:00,0.0
2020-12-11 03:00:00,0.0
2020-12-12 03:00:00,0.002
2020-12-13 03:00:00,0.0
2020-12-14 03:00:00,0.0
2020-12-15 03:00:00,0.0
2020-12-16 03:00:00,0.0
2020-12-17 03:00:00,0.0
2020-12-18 03:00:00,0.0
2020-12-19 03:00:00,0.0
2020-12-20 03:00:00,0.0
2020-12-21 03:00:00,-1.0
2020-12-22 03:00:00,0.0
2020-12-23 03:00:00,0.0
2020-12-24 03:00:00,0.0
2020-12-25 03:00:00,0.0
2020-12-26 03:00:00,0.0
2020-12-27 03:00:00,0.0
2020-12-28 03:00:00,0.0
2020-12-29 03:00:00,0.0
2020-12-30 03:00:00,0.0
2020-12-31 03:00:00,0.0
2021-01-01 03:00:00,0.0
2021-01-02 03:00:00,0.0
2021-01-03 03:00:00,0.0
2021-01-04 03:00:00,0.0
2021-01-05 03:00:00,0.12
2021-01-06 03:00:00,0.0
2021-01-07 03:00:00,0.0
2021-01-08 03:00:00,0.15
2021-01-09 03:00:00,0.19
2021-01-10 03:00:00,0.013
2021-01-11 03:00:00,0.2
2021-01-12 03:00:00,0.074
2021-01-13 03:00:00,-1.0
2021-01-14 03:00:00,-1.0
2021-01-15 03:00:00,0.0
2021-01-16 03:00:00,-1.0
2021-01-17 03:00:00,0.0047
2021-01-18 03:00:00,0.023
2021-01-19 03:00:00,0.0036
2021-01-20 03:00:00,0.27
2021-01-21 03:00:00,0.11
2021-01-22 03:00:00,0.32
2021-01-23 03:00:00,0.11
2021-01-24 03:00:00,0.15
2021-01-25 03:00:00,0.3
2021-01-26 03:00:00,0.15
2021-01-27 03:00:00,0.0
2021-01-28 03:00:00,-1.0
2021-01-29 03:00:00,0.29
2021-01-30 03:00:00,0.28
2021-01-31 03:00:00,0.31
2021-02-01 03:00:00,0.32
2021-02-02 03:00:00,0.31
2021-02-03 03:00:00,0.33
2021-02-04 03:00:00,0.36
2021-02-05 03:00:00,0.13
2021-02-06 03:00:00,0.37
2021-02-07 03:00:00,0.41
2021-02-08 03:00:00,0.18
2021-02-09 03:00:00,-1.0
2021-02-10 03:00:00,0.2
2021-02-11 03:00:00,0.2
2021-02-12 03:00:00,-1.0
2021-02-13 03:00:00,0.51
2021-02-14 03:00:00,-1.0
2021-02-15 03:00:00,0.3
2021-02-16 03:00:00,0.28
2021-02-17 03:00:00,0.33
2021-02-18 03:00:00,0.17
2021-02-19 03:00:00,0.2
2021-02-20 03:00:00,0.21
2021-02-21 03:00:00,0.23
2021-02-22 03:00:00,0.47
2021-02-23 03:00:00,0.42
2021-02-24 03:00:00,0.45
2021-02-25 03:00:00,0.27
2021-02-26 03:00:00,0.26
2021-02-27 03:00:00,0.3
2021-02-28 03:00:00,0.3
2021-03-01 03:00:00,0.27
2021-03-02 03:00:00,0.45
2021-03-03 03:00:00,0.25
2021-03-04 03:00:00,0.0
2021-03-05 03:00:00,0.0066
2021-03-06 03:00:00,0.0
2021-03-07 03:00:00,0.0
2021-03-08 03:00:00,0.59
2021-03-09 03:00:00,-1.0
2021-03-10 03:00:00,0.3
2021-03-11 03:00:00,0.33
2021-03-12 03:00:00,0.35
2021-03-13 03:00:00,0.36
2021-03-14 03:00:00,0.53
2021-03-15 03:00:00,0.48
2021-03-16 03:00:00,0.54
2021-03-17 03:00:00,0.52
2021-03-18 03:00:00,0.21
2021-03-19 03:00:00,0.68
2021-03-20 03:00:00,-1.0
2021-03-21 03:00:00,0.26
2021-03-22 03:00:00,0.65
2021-03-23 03:00:00,0.41
2021-03-24 03:00:00,0.57
2021-03-25 03:00:00,0.42
2021-03-26 03:00:00,0.6
2021-03-27 03:00:00,0.58
2021-03-28 03:00:00,0.44
2021-03-29 03:00:00,0.6
2021-03-30 03:00:00,0.0
2021-03-31 03:00:00,0.46
2021-04-01 03:00:00,0.6
2021-04-02 03:00:00,0.44
2021-04-03 03:00:00,0.63
2021-04-04 03:00:00,0.46
2021-04-05 03:00:00,0.64
2021-04-06 03:00:00,0.49
2021-04-07 03:00:00,0.5
2021-04-08 03:00:00,0.63
2021-04-09 03:00:00,0.51
2021-04-10 03:00:00,0.43
2021-04-11 03:00:00,0.63
2021-04-12 03:00:00,0.52
2021-04-13 03:00:00,0.51
2021-04-14 03:00:00,0.53
2021-04-15 03:00:00,0.54
2021-04-16 03:00:00,0.52
2021-04-17 03:00:00,0.68
2021-04-18 03:00:00,0.54
2021-04-19 03:00:00,0.54
2021-04-20 03:00:00,0.7
2021-04-21 03:00:00,0.55
2021-04-22 03:00:00,0.69
2021-04-23 03:00:00,0.57
2021-04-24 03:00:00,0.58
2021-04-25 03:00:00,0.59
2021-04-26 03:00:00,0.7
2021-04-27 03:00:00,0.6
2021-04-28 03:00:00,0.6
2021-04-29 03:00:00,0.72
2021-04-30 03:00:00,0.0
2021-05-01 03:00:00,0.64
2021-05-02 03:00:00,0.037
2021-05-03 03:00:00,0.037
2021-05-04 03:00:00,0.037
2021-05-05 03:00:00,0.62
2021-05-06 03:00:00,0.62
2021-05-07 03:00:00,0.66
2021-05-08 03:00:00,0.75
2021-05-09 03:00:00,0.34
2021-05-10 03:00:00,0.15
2021-05-11 03:00:00,0.7
2021-05-12 03:00:00,0.0
2021-05-13 03:00:00,0.8
2021-05-14 03:00:00,0.52
2021-05-15 03:00:00,0.51
2021-05-16 03:00:00,0.51
2021-05-17 03:00:00,0.51
2021-05-18 03:00:00,0.69
2021-05-19 03:00:00,0.7
2021-05-20 03:00:00,0.68
2021-05-21 03:00:00,0.79
2021-05-22 03:00:00,0.7
2021-05-23 03:00:00,0.78
2021-05-24 03:00:00,0.0
2021-05-25 03:00:00,0.73
2021-05-26 03:00:00,0.73
2021-05-27 03:00:00,0.72
2021-05-28 03:00:00,0.72
2021-05-29 03:00:00,0.8
2021-05-30 03:00:00,0.74
2021-05-31 03:00:00,0.81
2021-06-01 03:00:00,0.71
2021-06-02 03:00:00,0.59
2021-06-03 03:00:00,-1.0
2021-06-04 03:00:00,0.78
2021-06-05 03:00:00,0.0
2021-06-06 03:00:00,0.77
2021-06-07 03:00:00,0.82
2021-06-08 03:00:00,0.66
2021-06-09 03:00:00,0.77
2021-06-10 03:00:00,0.49
2021-06-11 03:00:00,0.77
2021-06-12 03:00:00,0.058
2021-06-13 03:00:00,0.65
2021-06-14 03:00:00,0.35
2021-06-15 03:00:00,0.21
2021-06-16 03:00:00,0.7
2021-06-17 03:00:00,0.8
2021-06-18 03:00:00,0.83
2021-06-19 03:00:00,0.79
2021-06-20 03:00:00,0.79
2021-06-21 03:00:00,0.83
2021-06-22 03:00:00,0.8
2021-06-23 03:00:00,0.42
2021-06-24 03:00:00,0.3
2021-06-25 03:00:00,0.58
2021-06-26 03:00:00,0.84
2021-06-27 03:00:00,0.8
2021-06-28 03:00:00,0.0
2021-06-29 03:00:00,0.94
2021-06-30 03:00:00,0.83
2021-07-01 03:00:00,0.83
2021-07-02 03:00:00,0.35
2021-07-03 03:00:00,0.2
2021-07-04 03:00:00,0.65
2021-07-05 03:00:00,0.83
2021-07-06 03:00:00,0.83
2021-07-07 03:00:00,0.83
2021-07-08 03:00:00,0.83
2021-07-09 03:00:00,0.44
2021-07-10 03:00:00,0.32
2021-07-11 03:00:00,0.42
2021-07-12 03:00:00,0.57
2021-07-13 03:00:00,0.44
2021-07-14 03:00:00,0.78
2021-07-15 03:00:00,0.75
2021-07-16 03:00:00,0.74
2021-07-17 03:00:00,0.83
2021-07-18 03:00:00,0.0
2021-07-19 03:00:00,0.74
2021-07-20 03:00:00,0.82
2021-07-21 03:00:00,0.82
2021-07-22 03:00:00,0.82
2021-07-23 03:00:00,0.74
2021-07-24 03:00:00,0.82
2021-07-25 03:00:00,0.82
2021-07-26 03:00:00,0.71
2021-07-27 03:00:00,0.81
2021-07-28 03:00:00,0.81
2021-07-29 03:00:00,0.72
2021-07-30 03:00:00,0.8
2021-07-31 03:00:00,0.71
2021-08-01 03:00:00,0.72
2021-08-02 03:00:00,0.71
2021-08-03 03:00:00,0.67
2021-08-04 03:00:00,0.69
2021-08-05 03:00:00,0.0
2021-08-06 03:00:00,0.7
2021-08-07 03:00:00,0.79
2021-08-08 03:00:00,0.68
2021-08-09 03:00:00,0.78
2021-08-10 03:00:00,0.78
2021-08-11 03:00:00,0.77
2021-08-12 03:00:00,0.77
2021-08-13 03:00:00,0.78
2021-08-14 03:00:00,0.76
2021-08-15 03:00:00,0.65
2021-08-16 03:00:00,0.75
2021-08-17 03:00:00,0.75
2021-08-18 03:00:00,0.75
2021-08-19 03:00:00,0.63
2021-08-20 03:00:00,0.73
2021-08-21 03:00:00,0.73
2021-08-22 03:00:00,0.63
2021-08-23 03:00:00,0.63
2021-08-24 03:00:00,0.73
2021-08-25 03:00:00,0.62
2021-08-26 03:00:00,0.61
2021-08-27 03:00:00,0.0
2021-08-28 03:00:00,0.0
2021-08-29 03:00:00,0.0
2021-08-30 03:00:00,0.46
2021-08-31 03:00:00,0.46
2021-09-01 03:00:00,0.46
2021-09-02 03:00:00,0.0
2021-09-03 03:00:00,0.7
2021-09-04 03:00:00,0.75
2021-09-05 03:00:00,0.0
2021-09-06 03:00:00,0.47
2021-09-07 03:00:00,-1.0
2021-09-08 03:00:00,0.54
2021-09-09 03:00:00,0.52
2021-09-10 03:00:00,0.65
2021-09-11 03:00:00,0.51
2021-09-12 03:00:00,0.52
2021-09-13 03:00:00,0.64
2021-09-14 03:00:00,0.5
2021-09-15 03:00:00,0.48
2021-09-16 03:00:00,0.46
2021-09-17 03:00:00,0.49
2021-09-18 03:00:00,0.49
2021-09-19 03:00:00,0.48
2021-09-20 03:00:00,0.49
2021-09-21 03:00:00,0.6
2021-09-22 03:00:00,0.56
2021-09-23 03:00:00,0.59
2021-09-24 03:00:00,0.59
2021-09-25 03:00:00,0.6
2021-09-26 03:00:00,0.44
2021-09-27 03:00:00,0.47
2021-09-28 03:00:00,0.44
2021-09-29 03:00:00,0.57
2021-09-30 03:00:00,0.4
2021-10-01 03:00:00,0.61
2021-10-02 03:00:00,0.54
2021-10-03 03:00:00,0.41
2021-10-04 03:00:00,0.54
2021-10-05 03:00:00,0.38
2021-10-06 03:00:00,0.53
2021-10-07 03:00:00,0.56
2021-10-08 03:00:00,0.37
2021-10-09 03:00:00,0.52
2021-10-10 03:00:00,0.37
2021-10-11 03:00:00,0.37
2021-10-12 03:00:00,-1.0
2021-10-13 03:00:00,0.35
2021-10-14 03:00:00,0.34
2021-10-15 03:00:00,0.48
2021-10-16 03:00:00,0.46
2021-10-17 03:00:00,0.33
2021-10-18 03:00:00,0.47
2021-10-19 03:00:00,0.31
2021-10-20 03:00:00,0.3
2021-10-21 03:00:00,0.45
2021-10-22 03:00:00,0.45
2021-10-23 03:00:00,0.29
2021-10-24 03:00:00,0.44
2021-10-25 03:00:00,0.44
2021-10-26 03:00:00,0.46
2021-10-27 03:00:00,0.25
2021-10-28 03:00:00,0.43
2021-10-29 03:00:00,0.22
2021-10-30 03:00:00,0.42
2021-10-31 03:00:00,0.45
2021-11-01 03:00:00,0.0
2021-11-02 03:00:00,-1.0
2021-11-03 03:00:00,0.2
2021-11-04 03:00:00,0.21
2021-11-05 03:00:00,-1.0
2021-11-06 03:00:00,0.38
2021-11-07 03:00:00,0.37
2021-11-08 03:00:00,0.37
2021-11-09 03:00:00,0.36
2021-11-10 03:00:00,0.36
2021-11-11 03:00:00,0.17
2021-11-12 03:00:00,0.37
2021-11-13 03:00:00,0.35
2021-11-14 03:00:00,0.19
2021-11-15 03:00:00,0.35
2021-11-16 03:00:00,0.35
2021-11-17 03:00:00,0.29
2021-11-18 03:00:00,0.0
2021-11-19 03:00:00,0.0
2021-11-20 03:00:00,0.0
2021-11-21 03:00:00,-1.0
2021-11-22 03:00:00,-1.0
2021-11-23 03:00:00,0.0
2021-11-24 03:00:00,0.0
2021-11-25 03:00:00,0.0
2021-11-26 03:00:00,0.0
2021-11-27 03:00:00,0.0
2021-11-28 03:00:00,0.0
2021-11-29 03:00:00,0.0
2021-11-30 03:00:00,0.064
2021-12-01 03:00:00,0.0
2021-12-02 03:00:00,0.061
2021-12-03 03:00:00,0.61
2021-12-04 03:00:00,0.042
2021-12-05 03:00:00,0.0
2021-12-06 03:00:00,0.0
2021-12-07 03:00:00,-1.0
2021-12-08 03:00:00,0.05
2021-12-09 03:00:00,0.0
2021-12-10 03:00:00,0.022
2021-12-11 03:00:00,0.0
2021-12-12 03:00:00,0.013
2021-12-13 03:00:00,-1.0
2021-12-14 03:00:00,0.0
2021-12-15 03:00:00,0.0
2021-12-16 03:00:00,0.0
2021-12-17 03:00:00,0.0
2021-12-18 03:00:00,0.0
2021-12-19 03:00:00,0.0
2021-12-20 03:00:00,0.0
2021-12-21 03:00:00,0.0
2021-12-22 03:00:00,0.0
2021-12-23 03:00:00,0.67
2021-12-24 03:00:00,0.0
2021-12-25 03:00:00,0.0
2021-12-26 03:00:00,0.0
2021-12-27 03:00:00,0.0
2021-12-28 03:00:00,0.0
2021-12-29 03:00:00,0.0
2021-12-30 03:00:00,0.0
2021-12-31 03:00:00,0.098
2022-01-01 03:00:00,0.0
2022-01-02 03:00:00,0.0
2022-01-03 03:00:00,0.18
2022-01-04 03:00:00,0.1
2022-01-05 03:00:00,0.15
2022-01-06 03:00:00,0.0
2022-01-07 03:00:00,-1.0
2022-01-08 03:00:00,0.15
2022-01-09 03:00:00,0.0
2022-01-10 03:00:00,0.067
2022-01-11 03:00:00,0.067
2022-01-12 03:00:00,0.067
2022-01-13 03:00:00,0.0
2022-01-14 03:00:00,0.2
2022-01-15 03:00:00,0.19
2022-01-16 03:00:00,0.0
2022-01-17 03:00:00,0.0
2022-01-18 03:00:00,0.0
2022-01-19 03:00:00,0.0
2022-01-20 03:00:00,0.0
2022-01-21 03:00:00,-1.0
2022-01-22 03:00:00,-1.0
2022-01-23 03:00:00,0.32
2022-01-24 03:00:00,0.0
2022-01-25 03:00:00,0.0
2022-01-26 03:00:00,0.25
2022-01-27 03:00:00,0.018
2022-01-28 03:00:00,0.25
2022-01-29 03:00:00,0.0
2022-01-30 03:00:00,0.046
2022-01-31 03:00:00,0.28
2022-02-01 03:00:00,0.29
2022-02-02 03:00:00,0.29
2022-02-03 03:00:00,0.3
2022-02-04 03:00:00,0.0
2022-02-05 03:00:00,-1.0
2022-02-06 03:00:00,0.068
2022-02-07 03:00:00,0.32
2022-02-08 03:00:00,0.077
2022-02-09 03:00:00,0.34
2022-02-10 03:00:00,0.34
2022-02-11 03:00:00,0.08
2022-02-12 03:00:00,0.13
2022-02-13 03:00:00,0.14
2022-02-14 03:00:00,0.14
2022-02-15 03:00:00,0.38
2022-02-16 03:00:00,0.4
2022-02-17 03:00:00,-1.0
2022-02-18 03:00:00,-1.0
2022-02-19 03:00:00,0.0
2022-02-20 03:00:00,-1.0
2022-02-21 03:00:00,0.0
2022-02-22 03:00:00,0.0
2022-02-23 03:00:00,0.0
2022-02-24 03:00:00,0.0
2022-02-25 03:00:00,0.2
2022-02-26 03:00:00,0.16
2022-02-27 03:00:00,0.43
2022-02-28 03:00:00,0.2
2022-03-01 03:00:00,0.24
2022-03-02 03:00:00,0.25
2022-03-03 03:00:00,0.26
2022-03-04 03:00:00,0.46
2022-03-05 03:00:00,0.5
2022-03-06 03:00:00,0.5
2022-03-07 03:00:00,0.53
2022-03-08 03:00:00,0.4
2022-03-09 03:00:00,0.37
2022-03-10 03:00:00,0.59
2022-03-11 03:00:00,0.4
2022-03-12 03:00:00,0.0
2022-03-13 03:00:00,0.6
2022-03-14 03:00:00,0.0
2022-03-15 03:00:00,0.33
2022-03-16 03:00:00,0.53
2022-03-17 03:00:00,0.31
2022-03-18 03:00:00,0.36
2022-03-19 03:00:00,0.34
2022-03-20 03:00:00,0.27
2022-03-21 03:00:00,0.55
2022-03-22 03:00:00,0.56
2022-03-23 03:00:00,0.39
2022-03-24 03:00:00,0.58
2022-03-25 03:00:00,0.6
2022-03-26 03:00:00,0.041
2022-03-27 03:00:00,0.0
2022-03-28 03:00:00,0.27
2022-03-29 03:00:00,0.0
2022-03-30 03:00:00,0.41
2022-03-31 03:00:00,0.43
2022-04-01 03:00:00,0.4
2022-04-02 03:00:00,0.46
2022-04-03 03:00:00,0.18
2022-04-04 03:00:00,-1.0
2022-04-05 03:00:00,0.0
2022-04-06 03:00:00,0.18
2022-04-07 03:00:00,0.64
2022-04-08 03:00:00,0.49
2022-04-09 03:00:00,0.5
2022-04-10 03:00:00,0.51
2022-04-11 03:00:00,0.52
2022-04-12 03:00:00,0.5
2022-04-13 03:00:00,0.68
2022-04-14 03:00:00,0.2
2022-04-15 03:00:00,0.0
2022-04-16 03:00:00,-1.0
2022-04-17 03:00:00,0.77
2022-04-18 03:00:00,0.075
2022-04-19 03:00:00,0.35
2022-04-20 03:00:00,0.71
2022-04-21 03:00:00,0.72
2022-04-22 03:00:00,0.72
2022-04-23 03:00:00,0.59
2022-04-24 03:00:00,0.59
2022-04-25 03:00:00,0.59
2022-04-26 03:00:00,0.74
2022-04-27 03:00:00,0.74
2022-04-28 03:00:00,0.75
2022-04-29 03:00:00,0.59
2022-04-30 03:00:00,0.79
2022-05-01 03:00:00,0.6
2022-05-02 03:00:00,0.76
2022-05-03 03:00:00,0.77
2022-05-04 03:00:00,0.64
2022-05-05 03:00:00,0.65
2022-05-06 03:00:00,0.77
2022-05-07 03:00:00,0.77
2022-05-08 03:00:00,0.78
2022-05-09 03:00:00,0.58
2022-05-10 03:00:00,0.68
2022-05-11 03:00:00,0.0
2022-05-12 03:00:00,0.0
2022-05-13 03:00:00,0.57
2022-05-14 03:00:00,0.6
2022-05-15 03:00:00,0.0
2022-05-16 03:00:00,0.0
2022-05-17 03:00:00,0.0
2022-05-18 03:00:00,0.74
2022-05-19 03:00:00,0.79
2022-05-20 03:00:00,0.28
2022-05-21 03:00:00,0.0
2022-05-22 03:00:00,0.0
2022-05-23 03:00:00,0.65
2022-05-24 03:00:00,0.65
2022-05-25 03:00:00,0.81
2022-05-26 03:00:00,0.8
2022-05-27 03:00:00,0.79
2022-05-28 03:00:00,0.5
2022-05-29 03:00:00,0.14
2022-05-30 03:00:00,0.82
2022-05-31 03:00:00,0.78
2022-06-01 03:00:00,0.0
2022-06-02 03:00:00,0.2
2022-06-03 03:00:00,0.69
2022-06-04 03:00:00,0.74
2022-06-05 03:00:00,0.47
2022-06-06 03:00:00,0.51
2022-06-07 03:00:00,0.0
2022-06-08 03:00:00,0.8
2022-06-09 03:00:00,0.2
2022-06-10 03:00:00,0.75
2022-06-11 03:00:00,0.71
2022-06-12 03:00:00,0.62
2022-06-13 03:00:00,0.14
2022-06-14 03:00:00,0.56
2022-06-15 03:00:00,0.77
2022-06-16 03:00:00,0.56
2022-06-17 03:00:00,0.5
2022-06-18 03:00:00,0.0
2022-06-19 03:00:00,0.5
2022-06-20 03:00:00,0.82
2022-06-21 03:00:00,0.71
2022-06-22 03:00:00,0.46
2022-06-23 03:00:00,0.81
2022-06-24 03:00:00,0.74
2022-06-25 03:00:00,0.53
2022-06-26 03:00:00,0.81
2022-06-27 03:00:00,0.31
2022-06-28 03:00:00,0.28
2022-06-29 03:00:00,0.5
2022-06-30 03:00:00,0.83
2022-07-01 03:00:00,0.31
2022-07-02 03:00:00,0.83
2022-07-03 03:00:00,0.83
2022-07-04 03:00:00,0.64
2022-07-05 03:00:00,0.68
2022-07-06 03:00:00,0.63
2022-07-07 03:00:00,0.64
2022-07-08 03:00:00,0.0
2022-07-09 03:00:00,0.0
2022-07-10 03:00:00,0.58
2022-07-11 03:00:00,0.0
2022-07-12 03:00:00,0.69
2022-07-13 03:00:00,0.43
2022-07-14 03:00:00,0.0
2022-07-15 03:00:00,0.81
2022-07-16 03:00:00,0.51
2022-07-17 03:00:00,0.26
2022-07-18 03:00:00,0.74
2022-07-19 03:00:00,0.0
2022-07-20 03:00:00,0.65
2022-07-21 03:00:00,0.43
2022-07-22 03:00:00,0.76
2022-07-23 03:00:00,0.67
2022-07-24 03:00:00,0.0
2022-07-25 03:00:00,0.81
2022-07-26 03:00:00,0.0
2022-07-27 03:00:00,0.0
2022-07-28 03:00:00,0.0
2022-07-29 03:00:00,0.78
2022-07-30 03:00:00,0.036
2022-07-31 03:00:00,0.0
2022-08-01 03:00:00,0.37
2022-08-02 03:00:00,0.29
2022-08-03 03:00:00,0.094
2022-08-04 03:00:00,0.8
2022-08-05 03:00:00,0.75
2022-08-06 03:00:00,0.49
2022-08-07 03:00:00,0.0
2022-08-08 03:00:00,0.0
2022-08-09 03:00:00,0.0
2022-08-10 03:00:00,0.7
2022-08-11 03:00:00,0.77
2022-08-12 03:00:00,0.37
2022-08-13 03:00:00,0.0
2022-08-14 03:00:00,0.0
2022-08-15 03:00:00,0.52
2022-08-16 03:00:00,0.73
2022-08-17 03:00:00,0.75
2022-08-18 03:00:00,-1.0
2022-08-19 03:00:00,0.66
2022-08-20 03:00:00,0.77
2022-08-21 03:00:00,-1.0
2022-08-22 03:00:00,0.48
2022-08-23 03:00:00,0.6
2022-08-24 03:00:00,0.0
2022-08-25 03:00:00,0.25
2022-08-26 03:00:00,0.52
2022-08-27 03:00:00,0.66
2022-08-28 03:00:00,0.0
2022-08-29 03:00:00,0.55
2022-08-30 03:00:00,0.73
2022-08-31 03:00:00,0.45
2022-09-01 03:00:00,0.73
2022-09-02 03:00:00,0.43
2022-09-03 03:00:00,0.0
2022-09-04 03:00:00,0.66
2022-09-05 03:00:00,0.0
2022-09-06 03:00:00,0.21
2022-09-07 03:00:00,0.0061
2022-09-08 03:00:00,0.0
2022-09-09 03:00:00,-1.0
2022-09-10 03:00:00,0.062
2022-09-11 03:00:00,0.08
2022-09-12 03:00:00,0.48
2022-09-13 03:00:00,0.072
2022-09-14 03:00:00,0.6
2022-09-15 03:00:00,0.19
2022-09-16 03:00:00,-1.0
2022-09-17 03:00:00,-1.0
2022-09-18 03:00:00,0.66
2022-09-19 03:00:00,0.55
2022-09-20 03:00:00,0.0
2022-09-21 03:00:00,0.0
2022-09-22 03:00:00,0.21
2022-09-23 03:00:00,-1.0
2022-09-24 03:00:00,0.67
2022-09-25 03:00:00,-1.0
2022-09-26 03:00:00,0.17
2022-09-27 03:00:00,-1.0
2022-09-28 03:00:00,0.067
2022-09-29 03:00:00,0.57
2022-09-30 03:00:00,0.0
2022-10-01 03:00:00,0.27
2022-10-02 03:00:00,-1.0
2022-10-03 03:00:00,0.0
2022-10-04 03:00:00,0.096
2022-10-05 03:00:00,-1.0
2022-10-06 03:00:00,-1.0
2022-10-07 03:00:00,0.48
2022-10-08 03:00:00,0.0
2022-10-09 03:00:00,0.56
2022-10-10 03:00:00,-1.0
2022-10-11 03:00:00,0.42
2022-10-12 03:00:00,0.0
2022-10-13 03:00:00,0.0
2022-10-14 03:00:00,-1.0
2022-10-15 03:00:00,0.3
2022-10-16 03:00:00,0.0
2022-10-17 03:00:00,0.0
2022-10-18 03:00:00,0.046
2022-10-19 03:00:00,-1.0
2022-10-20 03:00:00,0.52
2022-10-21 03:00:00,0.0
2022-10-22 03:00:00,0.15
2022-10-23 03:00:00,-1.0
2022-10-24 03:00:00,0.15
2022-10-25 03:00:00,0.32
2022-10-26 03:00:00,0.46
2022-10-27 03:00:00,0.46
2022-10-28 03:00:00,-1.0
2022-10-29 03:00:00,-1.0
2022-10-30 03:00:00,-1.0
2022-10-31 03:00:00,-1.0
2022-11-01 03:00:00,-1.0
2022-11-02 03:00:00,-1.0
2022-11-03 03:00:00,0.0
2022-11-04 03:00:00,-1.0
2022-11-05 03:00:00,0.0
2022-11-06 03:00:00,0.44
2022-11-07 03:00:00,-1.0
2022-11-08 03:00:00,0.0
2022-11-09 03:00:00,-1.0
2022-11-10 03:00:00,-1.0
2022-11-11 03:00:00,0.38
2022-11-12 03:00:00,0.0
2022-11-13 03:00:00,0.055
2022-11-14 03:00:00,0.19
2022-11-15 03:00:00,0.22
2022-11-16 03:00:00,-1.0
2022-11-17 03:00:00,0.0
2022-11-18 03:00:00,-1.0
2022-11-19 03:00:00,0.0
2022-11-20 03:00:00,0.28
2022-11-21 03:00:00,0.0
2022-11-22 03:00:00,0.0
2022-11-23 03:00:00,0.14
2022-11-24 03:00:00,-1.0
2022-11-25 03:00:00,-1.0
2022-11-26 03:00:00,-1.0
2022-11-27 03:00:00,0.11
2022-11-28 03:00:00,0.0
2022-11-29 03:00:00,-1.0
2022-11-30 03:00:00,0.0
2022-12-01 03:00:00,0.0
2022-12-02 03:00:00,-1.0
2022-12-03 03:00:00,0.0
2022-12-04 03:00:00,0.0
2022-12-05 03:00:00,-1.0
2022-12-06 03:00:00,0.0
2022-12-07 03:00:00,-1.0
2022-12-08 03:00:00,0.0
2022-12-09 03:00:00,-1.0
2022-12-10 03:00:00,0.0
2022-12-11 03:00:00,0.0
2022-12-12 03:00:00,0.0
2022-12-13 03:00:00,0.0
2022-12-14 03:00:00,0.0
2022-12-15 03:00:00,0.0
2022-12-16 03:00:00,0.0
2022-12-17 03:00:00,-1.0
2022-12-18 03:00:00,0.0
2022-12-19 03:00:00,0.0
2022-12-20 03:00:00,-1.0
