"Time","41460.mode"
2016-10-31 03:00:00,2
2016-11-01 03:00:00,2
2016-11-02 03:00:00,2
2016-11-03 03:00:00,2
2016-11-04 03:00:00,2
2016-11-05 03:00:00,2
2016-11-06 03:00:00,2
2016-11-07 03:00:00,2
2016-11-08 03:00:00,2
2016-11-09 03:00:00,2
2016-11-10 03:00:00,2
2016-11-11 03:00:00,2
2016-11-12 03:00:00,2
2016-11-13 03:00:00,2
2016-11-14 03:00:00,2
2016-11-15 03:00:00,2
2016-11-16 03:00:00,2
2016-11-17 03:00:00,2
2016-11-18 03:00:00,2
2016-11-19 03:00:00,2
2016-11-20 03:00:00,2
2016-11-21 03:00:00,2
2016-11-22 03:00:00,2
2016-11-23 03:00:00,2
2016-11-24 03:00:00,2
2016-11-25 03:00:00,2
2016-11-26 03:00:00,135
2016-11-27 03:00:00,138
2016-11-28 03:00:00,2
2016-11-29 03:00:00,2
2016-11-30 03:00:00,2
2016-12-01 03:00:00,2
2016-12-02 03:00:00,2
2016-12-03 03:00:00,2
2016-12-04 03:00:00,2
2016-12-05 03:00:00,2
2016-12-06 03:00:00,2
2016-12-07 03:00:00,2
2016-12-08 03:00:00,2
2016-12-09 03:00:00,2
2016-12-10 03:00:00,2
2016-12-11 03:00:00,2
2016-12-12 03:00:00,2
2016-12-13 03:00:00,2
2016-12-14 03:00:00,2
2016-12-15 03:00:00,2
2016-12-16 03:00:00,2
2016-12-17 03:00:00,2
2016-12-18 03:00:00,2
2016-12-19 03:00:00,2
2016-12-20 03:00:00,2
2016-12-21 03:00:00,2
2016-12-22 03:00:00,2
2016-12-23 03:00:00,2
2016-12-24 03:00:00,2
2016-12-25 03:00:00,2
2016-12-26 03:00:00,2
2016-12-27 03:00:00,2
2016-12-28 03:00:00,2
2016-12-29 03:00:00,2
2016-12-30 03:00:00,2
2016-12-31 03:00:00,2
2017-01-01 03:00:00,2
2017-01-02 03:00:00,2
2017-01-03 03:00:00,113
2017-01-04 03:00:00,52
2017-01-05 03:00:00,2
2017-01-06 03:00:00,2
2017-01-07 03:00:00,2
2017-01-08 03:00:00,2
2017-01-09 03:00:00,2
2017-01-10 03:00:00,2
2017-01-11 03:00:00,2
2017-01-12 03:00:00,2
2017-01-13 03:00:00,2
2017-01-14 03:00:00,2
2017-01-15 03:00:00,2
2017-01-16 03:00:00,2
2017-01-17 03:00:00,2
2017-01-18 03:00:00,2
2017-01-19 03:00:00,2
2017-01-20 03:00:00,2
2017-01-21 03:00:00,2
2017-01-22 03:00:00,2
2017-01-23 03:00:00,2
2017-01-24 03:00:00,2
2017-01-25 03:00:00,2
2017-01-26 03:00:00,2
2017-01-27 03:00:00,2
2017-01-28 03:00:00,2
2017-01-29 03:00:00,148
2017-01-30 03:00:00,149
2017-01-31 03:00:00,154
2017-02-01 03:00:00,174
2017-02-02 03:00:00,168
2017-02-03 03:00:00,145
2017-02-04 03:00:00,172
2017-02-05 03:00:00,133
2017-02-06 03:00:00,158
2017-02-07 03:00:00,154
2017-02-08 03:00:00,168
2017-02-09 03:00:00,149
2017-02-10 03:00:00,137
2017-02-11 03:00:00,141
2017-02-12 03:00:00,160
2017-02-13 03:00:00,180
2017-02-14 03:00:00,155
2017-02-15 03:00:00,167
2017-02-16 03:00:00,2
2017-02-17 03:00:00,2
2017-02-18 03:00:00,2
2017-02-19 03:00:00,2
2017-02-20 03:00:00,2
2017-02-21 03:00:00,2
2017-02-22 03:00:00,2
2017-02-23 03:00:00,2
2017-02-24 03:00:00,2
2017-02-25 03:00:00,2
2017-02-26 03:00:00,2
2017-02-27 03:00:00,2
2017-02-28 03:00:00,2
2017-03-01 03:00:00,2
2017-03-02 03:00:00,2
2017-03-03 03:00:00,2
2017-03-04 03:00:00,2
2017-03-05 03:00:00,2
2017-03-06 03:00:00,2
2017-03-07 03:00:00,2
2017-03-08 03:00:00,2
2017-03-09 03:00:00,2
2017-03-10 03:00:00,2
2017-03-11 03:00:00,2
2017-03-12 03:00:00,2
2017-03-27 03:00:00,135
2017-03-28 03:00:00,1
2017-03-29 03:00:00,2
2017-03-30 03:00:00,2
2017-03-31 03:00:00,2
2017-04-01 03:00:00,2
2017-04-02 03:00:00,2
2017-04-03 03:00:00,0
2017-04-04 03:00:00,0
2017-04-05 03:00:00,0
2017-04-06 03:00:00,0
2017-04-07 03:00:00,2
2017-04-08 03:00:00,0
2017-04-09 03:00:00,0
2017-04-10 03:00:00,2
2017-04-11 03:00:00,0
2017-04-12 03:00:00,0
2017-04-13 03:00:00,2
2017-04-14 03:00:00,2
2017-04-15 03:00:00,2
2017-04-16 03:00:00,0
2017-04-17 03:00:00,0
2017-04-18 03:00:00,2
2017-04-19 03:00:00,0
2017-04-20 03:00:00,140
2017-04-21 03:00:00,2
2017-04-22 03:00:00,0
2017-04-23 03:00:00,2
2017-04-24 03:00:00,2
2017-04-25 03:00:00,0
2017-04-26 03:00:00,160
2017-04-27 03:00:00,0
2017-04-28 03:00:00,2
2017-04-29 03:00:00,0
2017-04-30 03:00:00,0
2017-05-01 03:00:00,0
2017-05-02 03:00:00,0
2017-05-03 03:00:00,0
2017-05-04 03:00:00,0
2017-05-05 03:00:00,0
2017-05-06 03:00:00,0
2017-05-07 03:00:00,0
2017-05-08 03:00:00,0
2017-05-09 03:00:00,140
2017-05-10 03:00:00,0
2017-05-11 03:00:00,0
2017-05-12 03:00:00,0
2017-05-13 03:00:00,2
2017-05-14 03:00:00,2
2017-05-15 03:00:00,2
2017-05-16 03:00:00,0
2017-05-17 03:00:00,2
2017-05-18 03:00:00,2
2017-05-19 03:00:00,2
2017-05-20 03:00:00,0
2017-05-21 03:00:00,0
2017-05-22 03:00:00,0
2017-05-23 03:00:00,0
2017-05-24 03:00:00,2
2017-05-25 03:00:00,2
2017-05-26 03:00:00,0
2017-05-27 03:00:00,0
2017-05-28 03:00:00,2
2017-06-05 03:00:00,0
2017-06-06 03:00:00,131
2017-06-07 03:00:00,154
2017-06-08 03:00:00,0
2017-06-09 03:00:00,134
2017-06-10 03:00:00,2
2017-06-11 03:00:00,2
2017-06-12 03:00:00,0
2017-06-13 03:00:00,2
2017-06-14 03:00:00,140
2017-06-15 03:00:00,139
2017-06-16 03:00:00,2
2017-06-17 03:00:00,0
2017-06-18 03:00:00,2
2017-06-19 03:00:00,0
2017-06-20 03:00:00,0
2017-06-21 03:00:00,0
2017-06-22 03:00:00,2
2017-06-23 03:00:00,157
2017-06-24 03:00:00,138
2017-06-25 03:00:00,2
2017-06-26 03:00:00,132
2017-06-28 03:00:00,2
2017-06-29 03:00:00,153
2017-06-30 03:00:00,157
2017-07-02 03:00:00,155
2017-07-03 03:00:00,0
2017-07-04 03:00:00,193
2017-07-05 03:00:00,0
2017-07-06 03:00:00,145
2017-07-07 03:00:00,2
2017-07-08 03:00:00,121
2017-07-09 03:00:00,212
2017-07-10 03:00:00,2
2017-07-11 03:00:00,162
2017-07-12 03:00:00,140
2017-07-13 03:00:00,110
2017-07-14 03:00:00,120
2017-07-15 03:00:00,0
2017-07-16 03:00:00,2
2017-07-17 03:00:00,153
2017-07-18 03:00:00,122
2017-07-19 03:00:00,2
2017-07-20 03:00:00,112
2017-07-21 03:00:00,2
2017-07-22 03:00:00,147
2017-07-23 03:00:00,2
2017-07-24 03:00:00,2
2017-07-25 03:00:00,2
2017-07-26 03:00:00,2
2017-07-27 03:00:00,153
2017-07-28 03:00:00,164
2017-07-29 03:00:00,132
2017-07-30 03:00:00,2
2017-07-31 03:00:00,2
2017-08-01 03:00:00,0
2017-08-02 03:00:00,0
2017-08-03 03:00:00,2
2017-08-04 03:00:00,0
2017-08-05 03:00:00,167
2017-08-06 03:00:00,2
2017-08-07 03:00:00,2
2017-08-08 03:00:00,0
2017-08-09 03:00:00,0
2017-08-10 03:00:00,0
2017-08-11 03:00:00,150
2017-08-12 03:00:00,0
2017-08-13 03:00:00,0
2017-08-14 03:00:00,0
2017-08-15 03:00:00,0
2017-08-16 03:00:00,0
2017-08-17 03:00:00,0
2017-08-18 03:00:00,0
2017-08-19 03:00:00,0
2017-08-20 03:00:00,2
2017-08-21 03:00:00,2
2017-08-22 03:00:00,2
2017-08-25 03:00:00,94
2017-08-26 03:00:00,2
2017-08-27 03:00:00,2
2017-08-28 03:00:00,2
2017-08-29 03:00:00,2
2017-08-30 03:00:00,115
2017-08-31 03:00:00,0
2017-09-01 03:00:00,0
2017-09-02 03:00:00,2
2017-09-03 03:00:00,128
2017-09-04 03:00:00,0
2017-09-05 03:00:00,0
2017-09-06 03:00:00,0
2017-09-07 03:00:00,151
2017-09-08 03:00:00,0
2017-09-09 03:00:00,2
2017-09-10 03:00:00,2
2017-09-11 03:00:00,2
2017-09-12 03:00:00,0
2017-09-13 03:00:00,2
2017-09-14 03:00:00,0
2017-09-15 03:00:00,2
2017-09-16 03:00:00,2
2017-09-17 03:00:00,155
2017-09-18 03:00:00,0
2017-09-19 03:00:00,0
2017-09-20 03:00:00,2
2017-09-21 03:00:00,0
2017-09-22 03:00:00,0
2017-09-23 03:00:00,0
2017-09-24 03:00:00,138
2017-09-25 03:00:00,2
2017-09-26 03:00:00,0
2017-09-27 03:00:00,0
2017-09-28 03:00:00,3
2017-09-29 03:00:00,2
2017-09-30 03:00:00,0
2017-10-01 03:00:00,3
2017-10-02 03:00:00,2
2017-10-03 03:00:00,2
2017-10-04 03:00:00,2
2017-10-05 03:00:00,0
2017-10-06 03:00:00,0
2017-10-07 03:00:00,0
2017-10-08 03:00:00,0
2017-10-09 03:00:00,2
2017-10-11 03:00:00,158
2017-10-12 03:00:00,0
2017-10-13 03:00:00,2
2017-10-14 03:00:00,0
2017-10-15 03:00:00,0
2017-10-16 03:00:00,3
2017-10-17 03:00:00,0
2017-10-18 03:00:00,0
2017-10-19 03:00:00,0
2017-10-20 03:00:00,0
2017-10-21 03:00:00,0
2017-10-22 03:00:00,0
2017-10-23 03:00:00,0
2017-10-24 03:00:00,2
2017-10-25 03:00:00,0
2017-10-26 03:00:00,0
2017-10-27 03:00:00,0
2017-10-28 03:00:00,0
2017-10-29 03:00:00,0
2017-10-30 03:00:00,0
2017-10-31 03:00:00,2
2017-11-01 03:00:00,0
2017-11-02 03:00:00,0
2017-11-03 03:00:00,0
2017-11-04 03:00:00,0
2017-11-05 03:00:00,0
2017-11-06 03:00:00,0
2017-11-07 03:00:00,3
2017-11-08 03:00:00,0
2017-11-09 03:00:00,3
2017-11-11 03:00:00,0
2017-11-13 03:00:00,0
2017-11-14 03:00:00,0
2017-11-15 03:00:00,0
2017-11-16 03:00:00,0
2017-11-17 03:00:00,0
2017-11-18 03:00:00,0
2017-11-19 03:00:00,3
2017-11-20 03:00:00,0
2017-11-21 03:00:00,0
2017-11-22 03:00:00,3
2017-11-23 03:00:00,0
2017-11-24 03:00:00,0
2017-11-25 03:00:00,0
2017-11-26 03:00:00,0
2017-11-27 03:00:00,0
2017-11-28 03:00:00,0
2017-11-29 03:00:00,2
2017-11-30 03:00:00,0
2017-12-01 03:00:00,2
2017-12-02 03:00:00,2
2017-12-03 03:00:00,0
2017-12-04 03:00:00,3
2017-12-05 03:00:00,0
2017-12-06 03:00:00,0
2017-12-07 03:00:00,0
2017-12-08 03:00:00,0
2017-12-09 03:00:00,0
2017-12-10 03:00:00,0
2017-12-11 03:00:00,0
2017-12-12 03:00:00,0
2017-12-13 03:00:00,0
2017-12-14 03:00:00,0
2017-12-15 03:00:00,3
2017-12-16 03:00:00,0
2017-12-17 03:00:00,0
2017-12-18 03:00:00,3
2017-12-19 03:00:00,3
2017-12-20 03:00:00,0
2017-12-21 03:00:00,3
2017-12-22 03:00:00,2
2017-12-23 03:00:00,0
2017-12-24 03:00:00,0
2017-12-25 03:00:00,0
2017-12-26 03:00:00,0
2017-12-27 03:00:00,0
2017-12-28 03:00:00,3
2017-12-29 03:00:00,170
2017-12-30 03:00:00,0
2017-12-31 03:00:00,0
2018-01-01 03:00:00,0
2018-01-02 03:00:00,0
2018-01-03 03:00:00,0
2018-01-04 03:00:00,0
2018-01-05 03:00:00,0
2018-01-06 03:00:00,0
2018-01-07 03:00:00,0
2018-01-08 03:00:00,0
2018-01-09 03:00:00,0
2018-01-10 03:00:00,0
2018-01-11 03:00:00,0
2018-01-12 03:00:00,0
2018-01-13 03:00:00,0
2018-01-14 03:00:00,147
2018-01-15 03:00:00,136
2018-01-16 03:00:00,0
2018-01-18 03:00:00,0
2018-01-19 03:00:00,0
2018-01-20 03:00:00,0
2018-01-21 03:00:00,155
2018-01-22 03:00:00,0
2018-01-23 03:00:00,0
2018-01-24 03:00:00,0
2018-01-25 03:00:00,0
2018-01-26 03:00:00,0
2018-01-27 03:00:00,0
2018-01-28 03:00:00,0
2018-01-29 03:00:00,0
2018-01-30 03:00:00,0
2018-01-31 03:00:00,0
2018-02-01 03:00:00,0
2018-02-02 03:00:00,0
2018-02-03 03:00:00,0
2018-02-04 03:00:00,191
2018-02-05 03:00:00,0
2018-02-06 03:00:00,0
2018-02-07 03:00:00,0
2018-02-08 03:00:00,2
2018-02-09 03:00:00,0
2018-02-10 03:00:00,0
2018-02-11 03:00:00,0
2018-02-12 03:00:00,179
2018-02-13 03:00:00,165
2018-02-14 03:00:00,0
2018-02-15 03:00:00,0
2018-02-16 03:00:00,0
2018-02-17 03:00:00,0
2018-02-18 03:00:00,0
2018-02-19 03:00:00,156
2018-02-20 03:00:00,2
2018-02-21 03:00:00,0
2018-02-22 03:00:00,0
2018-02-23 03:00:00,0
2018-02-24 03:00:00,0
2018-02-25 03:00:00,0
2018-02-26 03:00:00,0
2018-02-27 03:00:00,0
2018-02-28 03:00:00,0
2018-03-01 03:00:00,155
2018-03-02 03:00:00,0
2018-03-03 03:00:00,0
2018-03-04 03:00:00,0
2018-03-05 03:00:00,0
2018-03-06 03:00:00,0
2018-03-07 03:00:00,0
2018-03-08 03:00:00,0
2018-03-09 03:00:00,0
2018-03-10 03:00:00,0
2018-03-11 03:00:00,0
2018-03-12 03:00:00,0
2018-03-13 03:00:00,0
2018-03-14 03:00:00,0
2018-03-15 03:00:00,0
2018-03-16 03:00:00,0
2018-03-17 03:00:00,0
2018-03-18 03:00:00,0
2018-03-19 03:00:00,0
2018-03-20 03:00:00,2
2018-03-21 03:00:00,0
2018-03-22 03:00:00,0
2018-03-23 03:00:00,2
2018-03-24 03:00:00,2
2018-03-25 03:00:00,0
2018-03-26 03:00:00,2
2018-03-27 03:00:00,0
2018-03-28 03:00:00,0
2018-03-29 03:00:00,2
2018-03-30 03:00:00,0
2018-03-31 03:00:00,0
2018-04-01 03:00:00,0
2018-04-02 03:00:00,2
2018-04-03 03:00:00,2
2018-04-04 03:00:00,2
2018-04-05 03:00:00,2
2018-04-06 03:00:00,2
2018-04-07 03:00:00,2
2018-04-08 03:00:00,2
2018-04-09 03:00:00,2
2018-04-10 03:00:00,0
2018-04-11 03:00:00,0
2018-04-12 03:00:00,2
2018-04-13 03:00:00,2
2018-04-14 03:00:00,2
2018-04-15 03:00:00,0
2018-04-16 03:00:00,0
2018-04-17 03:00:00,2
2018-04-18 03:00:00,162
2018-04-19 03:00:00,2
2018-04-20 03:00:00,2
2018-04-21 03:00:00,2
2018-04-22 03:00:00,2
2018-04-23 03:00:00,2
2018-04-24 03:00:00,2
2018-04-25 03:00:00,0
2018-04-26 03:00:00,0
2018-04-27 03:00:00,0
2018-04-28 03:00:00,0
2018-04-29 03:00:00,2
2018-04-30 03:00:00,0
2018-05-01 03:00:00,2
2018-05-02 03:00:00,2
2018-05-03 03:00:00,0
2018-05-04 03:00:00,2
2018-05-05 03:00:00,2
2018-05-06 03:00:00,2
2018-05-07 03:00:00,2
2018-05-08 03:00:00,2
2018-05-09 03:00:00,2
2018-05-10 03:00:00,2
2018-05-11 03:00:00,2
2018-05-12 03:00:00,2
2018-05-13 03:00:00,2
2018-05-14 03:00:00,2
2018-05-15 03:00:00,2
2018-05-16 03:00:00,2
2018-05-17 03:00:00,201
2018-05-18 03:00:00,3
2018-05-19 03:00:00,2
2018-05-20 03:00:00,2
2018-05-21 03:00:00,2
2018-05-22 03:00:00,0
2018-05-23 03:00:00,98
2018-05-24 03:00:00,3
2018-05-25 03:00:00,2
2018-05-26 03:00:00,2
2018-05-27 03:00:00,0
2018-05-28 03:00:00,2
2018-05-29 03:00:00,2
2018-05-30 03:00:00,2
2018-05-31 03:00:00,2
2018-06-01 03:00:00,2
2018-06-02 03:00:00,2
2018-06-03 03:00:00,198
2018-06-04 03:00:00,0
2018-06-05 03:00:00,143
2018-06-06 03:00:00,161
2018-06-09 03:00:00,128
2018-06-10 03:00:00,177
2018-06-11 03:00:00,2
2018-06-12 03:00:00,2
2018-06-13 03:00:00,2
2018-06-14 03:00:00,147
2018-06-15 03:00:00,0
2018-06-16 03:00:00,0
2018-06-17 03:00:00,0
2018-06-18 03:00:00,172
2018-06-19 03:00:00,2
2018-06-20 03:00:00,0
2018-06-21 03:00:00,145
2018-06-22 03:00:00,0
2018-06-23 03:00:00,162
2018-06-24 03:00:00,87
2018-06-25 03:00:00,104
2018-06-26 03:00:00,0
2018-06-27 03:00:00,186
2018-06-28 03:00:00,0
2018-06-29 03:00:00,104
2018-06-30 03:00:00,116
2018-07-01 03:00:00,2
2018-07-02 03:00:00,0
2018-07-03 03:00:00,0
2018-07-04 03:00:00,0
2018-07-05 03:00:00,0
2018-07-06 03:00:00,2
2018-07-07 03:00:00,0
2018-07-08 03:00:00,2
2018-07-09 03:00:00,2
2018-07-10 03:00:00,2
2018-07-11 03:00:00,0
2018-07-12 03:00:00,0
2018-07-13 03:00:00,0
2018-07-14 03:00:00,2
2018-07-15 03:00:00,2
2018-07-16 03:00:00,2
2018-07-17 03:00:00,2
2018-07-18 03:00:00,2
2018-07-19 03:00:00,2
2018-07-20 03:00:00,0
2018-07-21 03:00:00,2
2018-07-22 03:00:00,2
2018-07-23 03:00:00,2
2018-07-24 03:00:00,2
2018-07-25 03:00:00,0
2018-07-26 03:00:00,2
2018-07-27 03:00:00,2
2018-07-28 03:00:00,2
2018-07-29 03:00:00,2
2018-07-30 03:00:00,2
2018-07-31 03:00:00,0
2018-08-01 03:00:00,2
2018-08-02 03:00:00,2
2018-08-03 03:00:00,2
2018-08-04 03:00:00,3
2018-08-05 03:00:00,144
2018-08-06 03:00:00,0
2018-08-07 03:00:00,0
2018-08-08 03:00:00,2
2018-08-09 03:00:00,0
2018-08-10 03:00:00,2
2018-08-11 03:00:00,140
2018-08-12 03:00:00,0
2018-08-13 03:00:00,0
2018-08-14 03:00:00,2
2018-08-16 03:00:00,181
2018-08-17 03:00:00,0
2018-08-18 03:00:00,182
2018-08-19 03:00:00,0
2018-08-20 03:00:00,0
2018-08-21 03:00:00,0
2018-08-22 03:00:00,0
2018-08-23 03:00:00,0
2018-08-24 03:00:00,157
2018-08-25 03:00:00,0
2018-08-26 03:00:00,0
2018-08-27 03:00:00,155
2018-08-28 03:00:00,0
2018-08-29 03:00:00,0
2018-08-30 03:00:00,0
2018-08-31 03:00:00,0
2018-09-01 03:00:00,0
2018-09-02 03:00:00,0
2018-09-03 03:00:00,0
2018-09-04 03:00:00,0
2018-09-05 03:00:00,0
2018-09-06 03:00:00,0
2018-09-07 03:00:00,0
2018-09-08 03:00:00,0
2018-09-09 03:00:00,3
2018-09-10 03:00:00,0
2018-09-11 03:00:00,3
2018-09-12 03:00:00,0
2018-09-13 03:00:00,0
2018-09-14 03:00:00,0
2018-09-15 03:00:00,0
2018-09-16 03:00:00,0
2018-09-17 03:00:00,0
2018-09-18 03:00:00,156
2018-09-19 03:00:00,2
2018-09-20 03:00:00,3
2018-09-21 03:00:00,0
2018-09-22 03:00:00,0
2018-09-23 03:00:00,0
2018-09-24 03:00:00,0
2018-09-25 03:00:00,0
2018-09-26 03:00:00,0
2018-09-27 03:00:00,0
2018-09-28 03:00:00,2
2018-09-29 03:00:00,2
2018-09-30 03:00:00,0
2018-10-01 03:00:00,0
2018-10-02 03:00:00,0
2018-10-03 03:00:00,2
2018-10-04 03:00:00,0
2018-10-05 03:00:00,0
2018-10-06 03:00:00,0
2018-10-07 03:00:00,0
2018-10-08 03:00:00,0
2018-10-09 03:00:00,0
2018-10-10 03:00:00,0
2018-10-11 03:00:00,0
2018-10-12 03:00:00,0
2018-10-13 03:00:00,0
2018-10-14 03:00:00,0
2018-10-15 03:00:00,0
2018-10-16 03:00:00,0
2018-10-17 03:00:00,0
2018-10-18 03:00:00,0
2018-10-19 03:00:00,0
2018-10-20 03:00:00,0
2018-10-21 03:00:00,0
2018-10-22 03:00:00,0
2018-10-23 03:00:00,0
2018-10-24 03:00:00,0
2018-10-25 03:00:00,0
2018-10-26 03:00:00,0
2018-10-27 03:00:00,0
2018-10-28 03:00:00,0
2018-10-29 03:00:00,0
2018-10-30 03:00:00,0
2018-10-31 03:00:00,168
2018-11-01 03:00:00,0
2018-11-02 03:00:00,0
2018-11-03 03:00:00,193
2018-11-04 03:00:00,0
2018-11-05 03:00:00,0
2018-11-06 03:00:00,192
2018-11-07 03:00:00,153
2018-11-08 03:00:00,0
2018-11-09 03:00:00,0
2018-11-10 03:00:00,0
2018-11-11 03:00:00,0
2018-11-12 03:00:00,0
2018-11-13 03:00:00,0
2018-11-14 03:00:00,2
2018-11-16 03:00:00,0
2018-11-17 03:00:00,0
2018-11-18 03:00:00,0
2018-11-19 03:00:00,145
2018-11-20 03:00:00,0
2018-11-21 03:00:00,0
2018-11-22 03:00:00,0
2018-11-23 03:00:00,0
2018-11-24 03:00:00,0
2018-11-25 03:00:00,0
2018-11-26 03:00:00,159
2018-11-27 03:00:00,0
2018-11-28 03:00:00,156
2018-11-29 03:00:00,0
2018-11-30 03:00:00,0
2018-12-01 03:00:00,0
2018-12-02 03:00:00,0
2018-12-03 03:00:00,0
2018-12-04 03:00:00,0
2018-12-05 03:00:00,0
2018-12-06 03:00:00,0
2018-12-07 03:00:00,0
2018-12-08 03:00:00,0
2018-12-09 03:00:00,0
2018-12-10 03:00:00,0
2018-12-11 03:00:00,0
2018-12-12 03:00:00,0
2018-12-13 03:00:00,0
2018-12-15 03:00:00,0
2018-12-16 03:00:00,0
2018-12-24 03:00:00,0
2018-12-25 03:00:00,0
2018-12-26 03:00:00,0
2018-12-27 03:00:00,0
2018-12-28 03:00:00,0
2018-12-29 03:00:00,187
2018-12-30 03:00:00,0
2018-12-31 03:00:00,179
2019-01-01 03:00:00,0
2019-01-02 03:00:00,0
2019-01-03 03:00:00,0
2019-01-04 03:00:00,0
2019-01-05 03:00:00,0
2019-01-06 03:00:00,192
2019-01-07 03:00:00,0
2019-01-08 03:00:00,0
2019-01-09 03:00:00,0
2019-01-10 03:00:00,164
2019-01-11 03:00:00,0
2019-01-12 03:00:00,0
2019-01-13 03:00:00,0
2019-01-14 03:00:00,0
2019-01-15 03:00:00,0
2019-01-16 03:00:00,186
2019-01-17 03:00:00,0
2019-01-18 03:00:00,155
2019-01-19 03:00:00,0
2019-01-20 03:00:00,0
2019-01-21 03:00:00,0
2019-01-22 03:00:00,180
2019-01-23 03:00:00,0
2019-01-24 03:00:00,0
2019-01-25 03:00:00,0
2019-01-26 03:00:00,0
2019-01-27 03:00:00,204
2019-02-04 03:00:00,0
2019-02-05 03:00:00,0
2019-02-06 03:00:00,0
2019-02-07 03:00:00,0
2019-02-08 03:00:00,0
2019-02-09 03:00:00,3
2019-02-10 03:00:00,0
2019-02-11 03:00:00,0
2019-02-12 03:00:00,0
2019-02-13 03:00:00,0
2019-02-14 03:00:00,0
2019-02-15 03:00:00,0
2019-02-16 03:00:00,0
2019-02-17 03:00:00,0
2019-02-18 03:00:00,171
2019-02-19 03:00:00,3
2019-02-21 03:00:00,0
2019-02-22 03:00:00,0
2019-02-23 03:00:00,0
2019-02-24 03:00:00,0
2019-02-25 03:00:00,0
2019-02-26 03:00:00,3
2019-02-27 03:00:00,0
2019-02-28 03:00:00,0
2019-03-01 03:00:00,0
2019-03-02 03:00:00,0
2019-03-03 03:00:00,0
2019-03-11 03:00:00,0
2019-03-12 03:00:00,3
2019-03-13 03:00:00,0
2019-03-14 03:00:00,2
2019-03-15 03:00:00,0
2019-03-16 03:00:00,0
2019-03-17 03:00:00,0
2019-03-18 03:00:00,2
2019-03-19 03:00:00,0
2019-03-20 03:00:00,0
2019-03-21 03:00:00,2
2019-03-22 03:00:00,0
2019-03-23 03:00:00,0
2019-03-24 03:00:00,0
2019-03-25 03:00:00,0
2019-03-26 03:00:00,0
2019-03-27 03:00:00,2
2019-03-28 03:00:00,0
2019-03-29 03:00:00,0
2019-03-30 03:00:00,0
2019-03-31 03:00:00,0
2019-04-01 03:00:00,0
2019-04-02 03:00:00,0
2019-04-03 03:00:00,0
2019-04-04 03:00:00,2
2019-04-05 03:00:00,3
2019-04-06 03:00:00,2
2019-04-07 03:00:00,0
2019-04-08 03:00:00,0
2019-04-09 03:00:00,0
2019-04-10 03:00:00,0
2019-04-11 03:00:00,0
2019-04-12 03:00:00,0
2019-04-13 03:00:00,0
2019-04-14 03:00:00,0
2019-04-15 03:00:00,0
2019-04-16 03:00:00,3
2019-04-17 03:00:00,0
2019-04-18 03:00:00,111
2019-04-19 03:00:00,0
2019-04-20 03:00:00,0
2019-04-21 03:00:00,0
2019-04-22 03:00:00,0
2019-04-23 03:00:00,0
2019-04-24 03:00:00,2
2019-04-25 03:00:00,137
2019-04-26 03:00:00,0
2019-04-28 03:00:00,2
2019-04-29 03:00:00,0
2019-04-30 03:00:00,0
2019-05-01 03:00:00,2
2019-05-02 03:00:00,0
2019-05-03 03:00:00,0
2019-05-04 03:00:00,153
2019-05-05 03:00:00,0
2019-05-13 03:00:00,0
2019-05-14 03:00:00,2
2019-05-15 03:00:00,2
2019-05-16 03:00:00,128
2019-05-17 03:00:00,2
2019-05-18 03:00:00,0
2019-05-19 03:00:00,0
2019-05-20 03:00:00,0
2019-05-21 03:00:00,0
2019-05-22 03:00:00,0
2019-05-23 03:00:00,0
2019-05-24 03:00:00,0
2019-05-25 03:00:00,0
2019-05-26 03:00:00,173
2019-05-27 03:00:00,0
2019-05-28 03:00:00,2
2019-05-29 03:00:00,2
2019-05-30 03:00:00,2
2019-05-31 03:00:00,0
2019-06-01 03:00:00,0
2019-06-02 03:00:00,0
2019-06-03 03:00:00,0
2019-06-04 03:00:00,0
2019-06-05 03:00:00,0
2019-06-06 03:00:00,0
2019-06-07 03:00:00,0
2019-06-08 03:00:00,0
2019-06-09 03:00:00,0
2019-06-10 03:00:00,0
2019-06-11 03:00:00,0
2019-06-12 03:00:00,0
2019-06-13 03:00:00,0
2019-06-14 03:00:00,0
2019-06-15 03:00:00,0
2019-06-16 03:00:00,0
2019-06-17 03:00:00,0
2019-06-18 03:00:00,0
2019-06-19 03:00:00,0
2019-06-20 03:00:00,0
2019-06-21 03:00:00,0
2019-06-22 03:00:00,2
2019-06-23 03:00:00,0
2019-06-24 03:00:00,0
2019-06-25 03:00:00,2
2019-06-26 03:00:00,2
2019-06-27 03:00:00,120
2019-06-28 03:00:00,2
2019-06-29 03:00:00,2
2019-06-30 03:00:00,2
2019-07-01 03:00:00,0
2019-07-02 03:00:00,0
2019-07-03 03:00:00,0
2019-07-04 03:00:00,0
2019-07-05 03:00:00,0
2019-07-06 03:00:00,0
2019-07-07 03:00:00,0
2019-07-08 03:00:00,0
2019-07-09 03:00:00,0
2019-07-10 03:00:00,0
2019-07-11 03:00:00,0
2019-07-12 03:00:00,0
2019-07-13 03:00:00,0
2019-07-14 03:00:00,0
2019-07-15 03:00:00,0
2019-07-16 03:00:00,0
2019-07-17 03:00:00,0
2019-07-18 03:00:00,0
2019-07-19 03:00:00,0
2019-07-20 03:00:00,0
2019-07-21 03:00:00,0
2019-07-22 03:00:00,0
2019-07-23 03:00:00,0
2019-07-24 03:00:00,0
2019-07-25 03:00:00,0
2019-07-26 03:00:00,0
2019-07-27 03:00:00,0
2019-07-28 03:00:00,0
2019-07-29 03:00:00,0
2019-07-30 03:00:00,0
2019-07-31 03:00:00,0
2019-08-01 03:00:00,0
2019-08-02 03:00:00,0
2019-08-03 03:00:00,0
2019-08-04 03:00:00,0
2019-08-05 03:00:00,0
2019-08-06 03:00:00,0
2019-08-07 03:00:00,0
2019-08-08 03:00:00,0
2019-08-09 03:00:00,0
2019-08-10 03:00:00,0
2019-08-11 03:00:00,0
2019-08-12 03:00:00,0
2019-08-13 03:00:00,0
2019-08-14 03:00:00,0
2019-08-15 03:00:00,0
2019-08-16 03:00:00,0
2019-08-17 03:00:00,0
2019-08-18 03:00:00,0
2019-08-19 03:00:00,0
2019-08-20 03:00:00,0
2019-08-21 03:00:00,0
2019-08-22 03:00:00,0
2019-08-23 03:00:00,0
2019-08-24 03:00:00,0
2019-08-25 03:00:00,0
2019-08-26 03:00:00,0
2019-08-27 03:00:00,0
2019-08-28 03:00:00,0
2019-08-29 03:00:00,0
2019-08-30 03:00:00,0
2019-08-31 03:00:00,0
2019-09-01 03:00:00,0
2019-09-02 03:00:00,0
2019-09-03 03:00:00,0
2019-09-04 03:00:00,0
2019-09-05 03:00:00,0
2019-09-06 03:00:00,0
2019-09-07 03:00:00,0
2019-09-08 03:00:00,0
2019-09-09 03:00:00,0
2019-09-10 03:00:00,0
2019-09-11 03:00:00,2
2019-09-12 03:00:00,0
2019-09-13 03:00:00,2
2019-09-14 03:00:00,0
2019-09-15 03:00:00,0
2019-09-16 03:00:00,0
2019-09-17 03:00:00,0
2019-09-18 03:00:00,0
2019-09-19 03:00:00,2
2019-09-20 03:00:00,0
2019-09-21 03:00:00,0
2019-09-22 03:00:00,2
2019-09-23 03:00:00,0
2019-09-24 03:00:00,0
2019-09-25 03:00:00,2
2019-09-26 03:00:00,2
2019-09-27 03:00:00,0
2019-09-28 03:00:00,0
2019-09-29 03:00:00,2
2019-09-30 03:00:00,0
2019-10-01 03:00:00,0
2019-10-02 03:00:00,2
2019-10-03 03:00:00,0
2019-10-04 03:00:00,0
2019-10-05 03:00:00,2
2019-10-06 03:00:00,192
2019-10-07 03:00:00,3
2019-10-08 03:00:00,0
2019-10-09 03:00:00,0
2019-10-10 03:00:00,0
2019-10-11 03:00:00,0
2019-10-12 03:00:00,0
2019-10-13 03:00:00,0
2019-10-14 03:00:00,0
2019-10-15 03:00:00,0
2019-10-16 03:00:00,0
2019-10-17 03:00:00,0
2019-10-18 03:00:00,0
2019-10-19 03:00:00,153
2019-10-20 03:00:00,0
2019-10-21 03:00:00,200
2019-10-22 03:00:00,0
2019-10-23 03:00:00,0
2019-10-24 03:00:00,0
2019-10-25 03:00:00,0
2019-10-26 03:00:00,0
2019-10-27 03:00:00,135
2019-10-28 03:00:00,176
2019-10-29 03:00:00,146
2019-10-30 03:00:00,0
2019-10-31 03:00:00,2
2019-11-01 03:00:00,183
2019-11-02 03:00:00,0
2019-11-03 03:00:00,0
2019-11-04 03:00:00,0
2019-11-05 03:00:00,0
2019-11-06 03:00:00,0
2019-11-07 03:00:00,0
2019-11-08 03:00:00,128
2019-11-09 03:00:00,187
2019-11-10 03:00:00,176
2019-11-11 03:00:00,232
2019-11-12 03:00:00,0
2019-11-13 03:00:00,0
2019-11-14 03:00:00,0
2019-11-15 03:00:00,0
2019-11-16 03:00:00,153
2019-11-17 03:00:00,0
2019-11-18 03:00:00,0
2019-11-19 03:00:00,168
2019-11-20 03:00:00,0
2019-11-21 03:00:00,0
2019-11-22 03:00:00,0
2019-11-23 03:00:00,199
2019-11-24 03:00:00,158
2019-11-25 03:00:00,0
2019-11-26 03:00:00,0
2019-11-27 03:00:00,0
2019-11-28 03:00:00,0
2019-11-29 03:00:00,0
2019-11-30 03:00:00,0
2019-12-01 03:00:00,0
2019-12-02 03:00:00,0
2019-12-03 03:00:00,0
2019-12-04 03:00:00,154
2019-12-05 03:00:00,0
2019-12-07 03:00:00,190
2019-12-08 03:00:00,0
2019-12-09 03:00:00,0
2019-12-10 03:00:00,0
2019-12-11 03:00:00,0
2019-12-12 03:00:00,0
2019-12-13 03:00:00,0
2019-12-14 03:00:00,0
2019-12-15 03:00:00,0
2019-12-16 03:00:00,0
2019-12-17 03:00:00,0
2019-12-18 03:00:00,0
2019-12-19 03:00:00,0
2019-12-20 03:00:00,0
2019-12-21 03:00:00,0
2019-12-22 03:00:00,0
2019-12-23 03:00:00,0
2019-12-24 03:00:00,0
2019-12-25 03:00:00,0
2019-12-26 03:00:00,0
2019-12-27 03:00:00,0
2019-12-28 03:00:00,0
2019-12-29 03:00:00,160
2019-12-30 03:00:00,159
2019-12-31 03:00:00,0
2020-01-01 03:00:00,0
2020-01-02 03:00:00,0
2020-01-03 03:00:00,0
2020-01-04 03:00:00,0
2020-01-05 03:00:00,0
2020-01-06 03:00:00,0
2020-01-07 03:00:00,0
2020-01-08 03:00:00,0
2020-01-09 03:00:00,0
2020-01-10 03:00:00,0
2020-01-11 03:00:00,174
2020-01-12 03:00:00,0
2020-01-13 03:00:00,0
2020-01-14 03:00:00,185
2020-01-15 03:00:00,0
2020-01-16 03:00:00,0
2020-01-17 03:00:00,0
2020-01-18 03:00:00,0
2020-01-19 03:00:00,0
2020-01-20 03:00:00,0
2020-01-21 03:00:00,0
2020-01-22 03:00:00,0
2020-01-23 03:00:00,0
2020-01-24 03:00:00,0
2020-01-25 03:00:00,0
2020-01-26 03:00:00,0
2020-01-27 03:00:00,0
2020-01-28 03:00:00,0
2020-01-29 03:00:00,0
2020-01-30 03:00:00,0
2020-01-31 03:00:00,0
2020-02-01 03:00:00,0
2020-02-02 03:00:00,0
2020-02-03 03:00:00,0
2020-02-04 03:00:00,0
2020-02-05 03:00:00,0
2020-02-06 03:00:00,0
2020-02-07 03:00:00,0
2020-02-08 03:00:00,0
2020-02-09 03:00:00,0
2020-02-10 03:00:00,157
2020-02-11 03:00:00,0
2020-02-12 03:00:00,0
2020-02-13 03:00:00,0
2020-02-14 03:00:00,0
2020-02-15 03:00:00,0
2020-02-16 03:00:00,0
2020-02-17 03:00:00,0
2020-02-18 03:00:00,0
2020-02-19 03:00:00,0
2020-02-20 03:00:00,0
2020-02-21 03:00:00,0
2020-02-22 03:00:00,0
2020-02-23 03:00:00,0
2020-02-24 03:00:00,0
2020-02-25 03:00:00,0
2020-02-26 03:00:00,0
2020-02-27 03:00:00,0
2020-02-28 03:00:00,0
2020-02-29 03:00:00,0
2020-03-01 03:00:00,0
2020-03-02 03:00:00,0
2020-03-03 03:00:00,0
2020-03-04 03:00:00,0
2020-03-05 03:00:00,0
2020-03-06 03:00:00,0
2020-03-07 03:00:00,0
2020-03-08 03:00:00,0
2020-03-09 03:00:00,0
2020-03-10 03:00:00,0
2020-03-11 03:00:00,0
2020-03-12 03:00:00,0
2020-03-13 03:00:00,0
2020-03-14 03:00:00,0
2020-03-15 03:00:00,0
2020-03-16 03:00:00,0
2020-03-17 03:00:00,0
2020-03-18 03:00:00,0
2020-03-19 03:00:00,0
2020-03-20 03:00:00,0
2020-03-21 03:00:00,0
2020-03-22 03:00:00,0
2020-03-23 03:00:00,3
2020-03-24 03:00:00,0
2020-03-25 03:00:00,0
2020-03-26 03:00:00,0
2020-03-27 03:00:00,0
2020-03-28 03:00:00,0
2020-03-29 03:00:00,0
2020-03-30 03:00:00,0
2020-03-31 03:00:00,0
2020-04-01 03:00:00,0
2020-04-02 03:00:00,0
2020-04-03 03:00:00,0
2020-04-04 03:00:00,0
2020-04-05 03:00:00,0
2020-04-06 03:00:00,0
2020-04-07 03:00:00,0
2020-04-08 03:00:00,0
2020-04-09 03:00:00,0
2020-04-10 03:00:00,0
2020-04-11 03:00:00,0
2020-04-12 03:00:00,0
2020-04-13 03:00:00,0
2020-04-14 03:00:00,0
2020-04-15 03:00:00,0
2020-04-16 03:00:00,3
2020-04-17 03:00:00,0
2020-04-18 03:00:00,0
2020-04-19 03:00:00,0
2020-04-20 03:00:00,0
2020-04-21 03:00:00,0
2020-04-22 03:00:00,0
2020-04-23 03:00:00,0
2020-04-24 03:00:00,0
2020-04-25 03:00:00,0
2020-04-26 03:00:00,0
2020-04-27 03:00:00,0
2020-04-28 03:00:00,0
2020-04-29 03:00:00,0
2020-04-30 03:00:00,0
2020-05-01 03:00:00,0
2020-05-02 03:00:00,0
2020-05-03 03:00:00,0
2020-05-04 03:00:00,0
2020-05-05 03:00:00,0
2020-05-06 03:00:00,0
2020-05-07 03:00:00,0
2020-05-08 03:00:00,168
2020-05-09 03:00:00,2
2020-05-10 03:00:00,0
2020-05-11 03:00:00,0
2020-05-12 03:00:00,2
2020-05-13 03:00:00,0
2020-05-14 03:00:00,0
2020-05-15 03:00:00,2
2020-05-16 03:00:00,127
2020-05-17 03:00:00,0
2020-05-18 03:00:00,148
2020-05-19 03:00:00,185
2020-05-20 03:00:00,2
2020-05-21 03:00:00,0
2020-05-22 03:00:00,0
2020-05-23 03:00:00,0
2020-05-24 03:00:00,0
2020-05-25 03:00:00,0
2020-05-26 03:00:00,187
2020-05-27 03:00:00,129
2020-05-28 03:00:00,174
2020-05-29 03:00:00,2
2020-05-30 03:00:00,0
2020-05-31 03:00:00,0
2020-06-01 03:00:00,148
2020-06-02 03:00:00,116
2020-06-03 03:00:00,134
2020-06-04 03:00:00,179
2020-06-05 03:00:00,154
2020-06-06 03:00:00,111
2020-06-07 03:00:00,118
2020-06-08 03:00:00,156
2020-06-09 03:00:00,2
2020-06-10 03:00:00,2
2020-06-11 03:00:00,188
2020-06-12 03:00:00,3
2020-06-13 03:00:00,148
2020-06-14 03:00:00,143
2020-06-15 03:00:00,153
2020-06-16 03:00:00,2
2020-06-17 03:00:00,149
2020-06-18 03:00:00,186
2020-06-19 03:00:00,138
2020-06-20 03:00:00,2
2020-06-21 03:00:00,134
2020-06-22 03:00:00,2
2020-06-23 03:00:00,166
2020-06-24 03:00:00,133
2020-06-25 03:00:00,158
2020-06-26 03:00:00,159
2020-06-27 03:00:00,181
2020-06-28 03:00:00,0
2020-06-29 03:00:00,3
2020-06-30 03:00:00,145
2020-07-01 03:00:00,0
2020-07-02 03:00:00,3
2020-07-03 03:00:00,199
2020-07-04 03:00:00,143
2020-07-05 03:00:00,127
2020-07-06 03:00:00,140
2020-07-07 03:00:00,0
2020-07-08 03:00:00,145
2020-07-09 03:00:00,0
2020-07-10 03:00:00,118
2020-07-11 03:00:00,3
2020-07-12 03:00:00,148
2020-07-13 03:00:00,159
2020-07-14 03:00:00,2
2020-07-15 03:00:00,158
2020-07-16 03:00:00,0
2020-07-17 03:00:00,0
2020-07-18 03:00:00,0
2020-07-19 03:00:00,0
2020-07-20 03:00:00,0
2020-07-21 03:00:00,196
2020-07-22 03:00:00,0
2020-07-23 03:00:00,170
2020-07-24 03:00:00,128
2020-07-25 03:00:00,158
2020-07-26 03:00:00,127
2020-07-27 03:00:00,0
2020-07-28 03:00:00,175
2020-07-29 03:00:00,190
2020-07-30 03:00:00,0
2020-07-31 03:00:00,0
2020-08-01 03:00:00,0
2020-08-02 03:00:00,0
2020-08-03 03:00:00,0
2020-08-04 03:00:00,0
2020-08-05 03:00:00,0
2020-08-06 03:00:00,0
2020-08-07 03:00:00,0
2020-08-08 03:00:00,0
2020-08-09 03:00:00,0
2020-08-10 03:00:00,0
2020-08-11 03:00:00,0
2020-08-12 03:00:00,0
2020-08-13 03:00:00,0
2020-08-14 03:00:00,0
2020-08-15 03:00:00,0
2020-08-16 03:00:00,0
2020-08-17 03:00:00,0
2020-08-18 03:00:00,0
2020-08-19 03:00:00,0
2020-08-20 03:00:00,0
2020-08-21 03:00:00,0
2020-08-22 03:00:00,0
2020-08-23 03:00:00,0
2020-08-24 03:00:00,0
2020-08-25 03:00:00,0
2020-08-26 03:00:00,0
2020-08-27 03:00:00,0
2020-08-28 03:00:00,0
2020-08-29 03:00:00,0
2020-08-30 03:00:00,0
2020-08-31 03:00:00,0
2020-09-01 03:00:00,0
2020-09-02 03:00:00,0
2020-09-03 03:00:00,0
2020-09-04 03:00:00,0
2020-09-05 03:00:00,0
2020-09-06 03:00:00,0
2020-09-07 03:00:00,0
2020-09-08 03:00:00,0
2020-09-09 03:00:00,0
2020-09-10 03:00:00,0
2020-09-11 03:00:00,0
2020-09-12 03:00:00,0
2020-09-13 03:00:00,0
2020-09-14 03:00:00,0
2020-09-15 03:00:00,0
2020-09-16 03:00:00,0
2020-09-17 03:00:00,0
2020-09-18 03:00:00,0
2020-09-19 03:00:00,0
2020-09-20 03:00:00,0
2020-09-21 03:00:00,0
2020-09-22 03:00:00,0
2020-09-23 03:00:00,0
2020-09-24 03:00:00,0
2020-09-25 03:00:00,0
2020-09-26 03:00:00,0
2020-09-27 03:00:00,0
2020-09-28 03:00:00,0
2020-09-29 03:00:00,0
2020-09-30 03:00:00,0
2020-10-01 03:00:00,0
2020-10-02 03:00:00,0
2020-10-03 03:00:00,0
2020-10-04 03:00:00,0
2020-10-05 03:00:00,0
2020-10-06 03:00:00,0
2020-10-07 03:00:00,0
2020-10-08 03:00:00,0
2020-10-09 03:00:00,0
2020-10-10 03:00:00,0
2020-10-11 03:00:00,0
2020-10-12 03:00:00,0
2020-10-13 03:00:00,0
2020-10-14 03:00:00,0
2020-10-15 03:00:00,0
2020-10-16 03:00:00,0
2020-10-17 03:00:00,0
2020-10-18 03:00:00,0
2020-10-19 03:00:00,0
2020-10-20 03:00:00,0
2020-10-21 03:00:00,0
2020-10-22 03:00:00,0
2020-10-23 03:00:00,0
2020-10-24 03:00:00,0
2020-10-25 03:00:00,0
2020-10-26 03:00:00,0
2020-10-27 03:00:00,0
2020-10-28 03:00:00,0
2020-10-29 03:00:00,0
2020-10-30 03:00:00,0
2020-10-31 03:00:00,0
2020-11-01 03:00:00,0
2020-11-02 03:00:00,0
2020-11-03 03:00:00,0
2020-11-04 03:00:00,0
2020-11-05 03:00:00,0
2020-11-06 03:00:00,0
2020-11-07 03:00:00,0
2020-11-08 03:00:00,0
2020-11-09 03:00:00,0
2020-11-10 03:00:00,0
2020-11-11 03:00:00,0
2020-11-12 03:00:00,0
2020-11-13 03:00:00,0
2020-11-14 03:00:00,0
2020-11-15 03:00:00,0
2020-11-16 03:00:00,0
2020-11-17 03:00:00,0
2020-11-18 03:00:00,0
2020-11-19 03:00:00,0
2020-11-21 03:00:00,2
2020-11-22 03:00:00,171
2020-11-25 03:00:00,0
2020-11-26 03:00:00,0
2020-11-27 03:00:00,0
2020-11-28 03:00:00,0
2020-11-29 03:00:00,0
2020-11-30 03:00:00,0
2020-12-01 03:00:00,0
2020-12-02 03:00:00,0
2020-12-03 03:00:00,0
2020-12-04 03:00:00,0
2020-12-05 03:00:00,0
2020-12-06 03:00:00,0
2020-12-07 03:00:00,0
2020-12-08 03:00:00,0
2020-12-09 03:00:00,0
2020-12-10 03:00:00,0
2020-12-11 03:00:00,0
2020-12-12 03:00:00,0
2020-12-13 03:00:00,0
2020-12-14 03:00:00,2
2020-12-15 03:00:00,147
2020-12-18 03:00:00,0
2020-12-19 03:00:00,0
2020-12-20 03:00:00,0
2020-12-21 03:00:00,0
2020-12-22 03:00:00,0
2020-12-23 03:00:00,0
2020-12-24 03:00:00,0
2020-12-25 03:00:00,0
2020-12-26 03:00:00,0
2020-12-27 03:00:00,0
2020-12-28 03:00:00,0
2020-12-29 03:00:00,0
2020-12-30 03:00:00,0
2020-12-31 03:00:00,0
2021-01-01 03:00:00,0
2021-01-02 03:00:00,0
2021-01-03 03:00:00,0
2021-01-04 03:00:00,0
2021-01-05 03:00:00,0
2021-01-06 03:00:00,0
2021-01-07 03:00:00,0
2021-01-08 03:00:00,0
2021-01-09 03:00:00,0
2021-01-10 03:00:00,0
2021-01-11 03:00:00,0
2021-01-12 03:00:00,0
2021-01-13 03:00:00,0
2021-01-14 03:00:00,0
2021-01-15 03:00:00,0
2021-01-16 03:00:00,0
2021-01-17 03:00:00,0
2021-01-18 03:00:00,0
2021-01-19 03:00:00,0
2021-01-20 03:00:00,0
2021-01-21 03:00:00,0
2021-01-22 03:00:00,0
2021-01-23 03:00:00,0
2021-01-24 03:00:00,0
2021-02-01 03:00:00,0
2021-02-02 03:00:00,0
2021-02-03 03:00:00,0
2021-02-04 03:00:00,0
2021-02-05 03:00:00,0
2021-02-06 03:00:00,0
2021-02-07 03:00:00,0
2021-02-08 03:00:00,0
2021-02-09 03:00:00,0
2021-02-10 03:00:00,0
2021-02-11 03:00:00,0
2021-02-12 03:00:00,0
2021-02-13 03:00:00,0
2021-02-14 03:00:00,0
2021-02-15 03:00:00,0
2021-02-16 03:00:00,0
2021-02-17 03:00:00,0
2021-02-18 03:00:00,0
2021-02-19 03:00:00,0
2021-02-20 03:00:00,0
2021-02-21 03:00:00,0
2021-02-22 03:00:00,0
2021-02-23 03:00:00,0
2021-02-24 03:00:00,0
2021-02-25 03:00:00,0
2021-02-26 03:00:00,0
2021-02-27 03:00:00,0
2021-02-28 03:00:00,0
2021-03-01 03:00:00,0
2021-03-02 03:00:00,0
2021-03-03 03:00:00,0
2021-03-04 03:00:00,0
2021-03-05 03:00:00,0
2021-03-06 03:00:00,0
2021-03-07 03:00:00,0
2021-03-08 03:00:00,0
2021-03-09 03:00:00,0
2021-03-10 03:00:00,0
2021-03-11 03:00:00,0
2021-03-12 03:00:00,0
2021-03-13 03:00:00,0
2021-03-14 03:00:00,0
2021-03-15 03:00:00,0
2021-03-16 03:00:00,0
2021-03-17 03:00:00,0
2021-03-18 03:00:00,0
2021-03-19 03:00:00,0
2021-03-20 03:00:00,0
2021-03-21 03:00:00,0
2021-04-12 03:00:00,0
2021-04-13 03:00:00,0
2021-04-14 03:00:00,2
2021-04-15 03:00:00,0
2021-04-16 03:00:00,3
2021-04-17 03:00:00,0
2021-04-18 03:00:00,0
2021-04-19 03:00:00,111
2021-04-20 03:00:00,151
2021-04-21 03:00:00,125
2021-04-22 03:00:00,184
2021-04-23 03:00:00,2
2021-04-24 03:00:00,149
2021-04-25 03:00:00,3
2021-04-26 03:00:00,3
2021-04-27 03:00:00,3
2021-04-28 03:00:00,0
2021-04-29 03:00:00,132
2021-04-30 03:00:00,3
2021-05-01 03:00:00,3
2021-05-02 03:00:00,153
2021-05-03 03:00:00,107
2021-05-04 03:00:00,164
2021-05-05 03:00:00,144
2021-05-06 03:00:00,3
2021-05-07 03:00:00,182
2021-05-08 03:00:00,164
2021-05-09 03:00:00,124
2021-05-17 03:00:00,155
2021-05-18 03:00:00,145
2021-05-19 03:00:00,223
2021-05-20 03:00:00,3
2021-05-21 03:00:00,3
2021-05-22 03:00:00,107
2021-05-23 03:00:00,149
2021-05-24 03:00:00,157
2021-05-25 03:00:00,136
2021-05-26 03:00:00,155
2021-05-27 03:00:00,3
2021-05-28 03:00:00,172
2021-05-29 03:00:00,3
2021-05-30 03:00:00,157
2021-05-31 03:00:00,3
2021-06-01 03:00:00,123
2021-06-02 03:00:00,3
2021-06-03 03:00:00,124
2021-06-04 03:00:00,139
2021-06-05 03:00:00,177
2021-06-06 03:00:00,151
2021-06-07 03:00:00,3
2021-06-08 03:00:00,3
2021-06-09 03:00:00,3
2021-06-10 03:00:00,3
2021-06-11 03:00:00,158
2021-06-12 03:00:00,130
2021-06-13 03:00:00,3
2021-06-14 03:00:00,128
2021-06-15 03:00:00,3
2021-06-16 03:00:00,3
2021-06-17 03:00:00,3
2021-06-18 03:00:00,3
2021-06-19 03:00:00,3
2021-06-20 03:00:00,3
2021-06-21 03:00:00,3
2021-06-22 03:00:00,156
2021-06-23 03:00:00,3
2021-06-24 03:00:00,3
2021-06-25 03:00:00,3
2021-06-26 03:00:00,3
2021-06-27 03:00:00,3
2021-06-28 03:00:00,3
2021-06-29 03:00:00,3
2021-06-30 03:00:00,128
2021-07-01 03:00:00,179
2021-07-02 03:00:00,184
2021-07-03 03:00:00,145
2021-07-04 03:00:00,3
2021-07-12 03:00:00,3
2021-07-13 03:00:00,170
2021-07-14 03:00:00,163
2021-07-15 03:00:00,143
2021-07-16 03:00:00,171
2021-07-17 03:00:00,192
2021-07-18 03:00:00,112
2021-07-19 03:00:00,3
2021-07-20 03:00:00,146
2021-07-21 03:00:00,132
2021-07-22 03:00:00,123
2021-07-23 03:00:00,127
2021-07-24 03:00:00,139
2021-07-25 03:00:00,142
2021-07-26 03:00:00,3
2021-07-27 03:00:00,111
2021-07-28 03:00:00,139
2021-07-29 03:00:00,154
2021-07-30 03:00:00,159
2021-07-31 03:00:00,206
2021-08-01 03:00:00,144
2021-08-02 03:00:00,163
2021-08-03 03:00:00,115
2021-08-04 03:00:00,130
2021-08-05 03:00:00,3
2021-08-06 03:00:00,158
2021-08-07 03:00:00,3
2021-08-08 03:00:00,3
2021-08-09 03:00:00,180
2021-08-10 03:00:00,3
2021-08-11 03:00:00,3
2021-08-12 03:00:00,145
2021-08-13 03:00:00,125
2021-08-14 03:00:00,3
2021-08-15 03:00:00,3
2021-08-16 03:00:00,3
2021-08-17 03:00:00,3
2021-08-18 03:00:00,3
2021-08-19 03:00:00,134
2021-08-20 03:00:00,191
2021-08-21 03:00:00,3
2021-08-22 03:00:00,3
2021-08-23 03:00:00,3
2021-08-24 03:00:00,3
2021-08-25 03:00:00,3
2021-08-26 03:00:00,3
2021-08-27 03:00:00,3
2021-08-28 03:00:00,0
2021-08-29 03:00:00,0
2021-08-30 03:00:00,0
2021-08-31 03:00:00,3
2021-09-01 03:00:00,3
2021-09-02 03:00:00,3
2021-09-03 03:00:00,179
2021-09-04 03:00:00,0
2021-09-05 03:00:00,0
2021-12-13 03:00:00,0
2021-12-14 03:00:00,0
2021-12-15 03:00:00,0
2021-12-16 03:00:00,0
2021-12-17 03:00:00,0
2021-12-18 03:00:00,0
2021-12-19 03:00:00,0
2021-12-20 03:00:00,0
2021-12-21 03:00:00,0
2021-12-22 03:00:00,0
2021-12-23 03:00:00,0
2021-12-24 03:00:00,0
2021-12-25 03:00:00,0
2021-12-26 03:00:00,0
2021-12-27 03:00:00,0
2021-12-28 03:00:00,0
2021-12-29 03:00:00,0
2021-12-30 03:00:00,0
2021-12-31 03:00:00,0
2022-01-01 03:00:00,0
2022-01-02 03:00:00,0
2022-01-03 03:00:00,0
2022-01-04 03:00:00,0
2022-01-05 03:00:00,0
2022-01-06 03:00:00,0
2022-01-07 03:00:00,0
2022-01-08 03:00:00,0
2022-01-09 03:00:00,0
2022-01-10 03:00:00,0
2022-01-11 03:00:00,0
2022-01-12 03:00:00,0
2022-01-13 03:00:00,0
2022-01-14 03:00:00,0
2022-01-15 03:00:00,0
2022-01-16 03:00:00,0
2022-01-17 03:00:00,0
2022-01-18 03:00:00,0
2022-01-19 03:00:00,0
2022-01-20 03:00:00,0
2022-01-21 03:00:00,0
2022-01-22 03:00:00,0
2022-01-23 03:00:00,0
2022-01-24 03:00:00,0
2022-01-25 03:00:00,0
2022-01-26 03:00:00,0
2022-01-27 03:00:00,0
2022-01-28 03:00:00,0
2022-01-29 03:00:00,0
2022-01-30 03:00:00,0
2022-01-31 03:00:00,0
2022-02-01 03:00:00,0
2022-02-02 03:00:00,0
2022-02-03 03:00:00,0
2022-02-04 03:00:00,0
2022-02-05 03:00:00,0
2022-02-06 03:00:00,0
2022-02-07 03:00:00,0
2022-02-08 03:00:00,0
2022-02-09 03:00:00,0
2022-02-10 03:00:00,0
2022-02-11 03:00:00,0
2022-02-12 03:00:00,0
2022-02-13 03:00:00,0
2022-02-14 03:00:00,0
2022-02-15 03:00:00,0
2022-02-16 03:00:00,0
2022-02-17 03:00:00,0
2022-02-18 03:00:00,0
2022-02-19 03:00:00,0
2022-02-20 03:00:00,0
2022-02-21 03:00:00,0
2022-02-22 03:00:00,0
2022-02-23 03:00:00,0
2022-02-24 03:00:00,0
2022-02-25 03:00:00,0
2022-02-26 03:00:00,0
2022-02-27 03:00:00,0
2022-02-28 03:00:00,0
2022-03-01 03:00:00,3
2022-03-02 03:00:00,0
2022-03-03 03:00:00,0
2022-03-04 03:00:00,0
2022-03-05 03:00:00,0
2022-03-06 03:00:00,0
2022-03-07 03:00:00,3
2022-03-08 03:00:00,0
2022-03-09 03:00:00,0
2022-03-10 03:00:00,3
2022-03-11 03:00:00,0
2022-03-12 03:00:00,3
2022-03-13 03:00:00,0
2022-03-14 03:00:00,0
2022-03-15 03:00:00,0
2022-03-16 03:00:00,0
2022-03-17 03:00:00,2
2022-03-18 03:00:00,2
2022-03-19 03:00:00,3
2022-03-20 03:00:00,2
2022-03-21 03:00:00,2
2022-03-22 03:00:00,2
2022-03-23 03:00:00,163
2022-03-24 03:00:00,3
2022-03-25 03:00:00,0
2022-03-26 03:00:00,0
2022-03-27 03:00:00,0
2022-03-28 03:00:00,0
2022-03-29 03:00:00,0
2022-03-30 03:00:00,0
2022-03-31 03:00:00,0
2022-04-01 03:00:00,0
2022-04-02 03:00:00,0
2022-04-03 03:00:00,0
2022-04-04 03:00:00,0
2022-04-05 03:00:00,0
2022-04-06 03:00:00,0
2022-04-07 03:00:00,0
2022-04-08 03:00:00,0
2022-04-09 03:00:00,0
2022-04-10 03:00:00,0
2022-04-11 03:00:00,0
2022-04-12 03:00:00,0
2022-04-13 03:00:00,0
2022-04-14 03:00:00,2
2022-04-15 03:00:00,2
2022-04-16 03:00:00,2
2022-04-17 03:00:00,2
2022-04-18 03:00:00,2
2022-04-19 03:00:00,2
2022-04-20 03:00:00,2
2022-04-21 03:00:00,2
2022-04-22 03:00:00,2
2022-04-23 03:00:00,153
2022-04-24 03:00:00,2
2022-04-25 03:00:00,2
2022-04-26 03:00:00,2
2022-04-27 03:00:00,2
2022-04-28 03:00:00,2
2022-04-29 03:00:00,2
2022-04-30 03:00:00,2
2022-05-01 03:00:00,2
2022-05-02 03:00:00,2
2022-05-03 03:00:00,2
2022-05-04 03:00:00,2
2022-05-05 03:00:00,2
2022-05-06 03:00:00,2
2022-05-07 03:00:00,2
2022-05-08 03:00:00,2
2022-05-09 03:00:00,2
2022-05-10 03:00:00,2
2022-05-11 03:00:00,2
2022-05-12 03:00:00,2
2022-05-13 03:00:00,2
2022-05-14 03:00:00,2
2022-05-15 03:00:00,2
2022-05-16 03:00:00,2
2022-05-17 03:00:00,2
2022-05-18 03:00:00,2
2022-05-19 03:00:00,2
2022-05-20 03:00:00,2
2022-05-21 03:00:00,2
2022-05-22 03:00:00,2
2022-05-23 03:00:00,2
2022-05-24 03:00:00,2
2022-05-25 03:00:00,2
2022-05-26 03:00:00,2
2022-05-27 03:00:00,2
2022-05-28 03:00:00,2
2022-05-29 03:00:00,2
2022-05-30 03:00:00,2
2022-05-31 03:00:00,2
2022-06-01 03:00:00,2
2022-06-02 03:00:00,2
2022-06-03 03:00:00,2
2022-06-04 03:00:00,2
2022-06-05 03:00:00,2
2022-06-06 03:00:00,2
2022-06-07 03:00:00,2
2022-06-08 03:00:00,2
2022-06-09 03:00:00,2
2022-06-10 03:00:00,2
2022-06-11 03:00:00,2
2022-06-12 03:00:00,2
2022-06-13 03:00:00,2
2022-06-14 03:00:00,2
2022-06-15 03:00:00,2
2022-06-16 03:00:00,2
2022-06-17 03:00:00,2
2022-06-18 03:00:00,2
2022-06-19 03:00:00,2
2022-06-20 03:00:00,2
2022-06-21 03:00:00,2
2022-06-22 03:00:00,2
2022-06-23 03:00:00,2
2022-06-24 03:00:00,2
2022-06-25 03:00:00,2
2022-06-26 03:00:00,2
2022-06-27 03:00:00,2
2022-06-28 03:00:00,2
2022-06-29 03:00:00,2
2022-06-30 03:00:00,2
2022-07-01 03:00:00,2
2022-07-02 03:00:00,2
2022-07-03 03:00:00,2
2022-07-04 03:00:00,2
2022-07-05 03:00:00,2
2022-07-06 03:00:00,2
2022-07-07 03:00:00,2
2022-07-08 03:00:00,2
2022-07-09 03:00:00,2
2022-07-10 03:00:00,2
2022-07-11 03:00:00,2
2022-07-12 03:00:00,2
2022-07-13 03:00:00,2
2022-07-14 03:00:00,2
2022-07-15 03:00:00,2
2022-07-16 03:00:00,2
2022-07-17 03:00:00,2
2022-07-18 03:00:00,2
2022-07-19 03:00:00,2
2022-07-20 03:00:00,2
2022-07-21 03:00:00,2
2022-07-22 03:00:00,2
2022-07-23 03:00:00,2
2022-07-24 03:00:00,2
2022-07-25 03:00:00,2
2022-07-26 03:00:00,2
2022-07-27 03:00:00,2
2022-07-28 03:00:00,2
2022-07-29 03:00:00,2
2022-07-30 03:00:00,2
2022-07-31 03:00:00,2
2022-08-01 03:00:00,2
2022-08-02 03:00:00,2
2022-08-03 03:00:00,2
2022-08-04 03:00:00,2
2022-08-05 03:00:00,2
2022-08-06 03:00:00,2
2022-08-07 03:00:00,2
2022-08-08 03:00:00,2
2022-08-09 03:00:00,2
2022-08-10 03:00:00,2
2022-08-11 03:00:00,2
2022-08-12 03:00:00,2
2022-08-13 03:00:00,2
2022-08-14 03:00:00,2
2022-08-15 03:00:00,2
2022-08-16 03:00:00,101
2022-08-17 03:00:00,138
2022-08-18 03:00:00,2
2022-08-19 03:00:00,2
2022-08-20 03:00:00,2
2022-08-21 03:00:00,146
2022-08-22 03:00:00,2
2022-08-23 03:00:00,159
2022-08-24 03:00:00,2
2022-08-25 03:00:00,2
2022-08-26 03:00:00,136
2022-08-27 03:00:00,133
2022-08-28 03:00:00,124
2022-08-29 03:00:00,112
2022-08-30 03:00:00,130
2022-08-31 03:00:00,138
2022-09-01 03:00:00,132
2022-09-02 03:00:00,163
2022-09-03 03:00:00,145
2022-09-04 03:00:00,2
2022-09-05 03:00:00,169
2022-09-06 03:00:00,2
2022-09-07 03:00:00,158
2022-09-08 03:00:00,152
2022-09-09 03:00:00,159
2022-09-10 03:00:00,161
2022-09-11 03:00:00,2
2022-09-12 03:00:00,163
2022-09-13 03:00:00,135
2022-09-14 03:00:00,156
2022-09-15 03:00:00,112
2022-09-16 03:00:00,137
2022-09-17 03:00:00,135
2022-09-18 03:00:00,150
2022-09-19 03:00:00,158
2022-09-20 03:00:00,149
2022-09-21 03:00:00,144
2022-09-22 03:00:00,146
2022-09-23 03:00:00,135
2022-09-24 03:00:00,147
2022-09-25 03:00:00,138
2022-09-26 03:00:00,123
2022-09-27 03:00:00,138
2022-09-28 03:00:00,141
2022-09-29 03:00:00,132
2022-09-30 03:00:00,151
2022-10-01 03:00:00,140
2022-10-02 03:00:00,138
2022-10-03 03:00:00,155
2022-10-04 03:00:00,153
2022-10-05 03:00:00,150
2022-10-06 03:00:00,146
2022-10-07 03:00:00,150
2022-10-08 03:00:00,165
2022-10-09 03:00:00,154
2022-10-10 03:00:00,155
2022-10-11 03:00:00,138
2022-10-12 03:00:00,147
2022-10-13 03:00:00,162
2022-10-14 03:00:00,159
2022-10-15 03:00:00,135
2022-10-16 03:00:00,160
2022-10-17 03:00:00,165
2022-10-18 03:00:00,153
2022-10-19 03:00:00,156
2022-10-20 03:00:00,135
2022-10-21 03:00:00,126
2022-10-22 03:00:00,176
2022-10-23 03:00:00,2
2022-10-24 03:00:00,2
2022-10-25 03:00:00,2
2022-10-26 03:00:00,2
2022-10-27 03:00:00,2
2022-10-28 03:00:00,138
2022-10-29 03:00:00,2
2022-10-30 03:00:00,2
2022-10-31 03:00:00,2
2022-11-01 03:00:00,2
2022-11-02 03:00:00,0
2022-11-03 03:00:00,1
2022-11-04 03:00:00,0
2022-11-05 03:00:00,0
2022-11-06 03:00:00,0
2022-11-07 03:00:00,0
2022-11-08 03:00:00,0
2022-11-09 03:00:00,0
2022-11-10 03:00:00,0
2022-11-11 03:00:00,0
2022-11-12 03:00:00,0
2022-11-13 03:00:00,0
2022-11-14 03:00:00,0
2022-11-15 03:00:00,0
2022-11-16 03:00:00,0
2022-11-17 03:00:00,0
2022-11-18 03:00:00,0
2022-11-19 03:00:00,0
2022-11-20 03:00:00,0
2022-11-21 03:00:00,0
2022-11-22 03:00:00,0
2022-11-23 03:00:00,0
2022-11-24 03:00:00,0
2022-11-25 03:00:00,0
2022-11-26 03:00:00,0
2022-11-27 03:00:00,0
2022-11-28 03:00:00,0
2022-11-29 03:00:00,0
2022-11-30 03:00:00,0
2022-12-01 03:00:00,0
2022-12-02 03:00:00,0
2022-12-03 03:00:00,0
2022-12-04 03:00:00,0
2022-12-05 03:00:00,0
2022-12-06 03:00:00,0
2022-12-07 03:00:00,0
2022-12-08 03:00:00,0
2022-12-09 03:00:00,0
2022-12-10 03:00:00,0
2022-12-11 03:00:00,0
2022-12-12 03:00:00,0
2022-12-13 03:00:00,0
2022-12-14 03:00:00,0
2022-12-15 03:00:00,0
2022-12-16 03:00:00,0
2022-12-17 03:00:00,0
2022-12-18 03:00:00,0
2022-12-19 03:00:00,0
2022-12-20 03:00:00,0
2022-12-21 03:00:00,0
2022-12-22 03:00:00,0
2022-12-23 03:00:00,0
2022-12-24 03:00:00,0
2022-12-25 03:00:00,0
2022-12-26 03:00:00,0
2022-12-27 03:00:00,0
2022-12-28 03:00:00,0
2022-12-29 03:00:00,0
2022-12-30 03:00:00,0
2022-12-31 03:00:00,0
2023-01-01 03:00:00,0
2023-01-02 03:00:00,0
2023-01-03 03:00:00,0
2023-01-04 03:00:00,0
2023-01-05 03:00:00,0
2023-01-06 03:00:00,0
2023-01-07 03:00:00,0
2023-01-08 03:00:00,0
2023-01-09 03:00:00,0
2023-01-10 03:00:00,0
2023-01-11 03:00:00,0
2023-01-12 03:00:00,0
2023-01-13 03:00:00,0
2023-01-14 03:00:00,0
2023-01-15 03:00:00,0
2023-01-16 03:00:00,0
2023-01-17 03:00:00,0
2023-01-18 03:00:00,0
2023-01-19 03:00:00,0
2023-01-20 03:00:00,0
2023-01-21 03:00:00,0
2023-01-22 03:00:00,0
2023-01-23 03:00:00,0
2023-01-24 03:00:00,0
2023-01-25 03:00:00,0
2023-01-26 03:00:00,0
2023-01-27 03:00:00,0
2023-01-28 03:00:00,0
2023-01-29 03:00:00,0
2023-01-30 03:00:00,0
2023-01-31 03:00:00,0
2023-02-01 03:00:00,0
2023-02-02 03:00:00,0
2023-02-03 03:00:00,0
2023-02-04 03:00:00,0
2023-02-05 03:00:00,0
2023-02-06 03:00:00,0
2023-02-07 03:00:00,0
2023-02-08 03:00:00,0
2023-02-09 03:00:00,0
2023-02-10 03:00:00,0
2023-02-11 03:00:00,0
2023-02-12 03:00:00,0
2023-02-13 03:00:00,0
2023-02-14 03:00:00,2
2023-02-15 03:00:00,0
2023-02-16 03:00:00,0
2023-02-17 03:00:00,0
2023-02-18 03:00:00,1
2023-02-19 03:00:00,1
2023-02-20 03:00:00,103
2023-02-21 03:00:00,2
2023-02-22 03:00:00,2
2023-02-23 03:00:00,2
2023-02-24 03:00:00,2
2023-02-25 03:00:00,2
2023-02-26 03:00:00,2
2023-02-27 03:00:00,2
2023-02-28 03:00:00,2
2023-03-01 03:00:00,2
2023-03-02 03:00:00,2
2023-03-03 03:00:00,2
2023-03-04 03:00:00,2
2023-03-05 03:00:00,123
2023-03-06 03:00:00,2
2023-03-07 03:00:00,148
2023-03-08 03:00:00,170
2023-03-09 03:00:00,2
2023-03-10 03:00:00,140
2023-03-11 03:00:00,2
2023-03-12 03:00:00,133
2023-03-13 03:00:00,2
2023-03-14 03:00:00,146
2023-03-15 03:00:00,2
2023-03-16 03:00:00,2
2023-03-17 03:00:00,2
2023-03-18 03:00:00,2
2023-03-19 03:00:00,2
2023-03-20 03:00:00,2
2023-03-21 03:00:00,162
2023-03-22 03:00:00,2
2023-03-23 03:00:00,2
2023-03-24 03:00:00,2
2023-03-25 03:00:00,2
2023-03-26 03:00:00,139
2023-03-27 03:00:00,2
2023-03-28 03:00:00,2
2023-03-29 03:00:00,2
2023-03-30 03:00:00,2
2023-03-31 03:00:00,2
2023-04-01 03:00:00,2
2023-04-02 03:00:00,168
2023-04-03 03:00:00,2
2023-04-04 03:00:00,2
2023-04-05 03:00:00,2
2023-04-06 03:00:00,2
2023-04-07 03:00:00,2
2023-04-08 03:00:00,140
2023-04-09 03:00:00,2
2023-04-10 03:00:00,2
2023-04-11 03:00:00,2
2023-04-12 03:00:00,2
2023-04-13 03:00:00,2
2023-04-14 03:00:00,2
2023-04-15 03:00:00,2
2023-04-16 03:00:00,2
2023-04-17 03:00:00,2
2023-04-18 03:00:00,2
2023-04-19 03:00:00,130
2023-04-20 03:00:00,145
2023-04-21 03:00:00,157
2023-04-22 03:00:00,2
2023-04-23 03:00:00,2
2023-04-24 03:00:00,2
2023-04-25 03:00:00,2
2023-04-26 03:00:00,2
2023-04-27 03:00:00,2
2023-04-28 03:00:00,2
2023-04-29 03:00:00,2
2023-04-30 03:00:00,2
2023-05-01 03:00:00,2
2023-05-02 03:00:00,2
2023-05-03 03:00:00,2
2023-05-04 03:00:00,2
2023-05-05 03:00:00,2
2023-05-06 03:00:00,2
2023-05-07 03:00:00,2
2023-05-08 03:00:00,2
2023-05-09 03:00:00,2
2023-05-10 03:00:00,2
2023-05-11 03:00:00,2
2023-05-12 03:00:00,2
2023-05-13 03:00:00,2
2023-05-14 03:00:00,2
2023-05-15 03:00:00,2
2023-05-16 03:00:00,2
2023-05-17 03:00:00,2
2023-05-18 03:00:00,2
2023-05-19 03:00:00,2
2023-05-20 03:00:00,2
2023-05-21 03:00:00,137
2023-05-22 03:00:00,2
2023-05-23 03:00:00,135
2023-05-24 03:00:00,2
2023-05-25 03:00:00,2
2023-05-26 03:00:00,158
2023-05-27 03:00:00,157
2023-05-28 03:00:00,0
2023-05-29 03:00:00,128
2023-05-30 03:00:00,150
2023-05-31 03:00:00,2
2023-06-01 03:00:00,2
2023-06-02 03:00:00,2
2023-06-03 03:00:00,2
2023-06-04 03:00:00,2
2023-06-05 03:00:00,130
2023-06-06 03:00:00,153
2023-06-07 03:00:00,149
2023-06-08 03:00:00,158
2023-06-09 03:00:00,2
2023-06-10 03:00:00,2
2023-06-11 03:00:00,2
2023-06-12 03:00:00,2
2023-06-13 03:00:00,2
2023-06-14 03:00:00,2
2023-06-15 03:00:00,150
2023-06-16 03:00:00,0
2023-06-17 03:00:00,2
2023-06-18 03:00:00,2
2023-06-19 03:00:00,2
2023-06-20 03:00:00,2
2023-06-21 03:00:00,2
2023-06-22 03:00:00,2
2023-06-23 03:00:00,135
2023-06-24 03:00:00,2
2023-06-25 03:00:00,2
2023-06-26 03:00:00,0
2023-06-27 03:00:00,2
2023-06-28 03:00:00,131
2023-06-29 03:00:00,2
2023-06-30 03:00:00,2
2023-07-01 03:00:00,2
2023-07-02 03:00:00,2
2023-07-03 03:00:00,165
2023-07-04 03:00:00,2
2023-07-05 03:00:00,174
2023-07-06 03:00:00,2
2023-07-07 03:00:00,154
2023-07-08 03:00:00,2
2023-07-09 03:00:00,151
2023-07-10 03:00:00,2
2023-07-11 03:00:00,2
2023-07-12 03:00:00,2
2023-07-13 03:00:00,2
2023-07-14 03:00:00,152
2023-07-15 03:00:00,2
2023-07-16 03:00:00,2
2023-07-17 03:00:00,0
2023-07-18 03:00:00,134
2023-07-19 03:00:00,144
2023-07-20 03:00:00,2
2023-07-21 03:00:00,155
2023-07-22 03:00:00,134
2023-07-23 03:00:00,2
2023-07-24 03:00:00,2
2023-07-25 03:00:00,2
2023-07-26 03:00:00,130
2023-07-27 03:00:00,188
2023-07-28 03:00:00,169
2023-07-29 03:00:00,0
2023-07-30 03:00:00,113
2023-07-31 03:00:00,2
2023-08-01 03:00:00,167
2023-08-02 03:00:00,0
2023-08-03 03:00:00,134
2023-08-04 03:00:00,0
2023-08-05 03:00:00,0
2023-08-06 03:00:00,162
2023-08-07 03:00:00,134
2023-08-08 03:00:00,0
2023-08-09 03:00:00,0
2023-08-10 03:00:00,128
2023-08-11 03:00:00,0
2023-08-12 03:00:00,0
2023-08-13 03:00:00,0
2023-08-14 03:00:00,182
2023-08-15 03:00:00,0
2023-08-16 03:00:00,0
2023-08-17 03:00:00,0
2023-08-18 03:00:00,0
2023-08-19 03:00:00,0
2023-08-20 03:00:00,0
2023-08-21 03:00:00,163
2023-08-22 03:00:00,0
2023-08-23 03:00:00,0
2023-08-24 03:00:00,0
2023-08-25 03:00:00,0
2023-08-26 03:00:00,0
2023-08-27 03:00:00,0
2023-08-28 03:00:00,0
2023-08-29 03:00:00,0
2023-08-30 03:00:00,0
2023-08-31 03:00:00,0
2023-09-01 03:00:00,0
2023-09-02 03:00:00,180
2023-09-03 03:00:00,0
2023-09-04 03:00:00,0
2023-09-05 03:00:00,0
2023-09-06 03:00:00,178

