"Time","57175.distinct"
2023-05-25 03:00:00,0.12 A
2023-05-25 03:00:00,0.10 A
2023-05-25 03:00:00,0.10 A
2023-05-25 03:00:00,0.10 A
2023-05-25 03:00:00,0.10 A
2023-05-25 03:00:00,0.10 A
2023-05-25 03:00:00,0.10 A
2023-05-25 03:00:00,0.10 A
2023-05-25 03:00:00,0.11 A
2023-05-25 03:00:00,0.12 A
2023-05-25 03:00:00,0.12 A
2023-05-25 03:00:00,0.11 A
2023-05-25 03:00:00,0.10 A
2023-06-22 03:00:00,0.09 A
2023-06-22 03:00:00,0.10 A
2023-06-22 03:00:00,0.11 A
2023-06-22 03:00:00,0.10 A
2023-06-22 03:00:00,0.11 A
2023-06-22 03:00:00,0.10 A
2023-06-22 03:00:00,0.10 A
2023-06-22 03:00:00,0.09 A
2023-06-22 03:00:00,0.09 A
2023-06-22 03:00:00,0.09 A
2023-06-22 03:00:00,0.11 A
2023-06-22 03:00:00,0.10 A
2023-06-22 03:00:00,0.10 A
2023-06-22 03:00:00,0.09 A
2023-06-22 03:00:00,0.09 A
2023-06-22 03:00:00,0.09 A
2023-06-22 03:00:00,0.10 A
2023-06-22 03:00:00,0.09 A
2023-06-22 03:00:00,0.10 A
2023-06-22 03:00:00,0.09 A
2023-06-22 03:00:00,0.09 A
2023-06-22 03:00:00,0.10 A
2023-06-22 03:00:00,0.09 A
2023-06-22 03:00:00,0.11 A
2023-06-22 03:00:00,0.09 A
2023-06-22 03:00:00,0.10 A
2023-06-22 03:00:00,0.09 A
2023-06-22 03:00:00,0.09 A
2023-06-22 03:00:00,0.10 A
2023-06-22 03:00:00,0.09 A
2023-06-22 03:00:00,0.09 A
2023-06-22 03:00:00,0.10 A
2023-06-22 03:00:00,0.10 A
2023-06-29 03:00:00,0.10 A
2023-06-29 03:00:00,0.11 A
2023-06-29 03:00:00,0.11 A
2023-06-29 03:00:00,0.11 A
2023-06-29 03:00:00,0.09 A
2023-06-29 03:00:00,0.10 A
2023-06-29 03:00:00,0.10 A
2023-06-29 03:00:00,0.09 A
2023-06-29 03:00:00,0.09 A
2023-06-29 03:00:00,0.09 A
2023-06-29 03:00:00,0.10 A
2023-06-29 03:00:00,0.10 A
2023-06-29 03:00:00,0.09 A
2023-06-29 03:00:00,0.10 A
2023-06-29 03:00:00,0.09 A
2023-06-29 03:00:00,0.10 A
2023-06-29 03:00:00,0.10 A
2023-06-29 03:00:00,0.10 A
2023-06-29 03:00:00,0.09 A
2023-06-29 03:00:00,0.10 A
2023-06-29 03:00:00,0.10 A
2023-06-29 03:00:00,0.10 A
2023-06-29 03:00:00,0.09 A
2023-06-29 03:00:00,0.09 A
2023-06-29 03:00:00,0.09 A
2023-06-29 03:00:00,0.10 A
2023-06-29 03:00:00,0.09 A
2023-06-29 03:00:00,0.59 A
2023-06-29 03:00:00,1.08 A
2023-06-29 03:00:00,0.09 A
2023-06-29 03:00:00,0.09 A
2023-06-29 03:00:00,0.09 A
2023-06-29 03:00:00,0.10 A
2023-06-29 03:00:00,0.10 A
2023-06-29 03:00:00,0.09 A
2023-06-29 03:00:00,0.09 A
2023-06-29 03:00:00,0.09 A
2023-06-29 03:00:00,0.09 A
2023-06-29 03:00:00,0.09 A
2023-06-29 03:00:00,0.10 A
2023-06-29 03:00:00,0.10 A
2023-06-29 03:00:00,0.10 A
2023-06-29 03:00:00,0.10 A
2023-06-29 03:00:00,0.10 A
2023-06-29 03:00:00,0.09 A
2023-06-29 03:00:00,0.10 A
2023-06-29 03:00:00,0.10 A
2023-06-29 03:00:00,0.09 A
2023-06-29 03:00:00,0.10 A
2023-06-29 03:00:00,0.09 A
2023-06-29 03:00:00,0.09 A
2023-06-29 03:00:00,0.09 A
2023-06-29 03:00:00,0.09 A
2023-06-29 03:00:00,0.10 A
2023-06-29 03:00:00,0.10 A
2023-06-29 03:00:00,0.09 A
2023-06-29 03:00:00,0.10 A
2023-06-29 03:00:00,0.09 A
2023-06-29 03:00:00,0.09 A
2023-06-29 03:00:00,0.10 A
2023-06-29 03:00:00,0.10 A
2023-06-29 03:00:00,0.10 A
2023-06-29 03:00:00,0.09 A
2023-06-29 03:00:00,0.10 A
2023-06-29 03:00:00,0.10 A
2023-06-29 03:00:00,0.10 A
2023-06-29 03:00:00,0.09 A
2023-06-29 03:00:00,0.09 A
2023-06-29 03:00:00,0.10 A
2023-06-29 03:00:00,0.09 A
2023-06-29 03:00:00,0.10 A
2023-06-29 03:00:00,0.10 A
2023-06-29 03:00:00,0.11 A
2023-06-29 03:00:00,0.09 A
2023-06-29 03:00:00,0.09 A
2023-06-29 03:00:00,0.09 A
2023-06-29 03:00:00,0.09 A
2023-06-29 03:00:00,0.10 A
2023-06-29 03:00:00,0.10 A
2023-06-29 03:00:00,0.10 A
2023-06-29 03:00:00,0.09 A
2023-06-29 03:00:00,0.10 A
2023-06-29 03:00:00,0.09 A
2023-06-29 03:00:00,0.10 A
2023-06-29 03:00:00,0.11 A
2023-07-06 03:00:00,0.09 A
2023-07-06 03:00:00,0.09 A
2023-07-06 03:00:00,0.10 A
2023-07-06 03:00:00,0.10 A
2023-07-06 03:00:00,0.10 A
2023-07-06 03:00:00,0.09 A
2023-07-06 03:00:00,0.09 A
2023-07-06 03:00:00,0.09 A
2023-07-06 03:00:00,0.10 A
2023-07-06 03:00:00,0.09 A
2023-07-06 03:00:00,0.10 A
2023-07-06 03:00:00,0.10 A
2023-07-06 03:00:00,0.10 A
2023-07-06 03:00:00,0.11 A
2023-07-06 03:00:00,0.10 A
2023-07-06 03:00:00,0.09 A
2023-07-06 03:00:00,0.09 A
2023-07-06 03:00:00,0.09 A
2023-07-06 03:00:00,0.10 A
2023-07-06 03:00:00,0.10 A
2023-07-06 03:00:00,0.10 A
2023-07-06 03:00:00,0.10 A
2023-07-06 03:00:00,0.10 A
2023-07-06 03:00:00,0.09 A
2023-07-06 03:00:00,0.09 A
2023-07-06 03:00:00,0.09 A
2023-07-06 03:00:00,0.10 A
2023-07-06 03:00:00,0.10 A
2023-07-06 03:00:00,0.09 A
2023-07-06 03:00:00,0.10 A
2023-07-06 03:00:00,0.10 A
2023-07-06 03:00:00,0.09 A
2023-07-06 03:00:00,0.10 A
2023-07-06 03:00:00,0.10 A
2023-07-06 03:00:00,0.09 A
2023-07-06 03:00:00,0.10 A
2023-07-06 03:00:00,0.10 A
2023-07-06 03:00:00,0.09 A
2023-07-06 03:00:00,0.09 A
2023-07-06 03:00:00,0.10 A
2023-07-06 03:00:00,0.09 A
2023-07-06 03:00:00,0.10 A
2023-07-06 03:00:00,0.09 A
2023-07-06 03:00:00,0.09 A
2023-07-06 03:00:00,0.11 A
2023-07-06 03:00:00,0.11 A
2023-07-06 03:00:00,0.10 A
2023-07-06 03:00:00,0.10 A
2023-07-06 03:00:00,0.10 A
2023-07-13 03:00:00,0.09 A
2023-07-13 03:00:00,0.10 A
2023-07-13 03:00:00,0.10 A
2023-07-13 03:00:00,0.10 A
2023-07-13 03:00:00,0.10 A
2023-07-13 03:00:00,0.10 A
2023-07-13 03:00:00,0.09 A
2023-07-13 03:00:00,0.09 A
2023-07-13 03:00:00,0.10 A
2023-07-13 03:00:00,0.10 A
2023-07-13 03:00:00,0.10 A
2023-07-13 03:00:00,0.09 A
2023-07-13 03:00:00,0.10 A
2023-07-13 03:00:00,0.10 A
2023-07-13 03:00:00,0.11 A
2023-07-13 03:00:00,0.11 A
2023-07-13 03:00:00,0.10 A
2023-07-13 03:00:00,0.11 A
2023-07-13 03:00:00,0.10 A
2023-07-13 03:00:00,0.10 A
2023-07-13 03:00:00,0.10 A
2023-07-13 03:00:00,0.09 A
2023-07-13 03:00:00,0.11 A
2023-07-13 03:00:00,0.11 A
2023-07-13 03:00:00,0.10 A
2023-07-13 03:00:00,0.10 A
2023-07-13 03:00:00,0.10 A
2023-07-13 03:00:00,0.10 A
2023-07-13 03:00:00,0.09 A
2023-07-13 03:00:00,0.10 A
2023-07-13 03:00:00,0.09 A
2023-07-13 03:00:00,0.09 A
2023-07-13 03:00:00,0.10 A
2023-07-13 03:00:00,0.10 A
2023-07-13 03:00:00,0.10 A
2023-07-13 03:00:00,0.11 A
2023-07-13 03:00:00,0.10 A
2023-07-13 03:00:00,0.09 A
2023-07-13 03:00:00,0.09 A
2023-07-13 03:00:00,0.10 A
2023-07-13 03:00:00,0.10 A
2023-07-13 03:00:00,0.09 A
2023-07-13 03:00:00,0.09 A
2023-07-13 03:00:00,0.09 A
2023-07-13 03:00:00,0.09 A
2023-07-13 03:00:00,0.09 A
2023-07-13 03:00:00,0.11 A
2023-07-13 03:00:00,0.09 A
2023-07-13 03:00:00,0.10 A
2023-07-13 03:00:00,0.10 A
2023-07-13 03:00:00,0.10 A
2023-07-13 03:00:00,0.10 A
2023-07-13 03:00:00,0.09 A
2023-07-13 03:00:00,0.10 A
2023-07-13 03:00:00,0.10 A
2023-07-13 03:00:00,0.09 A
2023-07-13 03:00:00,0.09 A
2023-07-13 03:00:00,0.09 A
2023-07-13 03:00:00,0.10 A
2023-07-13 03:00:00,0.09 A
2023-07-13 03:00:00,0.09 A
2023-07-13 03:00:00,0.11 A
2023-07-13 03:00:00,0.10 A
2023-07-13 03:00:00,0.10 A
2023-07-13 03:00:00,0.10 A
2023-07-13 03:00:00,0.09 A
2023-07-13 03:00:00,0.10 A
2023-07-13 03:00:00,0.10 A
2023-07-13 03:00:00,0.10 A
2023-07-13 03:00:00,0.10 A
2023-07-13 03:00:00,0.10 A
2023-07-20 03:00:00,0.09 A
2023-07-20 03:00:00,0.09 A
2023-07-20 03:00:00,0.10 A
2023-07-20 03:00:00,0.10 A
2023-07-20 03:00:00,0.10 A
2023-07-20 03:00:00,0.10 A
2023-07-20 03:00:00,0.11 A
2023-07-20 03:00:00,0.11 A
2023-07-20 03:00:00,0.10 A
2023-07-20 03:00:00,0.10 A
2023-07-20 03:00:00,0.09 A
2023-07-20 03:00:00,0.10 A
2023-07-20 03:00:00,0.09 A
2023-07-20 03:00:00,0.09 A
2023-07-20 03:00:00,0.09 A
2023-07-20 03:00:00,0.10 A
2023-07-20 03:00:00,0.11 A
2023-07-20 03:00:00,0.11 A
2023-07-20 03:00:00,0.10 A
2023-07-20 03:00:00,0.10 A
2023-07-20 03:00:00,0.10 A
2023-07-20 03:00:00,0.09 A
2023-07-20 03:00:00,0.10 A
2023-07-20 03:00:00,0.10 A
2023-07-20 03:00:00,0.10 A
2023-07-20 03:00:00,0.10 A
2023-07-20 03:00:00,0.10 A
2023-07-20 03:00:00,0.09 A
2023-07-20 03:00:00,0.09 A
2023-07-20 03:00:00,0.10 A
2023-07-20 03:00:00,0.09 A
2023-07-20 03:00:00,0.09 A
2023-07-20 03:00:00,0.09 A
2023-07-20 03:00:00,0.11 A
2023-07-20 03:00:00,0.09 A
2023-07-20 03:00:00,0.09 A
2023-07-20 03:00:00,0.09 A
2023-07-20 03:00:00,0.10 A
2023-07-20 03:00:00,0.10 A
2023-07-20 03:00:00,0.10 A
2023-07-20 03:00:00,0.09 A
2023-07-20 03:00:00,0.11 A
2023-07-20 03:00:00,0.09 A
2023-07-20 03:00:00,0.09 A
2023-07-20 03:00:00,0.11 A
2023-07-20 03:00:00,0.09 A
2023-07-20 03:00:00,0.09 A
2023-07-20 03:00:00,0.09 A
2023-07-20 03:00:00,0.10 A
2023-07-20 03:00:00,0.10 A
2023-07-20 03:00:00,0.09 A
2023-07-20 03:00:00,0.10 A
2023-07-20 03:00:00,0.09 A
2023-07-20 03:00:00,0.10 A
2023-07-20 03:00:00,0.09 A
2023-07-20 03:00:00,0.10 A
2023-07-20 03:00:00,0.10 A
2023-07-20 03:00:00,0.10 A
2023-07-20 03:00:00,0.10 A
2023-07-20 03:00:00,0.10 A
2023-07-20 03:00:00,0.09 A
2023-07-20 03:00:00,0.09 A
2023-07-20 03:00:00,0.10 A
2023-07-20 03:00:00,0.10 A
2023-07-20 03:00:00,0.09 A
2023-07-27 03:00:00,0.10 A
2023-07-27 03:00:00,0.09 A
2023-07-27 03:00:00,0.09 A
2023-07-27 03:00:00,0.10 A
2023-07-27 03:00:00,0.09 A
2023-07-27 03:00:00,0.10 A
2023-07-27 03:00:00,0.09 A
2023-07-27 03:00:00,0.09 A
2023-07-27 03:00:00,0.10 A
2023-07-27 03:00:00,0.11 A
2023-07-27 03:00:00,0.11 A
2023-07-27 03:00:00,0.10 A
2023-07-27 03:00:00,0.10 A
2023-07-27 03:00:00,0.10 A
2023-07-27 03:00:00,0.11 A
2023-07-27 03:00:00,0.09 A
2023-07-27 03:00:00,0.10 A
2023-07-27 03:00:00,0.10 A
2023-07-27 03:00:00,0.10 A
2023-07-27 03:00:00,0.10 A
2023-07-27 03:00:00,0.09 A
2023-07-27 03:00:00,0.10 A
2023-07-27 03:00:00,0.10 A
2023-07-27 03:00:00,0.10 A
2023-07-27 03:00:00,0.10 A
2023-07-27 03:00:00,0.11 A
2023-07-27 03:00:00,0.11 A
2023-07-27 03:00:00,0.11 A
2023-07-27 03:00:00,0.10 A
2023-07-27 03:00:00,0.10 A
2023-07-27 03:00:00,0.10 A
2023-07-27 03:00:00,0.09 A
2023-07-27 03:00:00,0.10 A
2023-07-27 03:00:00,0.11 A
2023-07-27 03:00:00,0.10 A
2023-07-27 03:00:00,0.11 A
2023-07-27 03:00:00,0.09 A
2023-07-27 03:00:00,0.10 A
2023-07-27 03:00:00,0.09 A
2023-07-27 03:00:00,0.10 A
2023-07-27 03:00:00,0.10 A
2023-07-27 03:00:00,0.10 A
2023-07-27 03:00:00,0.09 A
2023-07-27 03:00:00,0.10 A
2023-07-27 03:00:00,0.10 A
2023-07-27 03:00:00,0.10 A
2023-07-27 03:00:00,0.10 A
2023-07-27 03:00:00,0.10 A
2023-07-27 03:00:00,0.09 A
2023-07-27 03:00:00,0.11 A
2023-07-27 03:00:00,0.11 A
2023-07-27 03:00:00,0.11 A
2023-07-27 03:00:00,0.10 A
2023-07-27 03:00:00,0.10 A
2023-07-27 03:00:00,0.11 A
2023-07-27 03:00:00,0.10 A
2023-07-27 03:00:00,0.09 A
2023-07-27 03:00:00,0.10 A
2023-07-27 03:00:00,0.10 A
2023-07-27 03:00:00,0.09 A
2023-07-27 03:00:00,0.10 A
2023-07-27 03:00:00,0.11 A
2023-07-27 03:00:00,0.10 A
2023-07-27 03:00:00,0.10 A
2023-08-03 03:00:00,0.10 A
2023-08-03 03:00:00,0.11 A
2023-08-03 03:00:00,0.10 A
2023-08-03 03:00:00,0.09 A
2023-08-03 03:00:00,0.11 A
2023-08-03 03:00:00,0.10 A
2023-08-03 03:00:00,0.11 A
2023-08-03 03:00:00,0.10 A
2023-08-03 03:00:00,0.10 A
2023-08-03 03:00:00,0.09 A
2023-08-03 03:00:00,0.09 A
2023-08-03 03:00:00,0.09 A
2023-08-03 03:00:00,0.10 A
2023-08-03 03:00:00,0.11 A
2023-08-03 03:00:00,0.09 A
2023-08-03 03:00:00,0.10 A
2023-08-03 03:00:00,0.10 A
2023-08-03 03:00:00,0.11 A
2023-08-03 03:00:00,0.10 A
2023-08-03 03:00:00,0.10 A
2023-08-03 03:00:00,0.11 A
2023-08-03 03:00:00,0.11 A
2023-08-03 03:00:00,0.10 A
2023-08-03 03:00:00,0.10 A
2023-08-03 03:00:00,0.10 A
2023-08-03 03:00:00,0.11 A
2023-08-03 03:00:00,0.10 A
2023-08-03 03:00:00,0.09 A
2023-08-03 03:00:00,0.10 A
2023-08-03 03:00:00,0.10 A
2023-08-03 03:00:00,0.10 A
2023-08-03 03:00:00,0.10 A
2023-08-03 03:00:00,0.10 A
2023-08-03 03:00:00,0.10 A
2023-08-03 03:00:00,0.10 A
2023-08-03 03:00:00,0.11 A
2023-08-03 03:00:00,0.10 A
2023-08-03 03:00:00,0.10 A
2023-08-03 03:00:00,0.10 A
2023-08-03 03:00:00,0.09 A
2023-08-03 03:00:00,0.10 A
2023-08-03 03:00:00,0.10 A
2023-08-03 03:00:00,0.11 A
2023-08-03 03:00:00,0.09 A
2023-08-03 03:00:00,0.09 A
2023-08-03 03:00:00,0.10 A
2023-08-10 03:00:00,0.11 A
2023-08-10 03:00:00,0.10 A
2023-08-10 03:00:00,0.09 A
2023-08-10 03:00:00,0.10 A
2023-08-10 03:00:00,0.10 A
2023-08-10 03:00:00,0.10 A
2023-08-10 03:00:00,0.09 A
2023-08-10 03:00:00,0.09 A
2023-08-10 03:00:00,0.09 A
2023-08-10 03:00:00,0.09 A
2023-08-10 03:00:00,0.11 A
2023-08-10 03:00:00,0.11 A
2023-08-10 03:00:00,0.11 A
2023-08-10 03:00:00,0.09 A
2023-08-10 03:00:00,0.10 A
2023-08-10 03:00:00,0.10 A
2023-08-10 03:00:00,0.10 A
2023-08-10 03:00:00,0.10 A
2023-08-10 03:00:00,0.09 A
2023-08-10 03:00:00,0.09 A
2023-08-10 03:00:00,0.10 A
2023-08-10 03:00:00,0.10 A
2023-08-10 03:00:00,0.10 A
2023-08-10 03:00:00,0.09 A
2023-08-10 03:00:00,0.11 A
2023-08-10 03:00:00,0.09 A
2023-08-10 03:00:00,0.10 A
2023-08-10 03:00:00,0.10 A
2023-08-10 03:00:00,0.10 A
2023-08-10 03:00:00,0.10 A
2023-08-10 03:00:00,0.09 A
2023-08-10 03:00:00,0.10 A
2023-08-10 03:00:00,0.09 A
2023-08-10 03:00:00,0.09 A
2023-08-10 03:00:00,0.11 A
2023-08-10 03:00:00,0.11 A
2023-08-10 03:00:00,0.10 A
2023-08-10 03:00:00,0.11 A
2023-08-10 03:00:00,0.10 A
2023-08-10 03:00:00,0.10 A
2023-08-10 03:00:00,0.09 A
2023-08-10 03:00:00,0.10 A
2023-08-10 03:00:00,0.10 A
2023-08-10 03:00:00,0.10 A
2023-08-10 03:00:00,0.09 A
2023-08-10 03:00:00,0.10 A
2023-08-10 03:00:00,0.09 A
2023-08-10 03:00:00,0.09 A
2023-08-10 03:00:00,0.09 A
2023-08-10 03:00:00,0.11 A
2023-08-10 03:00:00,0.10 A
2023-08-10 03:00:00,0.10 A
2023-08-10 03:00:00,0.09 A
2023-08-10 03:00:00,0.09 A
2023-08-10 03:00:00,0.09 A
2023-08-10 03:00:00,0.09 A
2023-08-10 03:00:00,0.09 A
2023-08-10 03:00:00,0.09 A
2023-08-10 03:00:00,0.09 A
2023-08-10 03:00:00,0.09 A
2023-08-10 03:00:00,0.10 A
2023-08-10 03:00:00,0.10 A
2023-08-10 03:00:00,0.09 A
2023-08-10 03:00:00,0.09 A
2023-08-10 03:00:00,0.09 A
2023-08-10 03:00:00,0.09 A
2023-08-10 03:00:00,0.10 A
2023-08-10 03:00:00,0.09 A
2023-08-10 03:00:00,0.11 A
2023-08-10 03:00:00,0.10 A
2023-08-10 03:00:00,0.10 A
2023-08-10 03:00:00,0.09 A
2023-08-10 03:00:00,0.09 A
2023-08-10 03:00:00,0.09 A
2023-08-10 03:00:00,0.09 A
2023-08-10 03:00:00,0.10 A
2023-08-10 03:00:00,0.10 A
2023-08-10 03:00:00,0.11 A
2023-08-10 03:00:00,0.09 A
2023-08-10 03:00:00,0.10 A
2023-08-10 03:00:00,0.10 A
2023-08-10 03:00:00,0.09 A
2023-08-10 03:00:00,0.09 A
2023-08-10 03:00:00,0.09 A
2023-08-10 03:00:00,0.09 A
2023-08-10 03:00:00,0.11 A
2023-08-10 03:00:00,0.11 A
2023-08-10 03:00:00,0.09 A
2023-08-10 03:00:00,0.09 A
2023-08-10 03:00:00,0.11 A
2023-08-10 03:00:00,0.09 A
2023-08-10 03:00:00,0.10 A
2023-08-10 03:00:00,0.10 A
2023-08-10 03:00:00,0.09 A
2023-08-10 03:00:00,0.09 A
2023-08-10 03:00:00,0.10 A
2023-08-10 03:00:00,0.09 A
2023-08-10 03:00:00,0.10 A
2023-08-10 03:00:00,0.11 A
2023-08-10 03:00:00,0.10 A
2023-08-10 03:00:00,0.09 A
2023-08-10 03:00:00,0.09 A
2023-08-10 03:00:00,0.10 A
2023-08-10 03:00:00,0.10 A
2023-08-10 03:00:00,0.10 A
2023-08-10 03:00:00,0.10 A
2023-08-10 03:00:00,0.09 A
2023-08-10 03:00:00,0.09 A
2023-08-10 03:00:00,0.09 A
2023-08-17 03:00:00,0.10 A
2023-08-17 03:00:00,0.11 A
2023-08-17 03:00:00,0.10 A
2023-08-17 03:00:00,0.10 A
2023-08-17 03:00:00,0.11 A
2023-08-17 03:00:00,0.11 A
2023-08-17 03:00:00,0.11 A
2023-08-17 03:00:00,0.09 A
2023-08-17 03:00:00,0.09 A
2023-08-17 03:00:00,0.09 A
2023-08-17 03:00:00,0.09 A
2023-08-17 03:00:00,0.10 A
2023-08-17 03:00:00,0.10 A
2023-08-17 03:00:00,0.09 A
2023-08-17 03:00:00,0.09 A
2023-08-17 03:00:00,0.10 A
2023-08-17 03:00:00,0.09 A
2023-08-17 03:00:00,0.09 A
2023-08-17 03:00:00,0.10 A
2023-08-17 03:00:00,0.11 A
2023-08-17 03:00:00,0.11 A
2023-08-17 03:00:00,0.09 A
2023-08-17 03:00:00,0.10 A
2023-08-17 03:00:00,0.09 A
2023-08-17 03:00:00,0.09 A
2023-08-17 03:00:00,0.09 A
2023-08-17 03:00:00,0.09 A
2023-08-17 03:00:00,0.09 A
2023-08-17 03:00:00,0.09 A
2023-08-17 03:00:00,0.11 A
2023-08-17 03:00:00,0.09 A
2023-08-17 03:00:00,0.09 A
2023-08-17 03:00:00,0.11 A
2023-08-17 03:00:00,0.11 A
2023-08-17 03:00:00,0.09 A
2023-08-17 03:00:00,0.09 A
2023-08-17 03:00:00,0.09 A
2023-08-17 03:00:00,0.09 A
2023-08-17 03:00:00,0.09 A
2023-08-17 03:00:00,0.09 A
2023-08-17 03:00:00,0.09 A
2023-08-17 03:00:00,0.09 A
2023-08-17 03:00:00,0.10 A
2023-08-17 03:00:00,0.10 A
2023-08-17 03:00:00,0.09 A
2023-08-17 03:00:00,0.11 A
2023-08-17 03:00:00,0.11 A
2023-08-17 03:00:00,0.09 A
2023-08-17 03:00:00,0.09 A
2023-08-17 03:00:00,0.10 A
2023-08-17 03:00:00,0.10 A
2023-08-17 03:00:00,0.09 A
2023-08-17 03:00:00,0.09 A
2023-08-17 03:00:00,0.09 A
2023-08-17 03:00:00,0.09 A
2023-08-17 03:00:00,0.09 A
2023-08-17 03:00:00,0.09 A
2023-08-17 03:00:00,0.10 A
2023-08-17 03:00:00,0.10 A
2023-08-17 03:00:00,0.10 A
2023-08-17 03:00:00,0.09 A
2023-08-17 03:00:00,0.09 A
2023-08-17 03:00:00,0.09 A
2023-08-17 03:00:00,0.09 A
2023-08-17 03:00:00,0.09 A
2023-08-17 03:00:00,0.09 A
2023-08-17 03:00:00,0.11 A
2023-08-17 03:00:00,0.09 A
2023-08-17 03:00:00,0.09 A
2023-08-17 03:00:00,0.09 A
2023-08-17 03:00:00,0.09 A
2023-08-17 03:00:00,0.10 A
2023-08-17 03:00:00,0.09 A
2023-08-17 03:00:00,0.10 A
2023-08-17 03:00:00,0.09 A
2023-08-17 03:00:00,0.10 A
2023-08-17 03:00:00,0.09 A
2023-08-17 03:00:00,0.10 A
2023-08-17 03:00:00,0.11 A
2023-08-17 03:00:00,0.11 A
2023-08-17 03:00:00,0.09 A
2023-08-17 03:00:00,0.09 A
2023-08-17 03:00:00,0.09 A
2023-08-17 03:00:00,0.09 A
2023-08-17 03:00:00,0.09 A
2023-08-17 03:00:00,0.10 A
2023-08-17 03:00:00,0.10 A
2023-08-17 03:00:00,0.09 A
2023-08-17 03:00:00,0.10 A
2023-08-17 03:00:00,0.10 A
2023-08-17 03:00:00,0.09 A
2023-08-17 03:00:00,0.09 A
2023-08-17 03:00:00,0.10 A
2023-08-17 03:00:00,0.10 A
2023-08-17 03:00:00,0.09 A
2023-08-17 03:00:00,0.09 A
2023-08-24 03:00:00,0.10 A
2023-08-24 03:00:00,0.10 A
2023-08-24 03:00:00,0.10 A
2023-08-24 03:00:00,0.11 A
2023-08-24 03:00:00,0.10 A
2023-08-24 03:00:00,0.10 A
2023-08-24 03:00:00,0.10 A
2023-08-24 03:00:00,0.10 A
2023-08-24 03:00:00,0.09 A
2023-08-24 03:00:00,0.09 A
2023-08-24 03:00:00,0.09 A
2023-08-24 03:00:00,0.10 A
2023-08-24 03:00:00,0.09 A
2023-08-24 03:00:00,0.09 A
2023-08-24 03:00:00,0.11 A
2023-08-24 03:00:00,0.11 A
2023-08-24 03:00:00,0.10 A
2023-08-24 03:00:00,0.09 A
2023-08-24 03:00:00,0.10 A
2023-08-24 03:00:00,0.09 A
2023-08-24 03:00:00,0.11 A
2023-08-24 03:00:00,0.10 A
2023-08-24 03:00:00,0.09 A
2023-08-24 03:00:00,0.11 A
2023-08-24 03:00:00,0.11 A
2023-08-24 03:00:00,0.10 A
2023-08-24 03:00:00,0.09 A
2023-08-24 03:00:00,0.10 A
2023-08-24 03:00:00,0.11 A
2023-08-24 03:00:00,0.11 A
2023-08-24 03:00:00,0.11 A
2023-08-24 03:00:00,0.09 A
2023-08-24 03:00:00,0.09 A
2023-08-24 03:00:00,0.11 A
2023-08-24 03:00:00,0.09 A
2023-08-24 03:00:00,0.09 A
2023-08-24 03:00:00,0.10 A
2023-08-24 03:00:00,0.09 A
2023-08-24 03:00:00,0.10 A
2023-08-24 03:00:00,0.11 A
2023-08-24 03:00:00,0.09 A
2023-08-24 03:00:00,0.10 A
2023-08-24 03:00:00,0.11 A
2023-08-24 03:00:00,0.09 A
2023-08-24 03:00:00,0.09 A
2023-08-24 03:00:00,0.09 A
2023-08-24 03:00:00,0.09 A
2023-08-24 03:00:00,0.10 A
2023-08-24 03:00:00,0.09 A
2023-08-24 03:00:00,0.09 A
2023-08-24 03:00:00,0.09 A
2023-08-24 03:00:00,0.10 A
2023-08-24 03:00:00,0.09 A
2023-08-24 03:00:00,0.09 A
2023-08-24 03:00:00,0.10 A
2023-08-24 03:00:00,0.11 A
2023-08-24 03:00:00,0.09 A
2023-08-24 03:00:00,0.10 A
2023-08-24 03:00:00,0.10 A
2023-08-24 03:00:00,0.09 A
2023-08-24 03:00:00,0.09 A
2023-08-24 03:00:00,0.11 A
2023-08-24 03:00:00,0.09 A
2023-08-24 03:00:00,0.11 A
2023-08-24 03:00:00,0.09 A
2023-08-24 03:00:00,0.09 A
2023-08-24 03:00:00,0.10 A
2023-08-31 03:00:00,0.10 A
2023-08-31 03:00:00,0.11 A
2023-08-31 03:00:00,0.11 A
2023-08-31 03:00:00,0.11 A
2023-08-31 03:00:00,0.09 A
2023-08-31 03:00:00,0.10 A
2023-08-31 03:00:00,0.10 A
2023-08-31 03:00:00,0.09 A
2023-08-31 03:00:00,0.09 A
2023-08-31 03:00:00,0.10 A
2023-08-31 03:00:00,0.10 A
2023-08-31 03:00:00,0.09 A
2023-08-31 03:00:00,0.11 A
2023-08-31 03:00:00,0.09 A
2023-08-31 03:00:00,0.09 A
2023-08-31 03:00:00,0.09 A
2023-08-31 03:00:00,0.09 A
2023-08-31 03:00:00,0.10 A
2023-08-31 03:00:00,0.10 A
2023-08-31 03:00:00,0.09 A
2023-08-31 03:00:00,0.09 A
2023-08-31 03:00:00,0.11 A
2023-08-31 03:00:00,0.11 A
2023-08-31 03:00:00,0.09 A
2023-08-31 03:00:00,0.11 A
2023-08-31 03:00:00,0.11 A
2023-08-31 03:00:00,0.09 A
2023-08-31 03:00:00,0.09 A
2023-08-31 03:00:00,0.09 A
2023-08-31 03:00:00,0.10 A
2023-08-31 03:00:00,0.11 A
2023-08-31 03:00:00,0.11 A
2023-08-31 03:00:00,0.11 A
2023-08-31 03:00:00,0.09 A
2023-08-31 03:00:00,0.09 A
2023-08-31 03:00:00,0.10 A
2023-08-31 03:00:00,0.10 A
2023-08-31 03:00:00,0.09 A
2023-08-31 03:00:00,0.10 A
2023-08-31 03:00:00,0.09 A
2023-08-31 03:00:00,0.10 A
2023-08-31 03:00:00,0.11 A
2023-08-31 03:00:00,0.11 A
2023-08-31 03:00:00,0.09 A
2023-08-31 03:00:00,0.09 A
2023-08-31 03:00:00,0.09 A
2023-08-31 03:00:00,0.10 A
2023-08-31 03:00:00,0.11 A
2023-08-31 03:00:00,0.11 A
2023-08-31 03:00:00,0.09 A
2023-08-31 03:00:00,0.09 A
2023-08-31 03:00:00,0.09 A
2023-08-31 03:00:00,0.11 A
2023-08-31 03:00:00,0.09 A
2023-08-31 03:00:00,0.10 A
2023-08-31 03:00:00,0.10 A
2023-08-31 03:00:00,0.10 A
2023-08-31 03:00:00,0.09 A
2023-08-31 03:00:00,0.11 A
2023-08-31 03:00:00,0.09 A
2023-08-31 03:00:00,0.09 A
2023-09-07 03:00:00,0.10 A
2023-09-07 03:00:00,0.10 A
2023-09-07 03:00:00,0.11 A
2023-09-07 03:00:00,0.11 A
2023-09-07 03:00:00,0.10 A
2023-09-07 03:00:00,0.09 A
2023-09-07 03:00:00,0.11 A
2023-09-07 03:00:00,0.10 A
2023-09-07 03:00:00,0.10 A
2023-09-07 03:00:00,0.09 A
2023-09-07 03:00:00,0.09 A
2023-09-07 03:00:00,0.11 A
2023-09-07 03:00:00,0.09 A
2023-09-07 03:00:00,0.10 A
2023-09-07 03:00:00,0.09 A
2023-09-07 03:00:00,0.09 A
2023-09-07 03:00:00,0.10 A
2023-09-07 03:00:00,0.11 A
2023-09-07 03:00:00,0.10 A
2023-09-07 03:00:00,0.09 A
2023-09-07 03:00:00,0.09 A
2023-09-07 03:00:00,0.09 A
2023-09-07 03:00:00,0.09 A
2023-09-07 03:00:00,0.10 A
2023-09-07 03:00:00,0.09 A
2023-09-07 03:00:00,0.09 A
2023-09-07 03:00:00,0.09 A
2023-09-07 03:00:00,0.10 A
2023-09-07 03:00:00,0.09 A
2023-09-07 03:00:00,0.10 A
2023-09-07 03:00:00,0.09 A
2023-09-07 03:00:00,0.10 A
2023-09-07 03:00:00,0.11 A
2023-09-07 03:00:00,0.10 A
2023-09-07 03:00:00,0.10 A
2023-09-07 03:00:00,0.10 A
2023-09-07 03:00:00,0.09 A
2023-09-07 03:00:00,0.09 A
2023-09-07 03:00:00,0.10 A
2023-09-07 03:00:00,0.09 A
2023-09-07 03:00:00,0.09 A
2023-09-07 03:00:00,0.11 A
2023-09-07 03:00:00,0.09 A
2023-09-07 03:00:00,0.09 A
2023-09-07 03:00:00,0.10 A
2023-09-07 03:00:00,0.10 A
2023-09-07 03:00:00,0.09 A
2023-09-07 03:00:00,0.09 A
2023-09-07 03:00:00,0.09 A
2023-09-07 03:00:00,0.10 A
2023-09-07 03:00:00,0.10 A
2023-09-07 03:00:00,0.11 A
2023-09-07 03:00:00,0.11 A
2023-09-07 03:00:00,0.11 A
2023-09-07 03:00:00,0.09 A
2023-09-07 03:00:00,0.10 A
2023-09-07 03:00:00,0.09 A
2023-09-07 03:00:00,0.11 A
2023-09-07 03:00:00,0.11 A
2023-09-07 03:00:00,0.10 A
2023-09-07 03:00:00,0.10 A
2023-09-07 03:00:00,0.10 A
2023-09-07 03:00:00,0.10 A
2023-09-07 03:00:00,0.10 A
2023-09-07 03:00:00,0.10 A
2023-09-07 03:00:00,0.11 A
2023-09-07 03:00:00,0.09 A
2023-09-14 03:00:00,0.11 A
2023-09-14 03:00:00,0.10 A
2023-09-14 03:00:00,0.11 A
2023-09-14 03:00:00,0.11 A
2023-09-14 03:00:00,0.10 A
2023-09-14 03:00:00,0.11 A
2023-09-14 03:00:00,0.11 A
2023-09-14 03:00:00,0.09 A
2023-09-14 03:00:00,0.09 A
2023-09-14 03:00:00,0.10 A
2023-09-14 03:00:00,0.09 A
2023-09-14 03:00:00,0.11 A
2023-09-14 03:00:00,0.10 A
2023-09-14 03:00:00,0.11 A
2023-09-14 03:00:00,0.10 A
2023-09-14 03:00:00,0.09 A
2023-09-14 03:00:00,0.09 A
2023-09-14 03:00:00,0.11 A
2023-09-14 03:00:00,0.09 A
2023-09-14 03:00:00,0.09 A
2023-09-14 03:00:00,0.09 A
2023-09-14 03:00:00,0.10 A
2023-09-14 03:00:00,0.09 A
2023-09-14 03:00:00,0.11 A
2023-09-14 03:00:00,0.11 A
2023-09-14 03:00:00,0.11 A
2023-09-14 03:00:00,0.09 A
2023-09-14 03:00:00,0.10 A
2023-09-14 03:00:00,0.10 A
2023-09-14 03:00:00,0.10 A
2023-09-14 03:00:00,0.11 A
2023-09-14 03:00:00,0.10 A
2023-09-14 03:00:00,0.09 A
2023-09-14 03:00:00,0.11 A
2023-09-14 03:00:00,0.11 A
2023-09-14 03:00:00,0.10 A
2023-09-14 03:00:00,0.09 A
2023-09-14 03:00:00,0.11 A
2023-09-14 03:00:00,0.11 A
2023-09-14 03:00:00,0.10 A
2023-09-14 03:00:00,0.09 A
2023-09-14 03:00:00,0.09 A
2023-09-14 03:00:00,0.10 A
2023-09-14 03:00:00,0.10 A
2023-09-14 03:00:00,0.11 A
2023-09-14 03:00:00,0.11 A
2023-09-14 03:00:00,0.09 A
2023-09-14 03:00:00,0.10 A
2023-09-14 03:00:00,0.09 A
2023-09-14 03:00:00,0.09 A
2023-09-14 03:00:00,0.09 A
2023-09-14 03:00:00,0.10 A
2023-09-14 03:00:00,0.10 A
2023-09-14 03:00:00,0.11 A
2023-09-14 03:00:00,0.09 A
2023-09-14 03:00:00,0.10 A
2023-09-14 03:00:00,0.09 A
2023-09-14 03:00:00,0.09 A
2023-09-14 03:00:00,0.09 A
2023-09-14 03:00:00,0.10 A
2023-09-21 03:00:00,0.10 A
2023-09-21 03:00:00,0.11 A
2023-09-21 03:00:00,0.11 A
2023-09-21 03:00:00,0.11 A
2023-09-21 03:00:00,0.11 A
2023-09-21 03:00:00,0.11 A
2023-09-21 03:00:00,0.10 A
2023-09-21 03:00:00,0.09 A
2023-09-21 03:00:00,0.09 A
2023-09-21 03:00:00,0.09 A
2023-09-21 03:00:00,0.09 A
2023-09-21 03:00:00,0.10 A
2023-09-21 03:00:00,0.09 A
2023-09-21 03:00:00,0.10 A
2023-09-21 03:00:00,0.09 A
2023-09-21 03:00:00,0.09 A
2023-09-21 03:00:00,0.10 A
2023-09-21 03:00:00,0.10 A
2023-09-21 03:00:00,0.09 A
2023-09-21 03:00:00,0.10 A
2023-09-21 03:00:00,0.09 A
2023-09-21 03:00:00,0.11 A
2023-09-21 03:00:00,0.11 A
2023-09-21 03:00:00,0.09 A
2023-09-21 03:00:00,0.10 A
2023-09-21 03:00:00,0.09 A
2023-09-21 03:00:00,0.09 A
2023-09-21 03:00:00,0.09 A
2023-09-21 03:00:00,0.11 A
2023-09-21 03:00:00,0.09 A
2023-09-21 03:00:00,0.11 A
2023-09-21 03:00:00,0.11 A
2023-09-21 03:00:00,0.09 A
2023-09-21 03:00:00,0.11 A
2023-09-21 03:00:00,0.11 A
2023-09-21 03:00:00,0.11 A
2023-09-21 03:00:00,0.09 A
2023-09-21 03:00:00,0.10 A
2023-09-21 03:00:00,0.09 A
2023-09-21 03:00:00,0.10 A
2023-09-21 03:00:00,0.11 A
2023-09-21 03:00:00,0.11 A
2023-09-21 03:00:00,0.11 A
2023-09-21 03:00:00,0.09 A
2023-09-21 03:00:00,0.09 A
2023-09-21 03:00:00,0.09 A
2023-09-21 03:00:00,0.11 A
2023-09-21 03:00:00,0.10 A
2023-09-28 03:00:00,0.11 A
2023-09-28 03:00:00,0.10 A
2023-09-28 03:00:00,0.10 A
2023-09-28 03:00:00,0.10 A
2023-09-28 03:00:00,0.10 A
2023-09-28 03:00:00,0.10 A
2023-09-28 03:00:00,0.09 A
2023-09-28 03:00:00,0.11 A
2023-09-28 03:00:00,0.11 A
2023-09-28 03:00:00,0.10 A
2023-09-28 03:00:00,0.09 A
2023-09-28 03:00:00,0.09 A
2023-09-28 03:00:00,0.09 A
2023-09-28 03:00:00,0.09 A
2023-09-28 03:00:00,0.11 A
2023-09-28 03:00:00,0.11 A
2023-09-28 03:00:00,0.10 A
2023-09-28 03:00:00,0.10 A
2023-09-28 03:00:00,0.09 A
2023-09-28 03:00:00,0.09 A
2023-09-28 03:00:00,0.09 A
2023-09-28 03:00:00,0.09 A
2023-09-28 03:00:00,0.10 A
2023-09-28 03:00:00,0.09 A
2023-09-28 03:00:00,0.09 A
2023-09-28 03:00:00,0.11 A
2023-09-28 03:00:00,0.11 A
2023-09-28 03:00:00,0.10 A
2023-09-28 03:00:00,0.10 A
2023-09-28 03:00:00,0.09 A
2023-09-28 03:00:00,0.09 A
2023-09-28 03:00:00,0.11 A
2023-09-28 03:00:00,0.11 A
2023-09-28 03:00:00,0.09 A
2023-09-28 03:00:00,0.11 A
2023-09-28 03:00:00,0.09 A
2023-09-28 03:00:00,0.09 A
2023-09-28 03:00:00,0.09 A
2023-09-28 03:00:00,0.09 A
2023-09-28 03:00:00,0.11 A
2023-09-28 03:00:00,0.11 A
2023-09-28 03:00:00,0.11 A
2023-09-28 03:00:00,0.09 A
2023-09-28 03:00:00,0.10 A
2023-09-28 03:00:00,0.11 A
2023-09-28 03:00:00,0.11 A
2023-09-28 03:00:00,0.10 A
2023-09-28 03:00:00,0.09 A
2023-09-28 03:00:00,0.09 A
2023-09-28 03:00:00,0.11 A
2023-09-28 03:00:00,0.09 A
2023-09-28 03:00:00,0.09 A
2023-09-28 03:00:00,0.09 A
2023-09-28 03:00:00,0.09 A
2023-09-28 03:00:00,0.09 A
2023-09-28 03:00:00,0.10 A
2023-09-28 03:00:00,0.09 A
2023-09-28 03:00:00,0.09 A
2023-09-28 03:00:00,0.10 A
2023-09-28 03:00:00,0.09 A
2023-09-28 03:00:00,0.10 A
2023-09-28 03:00:00,0.09 A
2023-09-28 03:00:00,0.09 A
2023-09-28 03:00:00,0.09 A
2023-09-28 03:00:00,0.09 A
2023-09-28 03:00:00,0.11 A
2023-10-05 03:00:00,0.10 A
2023-10-05 03:00:00,0.10 A
2023-10-05 03:00:00,0.11 A
2023-10-05 03:00:00,0.09 A
2023-10-05 03:00:00,0.09 A
2023-10-05 03:00:00,0.10 A
2023-10-05 03:00:00,0.11 A
2023-10-05 03:00:00,0.11 A
2023-10-05 03:00:00,0.09 A
2023-10-05 03:00:00,0.11 A
2023-10-05 03:00:00,0.10 A
2023-10-05 03:00:00,0.10 A
2023-10-05 03:00:00,0.10 A
2023-10-05 03:00:00,0.09 A
2023-10-05 03:00:00,0.09 A
2023-10-05 03:00:00,0.09 A
2023-10-05 03:00:00,0.09 A
2023-10-05 03:00:00,0.09 A
2023-10-05 03:00:00,0.11 A
2023-10-05 03:00:00,0.11 A
2023-10-05 03:00:00,0.11 A
2023-10-05 03:00:00,0.09 A
2023-10-05 03:00:00,0.09 A
2023-10-05 03:00:00,0.10 A
2023-10-05 03:00:00,0.09 A
2023-10-05 03:00:00,0.10 A
2023-10-05 03:00:00,0.11 A
2023-10-05 03:00:00,0.11 A
2023-10-05 03:00:00,0.09 A
2023-10-05 03:00:00,0.10 A
2023-10-05 03:00:00,0.09 A
2023-10-05 03:00:00,0.09 A
2023-10-05 03:00:00,0.09 A
2023-10-05 03:00:00,0.10 A
2023-10-05 03:00:00,0.09 A
2023-10-05 03:00:00,0.10 A
2023-10-05 03:00:00,0.11 A
2023-10-05 03:00:00,0.09 A
2023-10-05 03:00:00,0.10 A
2023-10-05 03:00:00,0.09 A
2023-10-05 03:00:00,0.09 A
2023-10-05 03:00:00,0.11 A
2023-10-05 03:00:00,0.09 A
2023-10-05 03:00:00,0.09 A
2023-10-05 03:00:00,0.10 A
2023-10-05 03:00:00,0.09 A
2023-10-05 03:00:00,0.10 A
2023-10-05 03:00:00,0.09 A
2023-10-05 03:00:00,0.09 A
2023-10-05 03:00:00,0.09 A
2023-10-05 03:00:00,0.09 A
2023-10-05 03:00:00,0.11 A
2023-10-05 03:00:00,0.09 A
2023-10-05 03:00:00,0.10 A
2023-10-05 03:00:00,0.10 A
2023-10-05 03:00:00,0.09 A
2023-10-05 03:00:00,0.09 A
2023-10-05 03:00:00,0.10 A
2023-10-05 03:00:00,0.10 A
2023-10-05 03:00:00,0.10 A
2023-10-05 03:00:00,0.10 A
2023-10-05 03:00:00,0.11 A
2023-10-05 03:00:00,0.10 A
2023-10-05 03:00:00,0.09 A
2023-10-05 03:00:00,0.10 A
2023-10-05 03:00:00,0.09 A
2023-10-05 03:00:00,0.09 A
2023-10-05 03:00:00,0.09 A
2023-10-05 03:00:00,0.11 A
2023-10-05 03:00:00,0.11 A
2023-10-05 03:00:00,0.10 A
2023-10-05 03:00:00,0.09 A
2023-10-05 03:00:00,0.09 A
2023-10-05 03:00:00,0.11 A
2023-10-12 03:00:00,0.09 A
2023-10-12 03:00:00,0.10 A
2023-10-12 03:00:00,0.10 A
2023-10-12 03:00:00,0.10 A
2023-10-12 03:00:00,0.10 A
2023-10-12 03:00:00,0.11 A
2023-10-12 03:00:00,0.11 A
2023-10-12 03:00:00,0.09 A
2023-10-12 03:00:00,0.09 A
2023-10-12 03:00:00,0.11 A
2023-10-12 03:00:00,0.11 A
2023-10-12 03:00:00,0.09 A
2023-10-12 03:00:00,0.09 A
2023-10-12 03:00:00,0.09 A
2023-10-12 03:00:00,0.11 A
2023-10-12 03:00:00,0.11 A
2023-10-12 03:00:00,0.11 A
2023-10-12 03:00:00,0.10 A
2023-10-12 03:00:00,0.09 A
2023-10-12 03:00:00,0.09 A
2023-10-12 03:00:00,0.09 A
2023-10-12 03:00:00,0.09 A
2023-10-12 03:00:00,0.09 A
2023-10-12 03:00:00,0.09 A
2023-10-12 03:00:00,0.09 A
2023-10-12 03:00:00,0.11 A
2023-10-12 03:00:00,0.09 A
2023-10-12 03:00:00,0.09 A
2023-10-12 03:00:00,0.09 A
2023-10-12 03:00:00,0.09 A
2023-10-12 03:00:00,0.09 A
2023-10-12 03:00:00,0.09 A
2023-10-12 03:00:00,0.10 A
2023-10-12 03:00:00,0.09 A
2023-10-12 03:00:00,0.09 A
2023-10-12 03:00:00,0.09 A
2023-10-12 03:00:00,0.10 A
2023-10-12 03:00:00,0.10 A
2023-10-12 03:00:00,0.09 A
2023-10-12 03:00:00,0.11 A
2023-10-12 03:00:00,0.11 A
2023-10-12 03:00:00,0.11 A
2023-10-12 03:00:00,0.09 A
2023-10-12 03:00:00,0.09 A
2023-10-12 03:00:00,0.09 A
2023-10-12 03:00:00,0.11 A
2023-10-12 03:00:00,0.10 A
2023-10-12 03:00:00,0.09 A
2023-10-12 03:00:00,0.11 A
2023-10-12 03:00:00,0.09 A
2023-10-12 03:00:00,0.09 A
2023-10-12 03:00:00,0.11 A
2023-10-12 03:00:00,0.11 A
2023-10-12 03:00:00,0.10 A
2023-10-12 03:00:00,0.09 A
2023-10-12 03:00:00,0.09 A
2023-10-12 03:00:00,0.09 A
2023-10-12 03:00:00,0.09 A
2023-10-12 03:00:00,0.10 A
2023-10-12 03:00:00,0.10 A
2023-10-12 03:00:00,0.11 A
2023-10-12 03:00:00,0.10 A
2023-10-12 03:00:00,0.09 A
2023-10-12 03:00:00,0.11 A
2023-10-12 03:00:00,0.09 A
2023-10-12 03:00:00,0.10 A
2023-10-12 03:00:00,0.09 A
2023-10-12 03:00:00,0.10 A
2023-10-12 03:00:00,0.09 A
2023-10-12 03:00:00,0.09 A
2023-10-12 03:00:00,0.11 A
2023-10-12 03:00:00,0.09 A
2023-10-12 03:00:00,0.09 A
2023-10-12 03:00:00,0.10 A
2023-10-12 03:00:00,0.10 A
2023-10-12 03:00:00,0.09 A
2023-10-12 03:00:00,0.09 A
2023-10-12 03:00:00,0.11 A
2023-10-12 03:00:00,0.09 A
2023-10-12 03:00:00,0.09 A
2023-10-12 03:00:00,0.09 A
2023-10-19 03:00:00,0.09 A
2023-10-19 03:00:00,0.10 A
2023-10-19 03:00:00,0.11 A
2023-10-19 03:00:00,0.11 A
2023-10-19 03:00:00,0.10 A
2023-10-19 03:00:00,0.11 A
2023-10-19 03:00:00,0.09 A
2023-10-19 03:00:00,0.11 A
2023-10-19 03:00:00,0.09 A
2023-10-19 03:00:00,0.09 A
2023-10-19 03:00:00,0.09 A
2023-10-19 03:00:00,0.11 A
2023-10-19 03:00:00,0.10 A
2023-10-19 03:00:00,0.11 A
2023-10-19 03:00:00,0.10 A
2023-10-19 03:00:00,0.10 A
2023-10-19 03:00:00,0.11 A
2023-10-19 03:00:00,0.10 A
2023-10-19 03:00:00,0.10 A
2023-10-19 03:00:00,0.09 A
2023-10-19 03:00:00,0.09 A
2023-10-19 03:00:00,0.11 A
2023-10-19 03:00:00,0.11 A
2023-10-19 03:00:00,0.09 A
2023-10-19 03:00:00,0.10 A
2023-10-19 03:00:00,0.09 A
2023-10-19 03:00:00,0.09 A
2023-10-19 03:00:00,0.10 A
2023-10-19 03:00:00,0.09 A
2023-10-19 03:00:00,0.09 A
2023-10-19 03:00:00,0.11 A
2023-10-19 03:00:00,0.09 A
2023-10-19 03:00:00,0.09 A
2023-10-19 03:00:00,0.09 A
2023-10-19 03:00:00,0.09 A
2023-10-19 03:00:00,0.09 A
2023-10-19 03:00:00,0.09 A
2023-10-19 03:00:00,0.09 A
2023-10-19 03:00:00,0.09 A
2023-10-19 03:00:00,0.09 A
2023-10-19 03:00:00,0.09 A
2023-10-19 03:00:00,0.09 A
2023-10-19 03:00:00,0.09 A
2023-10-19 03:00:00,0.10 A
2023-10-19 03:00:00,0.09 A
2023-10-19 03:00:00,0.09 A
2023-10-19 03:00:00,0.10 A
2023-10-19 03:00:00,0.09 A
2023-10-19 03:00:00,0.10 A
2023-10-19 03:00:00,0.09 A
2023-10-19 03:00:00,0.09 A
2023-10-19 03:00:00,0.09 A
2023-10-19 03:00:00,0.09 A
2023-10-19 03:00:00,0.10 A
2023-10-19 03:00:00,0.09 A
2023-10-19 03:00:00,0.11 A
2023-10-19 03:00:00,0.09 A
2023-10-19 03:00:00,0.10 A
2023-10-19 03:00:00,0.10 A
2023-10-19 03:00:00,0.10 A
2023-10-19 03:00:00,0.09 A
2023-10-19 03:00:00,0.11 A
2023-10-19 03:00:00,0.09 A
2023-10-19 03:00:00,0.09 A
2023-10-19 03:00:00,0.09 A
2023-10-19 03:00:00,0.10 A
2023-10-19 03:00:00,0.09 A
2023-10-19 03:00:00,0.11 A
2023-10-19 03:00:00,0.11 A
2023-10-19 03:00:00,0.11 A
2023-10-19 03:00:00,0.10 A
2023-10-26 03:00:00,0.10 A
2023-10-26 03:00:00,0.11 A
2023-10-26 03:00:00,0.09 A
2023-10-26 03:00:00,0.09 A
2023-10-26 03:00:00,0.09 A
2023-10-26 03:00:00,0.09 A
2023-10-26 03:00:00,0.11 A
2023-10-26 03:00:00,0.11 A
2023-10-26 03:00:00,0.11 A
2023-10-26 03:00:00,0.11 A
2023-10-26 03:00:00,0.09 A
2023-10-26 03:00:00,0.09 A
2023-10-26 03:00:00,0.09 A
2023-10-26 03:00:00,0.10 A
2023-10-26 03:00:00,0.09 A
2023-10-26 03:00:00,0.09 A
2023-10-26 03:00:00,0.10 A
2023-10-26 03:00:00,0.10 A
2023-10-26 03:00:00,0.09 A
2023-10-26 03:00:00,0.09 A
2023-10-26 03:00:00,0.10 A
2023-10-26 03:00:00,0.11 A
2023-10-26 03:00:00,0.09 A
2023-10-26 03:00:00,0.09 A
2023-10-26 03:00:00,0.10 A
2023-10-26 03:00:00,0.10 A
2023-10-26 03:00:00,0.09 A
2023-10-26 03:00:00,0.09 A
2023-10-26 03:00:00,0.09 A
2023-10-26 03:00:00,0.10 A
2023-10-26 03:00:00,0.09 A
2023-10-26 03:00:00,0.09 A
2023-10-26 03:00:00,0.09 A
2023-10-26 03:00:00,0.11 A
2023-10-26 03:00:00,0.11 A
2023-10-26 03:00:00,0.11 A
2023-10-26 03:00:00,0.11 A
2023-10-26 03:00:00,0.09 A
2023-10-26 03:00:00,0.09 A
2023-10-26 03:00:00,0.09 A
2023-10-26 03:00:00,0.11 A
2023-10-26 03:00:00,0.11 A
2023-10-26 03:00:00,0.10 A
2023-10-26 03:00:00,0.11 A
2023-10-26 03:00:00,0.09 A
2023-10-26 03:00:00,0.09 A
2023-10-26 03:00:00,0.10 A
2023-10-26 03:00:00,0.11 A
2023-10-26 03:00:00,0.10 A
2023-10-26 03:00:00,0.11 A
2023-10-26 03:00:00,0.09 A
2023-10-26 03:00:00,0.09 A
2023-10-26 03:00:00,0.09 A
2023-10-26 03:00:00,0.11 A
2023-10-26 03:00:00,0.11 A
2023-10-26 03:00:00,0.09 A
2023-10-26 03:00:00,0.09 A
2023-10-26 03:00:00,0.09 A
2023-10-26 03:00:00,0.09 A
2023-10-26 03:00:00,0.10 A
2023-10-26 03:00:00,0.11 A
2023-10-26 03:00:00,0.11 A
2023-10-26 03:00:00,0.10 A
2023-11-02 03:00:00,0.10 A
2023-11-02 03:00:00,0.09 A
2023-11-02 03:00:00,0.09 A
2023-11-02 03:00:00,0.11 A
2023-11-02 03:00:00,0.11 A
2023-11-02 03:00:00,0.11 A
2023-11-02 03:00:00,0.11 A
2023-11-02 03:00:00,0.11 A
2023-11-02 03:00:00,0.09 A
2023-11-02 03:00:00,0.09 A
2023-11-02 03:00:00,0.09 A
2023-11-02 03:00:00,0.09 A
2023-11-02 03:00:00,0.10 A
2023-11-02 03:00:00,0.11 A
2023-11-02 03:00:00,0.11 A
2023-11-02 03:00:00,0.09 A
2023-11-02 03:00:00,0.09 A
2023-11-02 03:00:00,0.11 A
2023-11-02 03:00:00,0.11 A
2023-11-02 03:00:00,0.10 A
2023-11-02 03:00:00,0.09 A
2023-11-02 03:00:00,0.09 A
2023-11-02 03:00:00,0.09 A
2023-11-02 03:00:00,0.09 A
2023-11-02 03:00:00,0.10 A
2023-11-02 03:00:00,0.11 A
2023-11-02 03:00:00,0.11 A
2023-11-02 03:00:00,0.11 A
2023-11-02 03:00:00,0.11 A
2023-11-02 03:00:00,0.09 A
2023-11-02 03:00:00,0.10 A
2023-11-02 03:00:00,0.09 A
2023-11-02 03:00:00,0.09 A
2023-11-02 03:00:00,0.09 A
2023-11-02 03:00:00,0.09 A
2023-11-02 03:00:00,0.11 A
2023-11-02 03:00:00,0.09 A
2023-11-02 03:00:00,0.09 A
2023-11-02 03:00:00,0.10 A
2023-11-02 03:00:00,0.10 A
2023-11-02 03:00:00,0.10 A
2023-11-02 03:00:00,0.10 A
2023-11-02 03:00:00,0.10 A
2023-11-02 03:00:00,0.10 A
2023-11-02 03:00:00,0.09 A
2023-11-02 03:00:00,0.09 A
2023-11-02 03:00:00,0.09 A
2023-11-02 03:00:00,0.09 A
2023-11-02 03:00:00,0.09 A
2023-11-02 03:00:00,0.09 A
2023-11-02 03:00:00,0.09 A
2023-11-02 03:00:00,0.11 A
2023-11-02 03:00:00,0.10 A
2023-11-02 03:00:00,0.10 A
2023-11-02 03:00:00,0.11 A
2023-11-02 03:00:00,0.09 A
2023-11-02 03:00:00,0.09 A
2023-11-02 03:00:00,0.09 A
2023-11-02 03:00:00,0.09 A
2023-11-02 03:00:00,0.11 A
2023-11-02 03:00:00,0.09 A
2023-11-02 03:00:00,0.11 A
2023-11-02 03:00:00,0.10 A
2023-11-02 03:00:00,0.10 A
2023-11-02 03:00:00,0.09 A
2023-11-02 03:00:00,0.09 A
2023-11-02 03:00:00,0.09 A
2023-11-02 03:00:00,0.09 A
2023-11-02 03:00:00,0.10 A
2023-11-02 03:00:00,0.09 A
2023-11-02 03:00:00,0.11 A
2023-11-02 03:00:00,0.11 A
2023-11-02 03:00:00,0.11 A
2023-11-02 03:00:00,0.10 A
2023-11-02 03:00:00,0.10 A
2023-11-02 03:00:00,0.09 A
2023-11-02 03:00:00,0.09 A
2023-11-02 03:00:00,0.09 A
2023-11-02 03:00:00,0.09 A
2023-11-02 03:00:00,0.11 A
2023-11-09 03:00:00,0.09 A
2023-11-09 03:00:00,0.10 A
2023-11-09 03:00:00,0.10 A
2023-11-09 03:00:00,0.09 A
2023-11-09 03:00:00,0.10 A
2023-11-09 03:00:00,0.11 A
2023-11-09 03:00:00,0.10 A
2023-11-09 03:00:00,0.11 A
2023-11-09 03:00:00,0.11 A
2023-11-09 03:00:00,0.11 A
2023-11-09 03:00:00,0.09 A
2023-11-09 03:00:00,0.09 A
2023-11-09 03:00:00,0.09 A
2023-11-09 03:00:00,0.09 A
2023-11-09 03:00:00,0.11 A
2023-11-09 03:00:00,0.10 A
2023-11-09 03:00:00,0.09 A
2023-11-09 03:00:00,0.09 A
2023-11-09 03:00:00,0.09 A
2023-11-09 03:00:00,0.09 A
2023-11-09 03:00:00,0.09 A
2023-11-09 03:00:00,0.11 A
2023-11-09 03:00:00,0.09 A
2023-11-09 03:00:00,0.09 A
2023-11-09 03:00:00,0.09 A
2023-11-09 03:00:00,0.09 A
2023-11-09 03:00:00,0.11 A
2023-11-09 03:00:00,0.11 A
2023-11-09 03:00:00,0.11 A
2023-11-09 03:00:00,0.09 A
2023-11-09 03:00:00,0.09 A
2023-11-09 03:00:00,0.09 A
2023-11-09 03:00:00,0.11 A
2023-11-09 03:00:00,0.10 A
2023-11-09 03:00:00,0.11 A
2023-11-09 03:00:00,0.09 A
2023-11-09 03:00:00,0.11 A
2023-11-09 03:00:00,0.10 A
2023-11-09 03:00:00,0.09 A
2023-11-09 03:00:00,0.10 A
2023-11-09 03:00:00,0.09 A
2023-11-09 03:00:00,0.11 A
2023-11-09 03:00:00,0.09 A
2023-11-09 03:00:00,0.10 A
2023-11-09 03:00:00,0.11 A
2023-11-09 03:00:00,0.09 A
2023-11-09 03:00:00,0.09 A
2023-11-09 03:00:00,0.09 A
2023-11-09 03:00:00,0.11 A
2023-11-09 03:00:00,0.09 A
2023-11-09 03:00:00,0.11 A
2023-11-09 03:00:00,0.10 A
2023-11-09 03:00:00,0.09 A
2023-11-09 03:00:00,0.11 A
2023-11-09 03:00:00,0.11 A
2023-11-09 03:00:00,0.09 A
2023-11-09 03:00:00,0.11 A
2023-11-09 03:00:00,0.09 A
2023-11-09 03:00:00,0.10 A
2023-11-09 03:00:00,0.09 A
2023-11-16 03:00:00,0.09 A
2023-11-16 03:00:00,0.09 A
2023-11-16 03:00:00,0.10 A
2023-11-16 03:00:00,0.09 A
2023-11-16 03:00:00,0.11 A
2023-11-16 03:00:00,0.11 A
2023-11-16 03:00:00,0.11 A
2023-11-16 03:00:00,0.09 A
2023-11-16 03:00:00,0.09 A
2023-11-16 03:00:00,0.10 A
2023-11-16 03:00:00,0.10 A
2023-11-16 03:00:00,0.10 A
2023-11-16 03:00:00,0.11 A
2023-11-16 03:00:00,0.10 A
2023-11-16 03:00:00,0.09 A
2023-11-16 03:00:00,0.11 A
2023-11-16 03:00:00,0.11 A
2023-11-16 03:00:00,0.11 A
2023-11-16 03:00:00,0.09 A
2023-11-16 03:00:00,0.09 A
2023-11-16 03:00:00,0.10 A
2023-11-16 03:00:00,0.09 A
2023-11-16 03:00:00,0.11 A
2023-11-16 03:00:00,0.09 A
2023-11-16 03:00:00,0.11 A
2023-11-16 03:00:00,0.11 A
2023-11-16 03:00:00,0.10 A
2023-11-16 03:00:00,0.10 A
2023-11-16 03:00:00,0.11 A
2023-11-16 03:00:00,0.10 A
2023-11-16 03:00:00,0.11 A
2023-11-16 03:00:00,0.09 A
2023-11-16 03:00:00,0.10 A
2023-11-16 03:00:00,0.10 A
2023-11-16 03:00:00,0.10 A
2023-11-16 03:00:00,0.11 A
2023-11-16 03:00:00,0.11 A
2023-11-16 03:00:00,0.11 A
2023-11-16 03:00:00,0.10 A
2023-11-16 03:00:00,0.10 A
2023-11-16 03:00:00,0.09 A
2023-11-16 03:00:00,0.11 A
2023-11-16 03:00:00,0.10 A
2023-11-16 03:00:00,0.09 A
2023-11-16 03:00:00,0.09 A
2023-11-16 03:00:00,0.09 A
2023-11-16 03:00:00,0.09 A
2023-11-16 03:00:00,0.09 A
2023-11-16 03:00:00,0.09 A
2023-11-16 03:00:00,0.11 A
2023-11-16 03:00:00,0.09 A
2023-11-16 03:00:00,0.09 A
2023-11-16 03:00:00,0.10 A
2023-11-16 03:00:00,0.09 A
2023-11-16 03:00:00,0.09 A
2023-11-16 03:00:00,0.10 A
2023-11-16 03:00:00,0.09 A
2023-11-16 03:00:00,0.11 A
2023-11-16 03:00:00,0.09 A
2023-11-16 03:00:00,0.09 A
2023-11-16 03:00:00,0.09 A
2023-11-16 03:00:00,0.10 A
2023-11-16 03:00:00,0.11 A
2023-11-16 03:00:00,0.11 A
2023-11-16 03:00:00,0.11 A
2023-11-16 03:00:00,0.09 A
2023-11-16 03:00:00,0.10 A
2023-11-16 03:00:00,0.09 A
2023-11-16 03:00:00,0.11 A
2023-11-16 03:00:00,0.09 A
2023-11-16 03:00:00,0.09 A
2023-11-16 03:00:00,0.09 A
2023-11-16 03:00:00,0.10 A
2023-11-23 03:00:00,0.10 A
2023-11-23 03:00:00,0.11 A
2023-11-23 03:00:00,0.09 A
2023-11-23 03:00:00,0.09 A
2023-11-23 03:00:00,0.09 A
2023-11-23 03:00:00,0.09 A
2023-11-23 03:00:00,0.09 A
2023-11-23 03:00:00,0.09 A
2023-11-23 03:00:00,0.09 A
2023-11-23 03:00:00,0.10 A
2023-11-23 03:00:00,0.10 A
2023-11-23 03:00:00,0.11 A
2023-11-23 03:00:00,0.09 A
2023-11-23 03:00:00,0.10 A
2023-11-23 03:00:00,0.09 A
2023-11-23 03:00:00,0.10 A
2023-11-23 03:00:00,0.09 A
2023-11-23 03:00:00,0.09 A
2023-11-23 03:00:00,0.09 A
2023-11-23 03:00:00,0.09 A
2023-11-23 03:00:00,0.11 A
2023-11-23 03:00:00,0.11 A
2023-11-23 03:00:00,0.11 A
2023-11-23 03:00:00,0.11 A
2023-11-23 03:00:00,0.09 A
2023-11-23 03:00:00,0.10 A
2023-11-23 03:00:00,0.10 A
2023-11-23 03:00:00,0.11 A
2023-11-23 03:00:00,0.11 A
2023-11-23 03:00:00,0.11 A
2023-11-23 03:00:00,0.11 A
2023-11-23 03:00:00,0.11 A
2023-11-23 03:00:00,0.11 A
2023-11-23 03:00:00,0.10 A
2023-11-23 03:00:00,0.10 A
2023-11-23 03:00:00,0.10 A
2023-11-23 03:00:00,0.09 A
2023-11-23 03:00:00,0.10 A
2023-11-23 03:00:00,0.09 A
2023-11-23 03:00:00,0.10 A
2023-11-23 03:00:00,0.10 A
2023-11-23 03:00:00,0.09 A
2023-11-23 03:00:00,0.11 A
2023-11-23 03:00:00,0.11 A
2023-11-23 03:00:00,0.11 A
2023-11-23 03:00:00,0.11 A
2023-11-23 03:00:00,0.11 A
2023-11-23 03:00:00,0.09 A
2023-11-23 03:00:00,0.10 A
2023-11-23 03:00:00,0.09 A
2023-11-30 03:00:00,0.10 A
2023-11-30 03:00:00,0.09 A
2023-11-30 03:00:00,0.11 A
2023-11-30 03:00:00,0.11 A
2023-11-30 03:00:00,0.09 A
2023-11-30 03:00:00,0.09 A
2023-11-30 03:00:00,0.09 A
2023-11-30 03:00:00,0.10 A
2023-11-30 03:00:00,0.11 A
2023-11-30 03:00:00,0.09 A
2023-11-30 03:00:00,0.11 A
2023-11-30 03:00:00,0.10 A
2023-11-30 03:00:00,0.09 A
2023-11-30 03:00:00,0.09 A
2023-11-30 03:00:00,0.09 A
2023-11-30 03:00:00,0.09 A
2023-11-30 03:00:00,0.11 A
2023-11-30 03:00:00,0.11 A
2023-11-30 03:00:00,0.11 A
2023-11-30 03:00:00,0.11 A
2023-11-30 03:00:00,0.10 A
2023-11-30 03:00:00,0.09 A
2023-11-30 03:00:00,0.10 A
2023-11-30 03:00:00,0.10 A
2023-11-30 03:00:00,0.11 A
2023-11-30 03:00:00,0.11 A
2023-11-30 03:00:00,0.11 A
2023-11-30 03:00:00,0.10 A
2023-11-30 03:00:00,0.09 A
2023-11-30 03:00:00,0.09 A
2023-11-30 03:00:00,0.09 A
2023-11-30 03:00:00,0.09 A
2023-11-30 03:00:00,0.10 A
2023-11-30 03:00:00,0.10 A
2023-11-30 03:00:00,0.09 A
2023-11-30 03:00:00,0.10 A
2023-11-30 03:00:00,0.11 A
2023-11-30 03:00:00,0.11 A
2023-11-30 03:00:00,0.09 A
2023-11-30 03:00:00,0.09 A
2023-11-30 03:00:00,0.09 A
2023-11-30 03:00:00,0.09 A
2023-11-30 03:00:00,0.10 A
2023-11-30 03:00:00,0.10 A
2023-11-30 03:00:00,0.10 A
2023-11-30 03:00:00,0.10 A
2023-11-30 03:00:00,0.11 A
2023-11-30 03:00:00,0.10 A
2023-11-30 03:00:00,0.11 A
2023-11-30 03:00:00,0.11 A
2023-12-07 03:00:00,0.10 A
2023-12-07 03:00:00,0.10 A
2023-12-07 03:00:00,0.09 A
2023-12-07 03:00:00,0.10 A
2023-12-07 03:00:00,0.09 A
2023-12-07 03:00:00,0.09 A
2023-12-07 03:00:00,0.09 A
2023-12-07 03:00:00,0.11 A
2023-12-07 03:00:00,0.09 A
2023-12-07 03:00:00,0.09 A
2023-12-07 03:00:00,0.11 A
2023-12-07 03:00:00,0.11 A
2023-12-07 03:00:00,0.11 A
2023-12-07 03:00:00,0.11 A
2023-12-07 03:00:00,0.11 A
2023-12-07 03:00:00,0.09 A
2023-12-07 03:00:00,0.09 A
2023-12-07 03:00:00,0.09 A
2023-12-07 03:00:00,0.09 A
2023-12-07 03:00:00,0.11 A
2023-12-07 03:00:00,0.09 A
2023-12-07 03:00:00,0.11 A
2023-12-07 03:00:00,0.11 A
2023-12-07 03:00:00,0.11 A
2023-12-07 03:00:00,0.09 A
2023-12-07 03:00:00,0.10 A
2023-12-07 03:00:00,0.09 A
2023-12-07 03:00:00,0.09 A
2023-12-07 03:00:00,0.10 A
2023-12-07 03:00:00,0.10 A
2023-12-07 03:00:00,0.09 A
2023-12-07 03:00:00,0.11 A
2023-12-07 03:00:00,0.11 A
2023-12-07 03:00:00,0.09 A
2023-12-07 03:00:00,0.09 A
2023-12-07 03:00:00,0.09 A
2023-12-07 03:00:00,0.10 A
2023-12-07 03:00:00,0.09 A
2023-12-07 03:00:00,0.11 A
2023-12-07 03:00:00,0.09 A
2023-12-07 03:00:00,0.10 A
2023-12-07 03:00:00,0.09 A
2023-12-07 03:00:00,0.09 A
2023-12-07 03:00:00,0.10 A
2023-12-07 03:00:00,0.09 A
2023-12-07 03:00:00,0.11 A
2023-12-07 03:00:00,0.11 A
2023-12-07 03:00:00,0.11 A
2023-12-07 03:00:00,0.11 A
2023-12-07 03:00:00,0.09 A
2023-12-07 03:00:00,0.09 A
2023-12-07 03:00:00,0.09 A
2023-12-07 03:00:00,0.10 A
2023-12-07 03:00:00,0.09 A
2023-12-07 03:00:00,0.09 A
2023-12-07 03:00:00,0.09 A
2023-12-07 03:00:00,0.09 A
2023-12-07 03:00:00,0.09 A
2023-12-07 03:00:00,0.09 A
2023-12-07 03:00:00,0.09 A
2023-12-07 03:00:00,0.09 A
2023-12-07 03:00:00,0.09 A
2023-12-07 03:00:00,0.09 A
2023-12-07 03:00:00,0.09 A
2023-12-07 03:00:00,0.11 A
2023-12-07 03:00:00,0.10 A
2023-12-07 03:00:00,0.10 A
2023-12-07 03:00:00,0.09 A
2023-12-07 03:00:00,0.11 A
2023-12-07 03:00:00,0.10 A
2023-12-07 03:00:00,0.09 A
2023-12-07 03:00:00,0.11 A
2023-12-07 03:00:00,0.11 A
2023-12-14 03:00:00,0.11 A
2023-12-14 03:00:00,0.11 A
2023-12-14 03:00:00,0.10 A
2023-12-14 03:00:00,0.10 A
2023-12-14 03:00:00,0.09 A
2023-12-14 03:00:00,0.10 A
2023-12-14 03:00:00,0.10 A
2023-12-14 03:00:00,0.11 A
2023-12-14 03:00:00,0.11 A
2023-12-14 03:00:00,0.09 A
2023-12-14 03:00:00,0.11 A
2023-12-14 03:00:00,0.11 A
2023-12-14 03:00:00,0.09 A
2023-12-14 03:00:00,0.10 A
2023-12-14 03:00:00,0.09 A
2023-12-14 03:00:00,0.10 A
2023-12-14 03:00:00,0.11 A
2023-12-14 03:00:00,0.09 A
2023-12-14 03:00:00,0.10 A
2023-12-14 03:00:00,0.11 A
2023-12-14 03:00:00,0.11 A
2023-12-14 03:00:00,0.09 A
2023-12-14 03:00:00,0.10 A
2023-12-14 03:00:00,0.10 A
2023-12-14 03:00:00,0.11 A
2023-12-14 03:00:00,0.09 A
2023-12-14 03:00:00,0.09 A
2023-12-14 03:00:00,0.09 A
2023-12-14 03:00:00,0.09 A
2023-12-14 03:00:00,0.11 A
2023-12-14 03:00:00,0.09 A
2023-12-14 03:00:00,0.10 A
2023-12-14 03:00:00,0.09 A
2023-12-14 03:00:00,0.09 A
2023-12-14 03:00:00,0.09 A
2023-12-14 03:00:00,0.11 A
2023-12-14 03:00:00,0.11 A
2023-12-14 03:00:00,0.09 A
2023-12-14 03:00:00,0.10 A
2023-12-14 03:00:00,0.09 A
2023-12-14 03:00:00,0.09 A
2023-12-14 03:00:00,0.11 A
2023-12-14 03:00:00,0.11 A
2023-12-14 03:00:00,0.09 A
2023-12-14 03:00:00,0.09 A
2023-12-14 03:00:00,0.09 A
2023-12-14 03:00:00,0.09 A
2023-12-14 03:00:00,0.11 A
2023-12-14 03:00:00,0.09 A
2023-12-14 03:00:00,0.10 A
2023-12-14 03:00:00,0.11 A
2023-12-14 03:00:00,0.09 A
2023-12-21 03:00:00,0.11 A
2023-12-21 03:00:00,0.11 A
2023-12-21 03:00:00,0.10 A
2023-12-21 03:00:00,0.09 A
2023-12-21 03:00:00,0.10 A
2023-12-21 03:00:00,0.10 A
2023-12-21 03:00:00,0.09 A
2023-12-21 03:00:00,0.09 A
2023-12-21 03:00:00,0.10 A
2023-12-21 03:00:00,0.11 A
2023-12-21 03:00:00,0.10 A
2023-12-21 03:00:00,0.09 A
2023-12-21 03:00:00,0.11 A
2023-12-21 03:00:00,0.11 A
2023-12-21 03:00:00,0.11 A
2023-12-21 03:00:00,0.11 A
2023-12-21 03:00:00,0.11 A
2023-12-21 03:00:00,0.10 A
2023-12-21 03:00:00,0.10 A
2023-12-21 03:00:00,0.11 A
2023-12-21 03:00:00,0.09 A
2023-12-21 03:00:00,0.10 A
2023-12-21 03:00:00,0.10 A
2023-12-21 03:00:00,0.10 A
2023-12-21 03:00:00,0.09 A
2023-12-21 03:00:00,0.10 A
2023-12-21 03:00:00,0.11 A
2023-12-21 03:00:00,0.11 A
2023-12-21 03:00:00,0.11 A
2023-12-21 03:00:00,0.11 A
2023-12-21 03:00:00,0.09 A
2023-12-21 03:00:00,0.09 A
2023-12-21 03:00:00,0.09 A
2023-12-21 03:00:00,0.09 A
2023-12-21 03:00:00,0.09 A
2023-12-21 03:00:00,0.09 A
2023-12-21 03:00:00,0.10 A
2023-12-21 03:00:00,0.09 A
2023-12-21 03:00:00,0.09 A
2023-12-21 03:00:00,0.10 A
2023-12-21 03:00:00,0.10 A
2023-12-21 03:00:00,0.09 A
2023-12-21 03:00:00,0.10 A
2023-12-21 03:00:00,0.10 A
2023-12-21 03:00:00,0.09 A
2023-12-21 03:00:00,0.11 A
2023-12-21 03:00:00,0.10 A
2023-12-21 03:00:00,0.10 A
2023-12-21 03:00:00,0.09 A
2023-12-21 03:00:00,0.11 A
2023-12-21 03:00:00,0.11 A
2023-12-21 03:00:00,0.09 A
2023-12-21 03:00:00,0.09 A
2023-12-21 03:00:00,0.09 A
2023-12-21 03:00:00,0.11 A
2023-12-21 03:00:00,0.09 A
2023-12-21 03:00:00,0.09 A
2023-12-21 03:00:00,0.09 A
2023-12-21 03:00:00,0.10 A
2023-12-21 03:00:00,0.11 A
2023-12-21 03:00:00,0.09 A
2023-12-21 03:00:00,0.10 A
2023-12-21 03:00:00,0.10 A
2023-12-21 03:00:00,0.11 A
2023-12-21 03:00:00,0.10 A
2023-12-21 03:00:00,0.10 A
2023-12-21 03:00:00,0.10 A
2023-12-21 03:00:00,0.10 A
2023-12-21 03:00:00,0.11 A
2023-12-21 03:00:00,0.10 A
2023-12-21 03:00:00,0.09 A
2023-12-21 03:00:00,0.09 A
2023-12-21 03:00:00,0.10 A
2023-12-21 03:00:00,0.09 A
2023-12-21 03:00:00,0.11 A
2023-12-21 03:00:00,0.09 A
2023-12-28 03:00:00,0.10 A
2023-12-28 03:00:00,0.09 A
2023-12-28 03:00:00,0.09 A
2023-12-28 03:00:00,0.09 A
2023-12-28 03:00:00,0.09 A
2023-12-28 03:00:00,0.09 A
2023-12-28 03:00:00,0.10 A
2023-12-28 03:00:00,0.10 A
2023-12-28 03:00:00,0.09 A
2023-12-28 03:00:00,0.11 A
2023-12-28 03:00:00,0.09 A
2023-12-28 03:00:00,0.09 A
2023-12-28 03:00:00,0.11 A
2023-12-28 03:00:00,0.11 A
2023-12-28 03:00:00,0.11 A
2023-12-28 03:00:00,0.11 A
2023-12-28 03:00:00,0.11 A
2023-12-28 03:00:00,0.11 A
2023-12-28 03:00:00,0.11 A
2023-12-28 03:00:00,0.09 A
2023-12-28 03:00:00,0.11 A
2023-12-28 03:00:00,0.09 A
2023-12-28 03:00:00,0.10 A
2023-12-28 03:00:00,0.11 A
2023-12-28 03:00:00,0.09 A
2023-12-28 03:00:00,0.10 A
2023-12-28 03:00:00,0.11 A
2023-12-28 03:00:00,0.09 A
2023-12-28 03:00:00,0.11 A
2023-12-28 03:00:00,0.10 A
2023-12-28 03:00:00,0.09 A
2023-12-28 03:00:00,0.09 A
2023-12-28 03:00:00,0.11 A
2023-12-28 03:00:00,0.10 A
2023-12-28 03:00:00,0.09 A
2023-12-28 03:00:00,0.10 A
2023-12-28 03:00:00,0.10 A
2023-12-28 03:00:00,0.11 A
2023-12-28 03:00:00,0.11 A
2023-12-28 03:00:00,0.11 A
2023-12-28 03:00:00,0.09 A
2023-12-28 03:00:00,0.09 A
2023-12-28 03:00:00,0.09 A
2023-12-28 03:00:00,0.09 A
2023-12-28 03:00:00,0.11 A
2023-12-28 03:00:00,0.09 A
2023-12-28 03:00:00,0.09 A
2023-12-28 03:00:00,0.11 A
2023-12-28 03:00:00,0.10 A
2023-12-28 03:00:00,0.10 A
2023-12-28 03:00:00,0.10 A
2023-12-28 03:00:00,0.10 A
2023-12-28 03:00:00,0.09 A
2023-12-28 03:00:00,0.09 A
2023-12-28 03:00:00,0.10 A
2024-01-04 03:00:00,0.10 A
2024-01-04 03:00:00,0.10 A
2024-01-04 03:00:00,0.11 A
2024-01-04 03:00:00,0.11 A
2024-01-04 03:00:00,0.11 A
2024-01-04 03:00:00,0.11 A
2024-01-04 03:00:00,0.11 A
2024-01-04 03:00:00,0.10 A
2024-01-04 03:00:00,0.10 A
2024-01-04 03:00:00,0.09 A
2024-01-04 03:00:00,0.09 A
2024-01-04 03:00:00,0.09 A
2024-01-04 03:00:00,0.09 A
2024-01-04 03:00:00,0.09 A
2024-01-04 03:00:00,0.09 A
2024-01-04 03:00:00,0.09 A
2024-01-04 03:00:00,0.09 A
2024-01-04 03:00:00,0.09 A
2024-01-04 03:00:00,0.10 A
2024-01-04 03:00:00,0.10 A
2024-01-04 03:00:00,0.09 A
2024-01-04 03:00:00,0.09 A
2024-01-04 03:00:00,0.11 A
2024-01-04 03:00:00,0.10 A
2024-01-04 03:00:00,0.11 A
2024-01-04 03:00:00,0.09 A
2024-01-04 03:00:00,0.11 A
2024-01-04 03:00:00,0.09 A
2024-01-04 03:00:00,0.10 A
2024-01-04 03:00:00,0.11 A
2024-01-04 03:00:00,0.11 A
2024-01-04 03:00:00,0.11 A
2024-01-04 03:00:00,0.09 A
2024-01-04 03:00:00,0.10 A
2024-01-04 03:00:00,0.10 A
2024-01-04 03:00:00,0.09 A
2024-01-04 03:00:00,0.11 A
2024-01-04 03:00:00,0.10 A
2024-01-04 03:00:00,0.09 A
2024-01-04 03:00:00,0.09 A
2024-01-04 03:00:00,0.10 A
2024-01-04 03:00:00,0.10 A
2024-01-04 03:00:00,0.09 A
2024-01-04 03:00:00,0.09 A
2024-01-04 03:00:00,0.10 A
2024-01-04 03:00:00,0.11 A
2024-01-04 03:00:00,0.09 A
2024-01-04 03:00:00,0.10 A
2024-01-04 03:00:00,0.10 A
2024-01-04 03:00:00,0.11 A
2024-01-04 03:00:00,0.11 A
2024-01-04 03:00:00,0.11 A
2024-01-04 03:00:00,0.10 A
2024-01-04 03:00:00,0.11 A
2024-01-04 03:00:00,0.11 A
2024-01-04 03:00:00,0.11 A
2024-01-04 03:00:00,0.10 A
2024-01-04 03:00:00,0.09 A
2024-01-04 03:00:00,0.10 A
2024-01-04 03:00:00,0.10 A
2024-01-04 03:00:00,0.10 A
2024-01-04 03:00:00,0.09 A
2024-01-04 03:00:00,0.11 A
2024-01-04 03:00:00,0.09 A
2024-01-04 03:00:00,0.09 A
2024-01-11 03:00:00,0.10 A
2024-01-11 03:00:00,0.11 A
2024-01-11 03:00:00,0.11 A
2024-01-11 03:00:00,0.11 A
2024-01-11 03:00:00,0.11 A
2024-01-11 03:00:00,0.11 A
2024-01-11 03:00:00,0.11 A
2024-01-11 03:00:00,0.11 A
2024-01-11 03:00:00,0.09 A
2024-01-11 03:00:00,0.10 A
2024-01-11 03:00:00,0.09 A
2024-01-11 03:00:00,0.10 A
2024-01-11 03:00:00,0.09 A
2024-01-11 03:00:00,0.11 A
2024-01-11 03:00:00,0.10 A
2024-01-11 03:00:00,0.11 A
2024-01-11 03:00:00,0.11 A
2024-01-11 03:00:00,0.10 A
2024-01-11 03:00:00,0.11 A
2024-01-11 03:00:00,0.09 A
2024-01-11 03:00:00,0.09 A
2024-01-11 03:00:00,0.09 A
2024-01-11 03:00:00,0.10 A
2024-01-11 03:00:00,0.11 A
2024-01-11 03:00:00,0.11 A
2024-01-11 03:00:00,0.11 A
2024-01-11 03:00:00,0.10 A
2024-01-11 03:00:00,0.09 A
2024-01-11 03:00:00,0.09 A
2024-01-11 03:00:00,0.09 A
2024-01-11 03:00:00,0.10 A
2024-01-11 03:00:00,0.10 A
2024-01-11 03:00:00,0.10 A
2024-01-11 03:00:00,0.09 A
2024-01-11 03:00:00,0.11 A
2024-01-11 03:00:00,0.09 A
2024-01-11 03:00:00,0.09 A
2024-01-11 03:00:00,0.09 A
2024-01-11 03:00:00,0.09 A
2024-01-11 03:00:00,0.10 A
2024-01-11 03:00:00,0.11 A
2024-01-11 03:00:00,0.09 A
2024-01-11 03:00:00,0.11 A
2024-01-11 03:00:00,0.09 A
2024-01-11 03:00:00,0.09 A
2024-01-11 03:00:00,0.10 A
2024-01-11 03:00:00,0.10 A
2024-01-11 03:00:00,0.11 A
2024-01-11 03:00:00,0.11 A
2024-01-11 03:00:00,0.09 A
2024-01-11 03:00:00,0.09 A
2024-01-11 03:00:00,0.09 A
2024-01-11 03:00:00,0.10 A
2024-01-11 03:00:00,0.09 A
2024-01-11 03:00:00,0.09 A
2024-01-11 03:00:00,0.09 A
2024-01-11 03:00:00,0.10 A
2024-01-11 03:00:00,0.11 A
2024-01-11 03:00:00,0.11 A
2024-01-11 03:00:00,0.09 A
2024-01-11 03:00:00,0.09 A
2024-01-11 03:00:00,0.10 A
2024-01-18 03:00:00,0.10 A
2024-01-18 03:00:00,0.09 A
2024-01-18 03:00:00,0.09 A
2024-01-18 03:00:00,0.09 A
2024-01-18 03:00:00,0.11 A
2024-01-18 03:00:00,0.09 A
2024-01-18 03:00:00,0.10 A
2024-01-18 03:00:00,0.09 A
2024-01-18 03:00:00,0.09 A
2024-01-18 03:00:00,0.10 A
2024-01-18 03:00:00,0.10 A
2024-01-18 03:00:00,0.11 A
2024-01-18 03:00:00,0.11 A
2024-01-18 03:00:00,0.11 A
2024-01-18 03:00:00,0.10 A
2024-01-18 03:00:00,0.10 A
2024-01-18 03:00:00,0.09 A
2024-01-18 03:00:00,0.10 A
2024-01-18 03:00:00,0.09 A
2024-01-18 03:00:00,0.09 A
2024-01-18 03:00:00,0.09 A
2024-01-18 03:00:00,0.09 A
2024-01-18 03:00:00,0.11 A
2024-01-18 03:00:00,0.09 A
2024-01-18 03:00:00,0.11 A
2024-01-18 03:00:00,0.11 A
2024-01-18 03:00:00,0.09 A
2024-01-18 03:00:00,0.09 A
2024-01-18 03:00:00,0.09 A
2024-01-18 03:00:00,0.09 A
2024-01-18 03:00:00,0.10 A
2024-01-18 03:00:00,0.09 A
2024-01-18 03:00:00,0.09 A
2024-01-18 03:00:00,0.10 A
2024-01-18 03:00:00,0.11 A
2024-01-18 03:00:00,0.11 A
2024-01-18 03:00:00,0.09 A
2024-01-18 03:00:00,0.10 A
2024-01-18 03:00:00,0.09 A
2024-01-18 03:00:00,0.11 A
2024-01-18 03:00:00,0.11 A
2024-01-18 03:00:00,0.11 A
2024-01-18 03:00:00,0.11 A
2024-01-18 03:00:00,0.10 A
2024-01-18 03:00:00,0.11 A
2024-01-18 03:00:00,0.11 A
2024-01-18 03:00:00,0.10 A
2024-01-18 03:00:00,0.09 A
2024-01-18 03:00:00,0.10 A
2024-01-18 03:00:00,0.11 A
2024-01-18 03:00:00,0.11 A
2024-01-18 03:00:00,0.11 A
2024-01-18 03:00:00,0.09 A
2024-01-18 03:00:00,0.10 A
2024-01-18 03:00:00,0.09 A
2024-01-18 03:00:00,0.09 A
2024-01-18 03:00:00,0.09 A
2024-01-18 03:00:00,0.10 A
2024-01-18 03:00:00,0.10 A
2024-01-18 03:00:00,0.10 A
2024-01-18 03:00:00,0.09 A
2024-01-25 03:00:00,0.09 A
2024-01-25 03:00:00,0.09 A
2024-01-25 03:00:00,0.09 A
2024-01-25 03:00:00,0.10 A
2024-01-25 03:00:00,0.11 A
2024-01-25 03:00:00,0.11 A
2024-01-25 03:00:00,0.09 A
2024-01-25 03:00:00,0.09 A
2024-01-25 03:00:00,0.09 A
2024-01-25 03:00:00,0.09 A
2024-01-25 03:00:00,0.11 A
2024-01-25 03:00:00,0.11 A
2024-01-25 03:00:00,0.09 A
2024-01-25 03:00:00,0.09 A
2024-01-25 03:00:00,0.09 A
2024-01-25 03:00:00,0.09 A
2024-01-25 03:00:00,0.10 A
2024-01-25 03:00:00,0.11 A
2024-01-25 03:00:00,0.09 A
2024-01-25 03:00:00,0.09 A
2024-01-25 03:00:00,0.09 A
2024-01-25 03:00:00,0.11 A
2024-01-25 03:00:00,0.10 A
2024-01-25 03:00:00,0.11 A
2024-01-25 03:00:00,0.09 A
2024-01-25 03:00:00,0.10 A
2024-01-25 03:00:00,0.11 A
2024-01-25 03:00:00,0.09 A
2024-01-25 03:00:00,0.09 A
2024-01-25 03:00:00,0.11 A
2024-01-25 03:00:00,0.10 A
2024-01-25 03:00:00,0.09 A
2024-01-25 03:00:00,0.11 A
2024-01-25 03:00:00,0.09 A
2024-01-25 03:00:00,0.09 A
2024-01-25 03:00:00,0.09 A
2024-01-25 03:00:00,0.09 A
2024-01-25 03:00:00,0.11 A
2024-01-25 03:00:00,0.10 A
2024-01-25 03:00:00,0.11 A
2024-01-25 03:00:00,0.09 A
2024-01-25 03:00:00,0.09 A
2024-01-25 03:00:00,0.11 A
2024-01-25 03:00:00,0.10 A
2024-01-25 03:00:00,0.09 A
2024-01-25 03:00:00,0.10 A
2024-01-25 03:00:00,0.10 A
2024-01-25 03:00:00,0.09 A
2024-01-25 03:00:00,0.09 A
2024-01-25 03:00:00,0.11 A
2024-01-25 03:00:00,0.10 A
2024-01-25 03:00:00,0.11 A
2024-01-25 03:00:00,0.10 A
2024-01-25 03:00:00,0.09 A
2024-01-25 03:00:00,0.09 A
2024-01-25 03:00:00,0.09 A
2024-01-25 03:00:00,0.09 A
2024-01-25 03:00:00,0.10 A
2024-01-25 03:00:00,0.10 A
2024-01-25 03:00:00,0.11 A
2024-01-25 03:00:00,0.11 A
2024-01-25 03:00:00,0.10 A
2024-01-25 03:00:00,0.10 A
2024-01-25 03:00:00,0.10 A
2024-01-25 03:00:00,0.11 A
2024-01-25 03:00:00,0.10 A
2024-01-25 03:00:00,0.09 A
2024-02-01 03:00:00,0.10 A
2024-02-01 03:00:00,0.11 A
2024-02-01 03:00:00,0.11 A
2024-02-01 03:00:00,0.11 A
2024-02-01 03:00:00,0.11 A
2024-02-01 03:00:00,0.10 A
2024-02-01 03:00:00,0.11 A
2024-02-01 03:00:00,0.11 A
2024-02-01 03:00:00,0.11 A
2024-02-01 03:00:00,0.11 A
2024-02-01 03:00:00,0.11 A
2024-02-01 03:00:00,0.11 A
2024-02-01 03:00:00,0.11 A
2024-02-01 03:00:00,0.11 A
2024-02-01 03:00:00,0.11 A
2024-02-01 03:00:00,0.11 A
2024-02-01 03:00:00,0.09 A
2024-02-01 03:00:00,0.09 A
2024-02-01 03:00:00,0.11 A
2024-02-01 03:00:00,0.11 A
2024-02-01 03:00:00,0.10 A
2024-02-01 03:00:00,0.10 A
2024-02-01 03:00:00,0.11 A
2024-02-01 03:00:00,0.09 A
2024-02-01 03:00:00,0.10 A
2024-02-01 03:00:00,0.11 A
2024-02-01 03:00:00,0.11 A
2024-02-01 03:00:00,0.10 A
2024-02-01 03:00:00,0.10 A
2024-02-01 03:00:00,0.09 A
2024-02-01 03:00:00,0.09 A
2024-02-01 03:00:00,0.11 A
2024-02-01 03:00:00,0.10 A
2024-02-01 03:00:00,0.11 A
2024-02-01 03:00:00,0.10 A
2024-02-01 03:00:00,0.10 A
2024-02-01 03:00:00,0.10 A
2024-02-01 03:00:00,0.09 A
2024-02-01 03:00:00,0.09 A
2024-02-01 03:00:00,0.09 A
2024-02-01 03:00:00,0.10 A
2024-02-01 03:00:00,0.10 A
2024-02-01 03:00:00,0.09 A
2024-02-01 03:00:00,0.09 A
2024-02-01 03:00:00,0.09 A
2024-02-01 03:00:00,0.09 A
2024-02-01 03:00:00,0.11 A
2024-02-01 03:00:00,0.10 A
2024-02-01 03:00:00,0.11 A
2024-02-01 03:00:00,0.11 A

