"Time","X-axis"
2019-02-07 03:00:00,
2019-02-08 03:00:00,
2019-02-09 03:00:00,
2019-02-10 03:00:00,
2019-02-11 03:00:00,
2019-02-12 03:00:00,
2019-02-13 03:00:00,
2019-02-14 03:00:00,
2019-02-15 03:00:00,
2019-02-16 03:00:00,
2019-02-17 03:00:00,
2019-02-18 03:00:00,
2019-02-19 03:00:00,
2019-02-20 03:00:00,
2019-02-21 03:00:00,
2019-02-22 03:00:00,
2019-02-23 03:00:00,
2019-02-24 03:00:00,
2019-02-25 03:00:00,
2019-02-26 03:00:00,
2019-02-27 03:00:00,
2019-02-28 03:00:00,
2019-03-01 03:00:00,
2019-03-02 03:00:00,
2019-03-03 03:00:00,
2019-03-04 03:00:00,
2019-03-05 03:00:00,
2019-03-06 03:00:00,
2019-03-07 03:00:00,
2019-03-08 03:00:00,
2019-03-09 03:00:00,
2019-03-10 03:00:00,
2019-03-11 03:00:00,
2019-03-12 03:00:00,
2019-03-13 03:00:00,
2019-03-14 03:00:00,
2019-03-15 03:00:00,
2019-03-16 03:00:00,
2019-03-17 03:00:00,
2019-03-18 03:00:00,
2019-03-19 03:00:00,
2019-03-20 03:00:00,
2019-03-21 03:00:00,
2019-03-22 03:00:00,
2019-03-23 03:00:00,
2019-03-24 03:00:00,
2019-03-25 03:00:00,
2019-03-26 03:00:00,
2019-03-27 03:00:00,
2019-03-28 03:00:00,
2019-03-29 03:00:00,
2019-03-30 03:00:00,
2019-03-31 03:00:00,
2019-04-01 03:00:00,
2019-04-02 03:00:00,
2019-04-03 03:00:00,
2019-04-04 03:00:00,
2019-04-05 03:00:00,
2019-04-06 03:00:00,
2019-04-07 03:00:00,
2019-04-08 03:00:00,
2019-04-09 03:00:00,
2019-04-10 03:00:00,
2019-04-11 03:00:00,
2019-04-12 03:00:00,
2019-04-13 03:00:00,
2019-04-14 03:00:00,
2019-04-15 03:00:00,
2019-04-16 03:00:00,
2019-04-17 03:00:00,
2019-04-18 03:00:00,
2019-04-19 03:00:00,
2019-04-20 03:00:00,
2019-04-21 03:00:00,
2019-04-22 03:00:00,
2019-04-23 03:00:00,
2019-04-24 03:00:00,
2019-04-25 03:00:00,
2019-04-26 03:00:00,
2019-04-27 03:00:00,
2019-04-28 03:00:00,
2019-04-29 03:00:00,
2019-04-30 03:00:00,
2019-05-01 03:00:00,
2019-05-02 03:00:00,
2019-05-03 03:00:00,
2019-05-04 03:00:00,
2019-05-05 03:00:00,
2019-05-06 03:00:00,
2019-05-07 03:00:00,
2019-05-08 03:00:00,
2019-05-09 03:00:00,
2019-05-10 03:00:00,
2019-05-11 03:00:00,
2019-05-12 03:00:00,
2019-05-13 03:00:00,
2019-05-14 03:00:00,
2019-05-15 03:00:00,
2019-05-16 03:00:00,
2019-05-17 03:00:00,
2019-05-18 03:00:00,
2019-05-19 03:00:00,
2019-05-20 03:00:00,
2019-05-21 03:00:00,
2019-05-22 03:00:00,
2019-05-23 03:00:00,
2019-05-24 03:00:00,
2019-05-25 03:00:00,
2019-05-26 03:00:00,
2019-05-27 03:00:00,
2019-05-28 03:00:00,
2019-05-29 03:00:00,
2019-05-30 03:00:00,
2019-05-31 03:00:00,
2019-06-01 03:00:00,
2019-06-02 03:00:00,
2019-06-03 03:00:00,
2019-06-04 03:00:00,
2019-06-05 03:00:00,
2019-06-06 03:00:00,
2019-06-07 03:00:00,
2019-06-08 03:00:00,
2019-06-09 03:00:00,
2019-06-10 03:00:00,
2019-06-11 03:00:00,
2019-06-12 03:00:00,
2019-06-13 03:00:00,
2019-06-14 03:00:00,
2019-06-15 03:00:00,
2019-06-16 03:00:00,
2019-06-17 03:00:00,
2019-06-18 03:00:00,
2019-06-19 03:00:00,
2019-06-20 03:00:00,
2019-06-21 03:00:00,
2019-06-22 03:00:00,
2019-06-23 03:00:00,
2019-06-24 03:00:00,
2019-06-25 03:00:00,
2019-06-26 03:00:00,
2019-06-27 03:00:00,
2019-06-28 03:00:00,
2019-06-29 03:00:00,
2019-06-30 03:00:00,
2019-07-01 03:00:00,
2019-07-02 03:00:00,
2019-07-03 03:00:00,
2019-07-04 03:00:00,
2019-07-05 03:00:00,
2019-07-06 03:00:00,
2019-07-07 03:00:00,
2019-07-08 03:00:00,
2019-07-09 03:00:00,
2019-07-10 03:00:00,
2019-07-11 03:00:00,
2019-07-12 03:00:00,
2019-07-13 03:00:00,
2019-07-14 03:00:00,
2019-07-15 03:00:00,
2019-07-16 03:00:00,
2019-07-17 03:00:00,
2019-07-18 03:00:00,
2019-07-19 03:00:00,
2019-07-20 03:00:00,
2019-07-21 03:00:00,
2019-07-22 03:00:00,
2019-07-23 03:00:00,
2019-07-24 03:00:00,
2019-07-25 03:00:00,
2019-07-26 03:00:00,
2019-07-27 03:00:00,
2019-07-28 03:00:00,
2019-07-29 03:00:00,
2019-07-30 03:00:00,
2019-07-31 03:00:00,
2019-08-01 03:00:00,
2019-08-02 03:00:00,
2019-08-03 03:00:00,
2019-08-04 03:00:00,
2019-08-05 03:00:00,
2019-08-06 03:00:00,
2019-08-07 03:00:00,
2019-08-08 03:00:00,
2019-08-09 03:00:00,
2019-08-10 03:00:00,
2019-08-11 03:00:00,
2019-08-12 03:00:00,
2019-08-13 03:00:00,
2019-08-14 03:00:00,
2019-08-15 03:00:00,
2019-08-16 03:00:00,
2019-08-17 03:00:00,
2019-08-18 03:00:00,
2019-08-19 03:00:00,
2019-08-20 03:00:00,
2019-08-21 03:00:00,
2019-08-22 03:00:00,
2019-08-23 03:00:00,
2019-08-24 03:00:00,
2019-08-25 03:00:00,
2019-08-26 03:00:00,
2019-08-27 03:00:00,
2019-08-28 03:00:00,
2019-08-29 03:00:00,
2019-08-30 03:00:00,
2019-08-31 03:00:00,
2019-09-01 03:00:00,
2019-09-02 03:00:00,
2019-09-03 03:00:00,
2019-09-04 03:00:00,
2019-09-05 03:00:00,
2019-09-06 03:00:00,
2019-09-07 03:00:00,
2019-09-08 03:00:00,
2019-09-09 03:00:00,
2019-09-10 03:00:00,
2019-09-11 03:00:00,
2019-09-12 03:00:00,
2019-09-13 03:00:00,
2019-09-14 03:00:00,
2019-09-15 03:00:00,
2019-09-16 03:00:00,
2019-09-17 03:00:00,
2019-09-18 03:00:00,
2019-09-19 03:00:00,
2019-09-20 03:00:00,
2019-09-21 03:00:00,
2019-09-22 03:00:00,
2019-09-23 03:00:00,
2019-09-24 03:00:00,
2019-09-25 03:00:00,
2019-09-26 03:00:00,
2019-09-27 03:00:00,
2019-09-28 03:00:00,
2019-09-29 03:00:00,
2019-09-30 03:00:00,
2019-10-01 03:00:00,
2019-10-02 03:00:00,
2019-10-03 03:00:00,
2019-10-04 03:00:00,
2019-10-05 03:00:00,
2019-10-06 03:00:00,
2019-10-07 03:00:00,
2019-10-08 03:00:00,
2019-10-09 03:00:00,
2019-10-10 03:00:00,
2019-10-11 03:00:00,
2019-10-12 03:00:00,
2019-10-13 03:00:00,
2019-10-14 03:00:00,
2019-10-15 03:00:00,
2019-10-16 03:00:00,
2019-10-17 03:00:00,
2019-10-18 03:00:00,
2019-10-19 03:00:00,
2019-10-20 03:00:00,
2019-10-21 03:00:00,
2019-10-22 03:00:00,
2019-10-23 03:00:00,
2019-10-24 03:00:00,
2019-10-25 03:00:00,
2019-10-26 03:00:00,
2019-10-27 03:00:00,
2019-10-28 03:00:00,
2019-10-29 03:00:00,
2019-10-30 03:00:00,
2019-10-31 03:00:00,
2019-11-01 03:00:00,
2019-11-02 03:00:00,
2019-11-03 03:00:00,
2019-11-04 03:00:00,
2019-11-05 03:00:00,
2019-11-06 03:00:00,
2019-11-07 03:00:00,
2019-11-08 03:00:00,
2019-11-09 03:00:00,
2019-11-10 03:00:00,
2019-11-11 03:00:00,
2019-11-12 03:00:00,
2019-11-13 03:00:00,
2019-11-14 03:00:00,
2019-11-15 03:00:00,
2019-11-16 03:00:00,
2019-11-17 03:00:00,
2019-11-18 03:00:00,
2019-11-19 03:00:00,
2019-11-20 03:00:00,
2019-11-21 03:00:00,
2019-11-22 03:00:00,
2019-11-23 03:00:00,
2019-11-24 03:00:00,
2019-11-25 03:00:00,
2019-11-26 03:00:00,
2019-11-27 03:00:00,
2019-11-28 03:00:00,
2019-11-29 03:00:00,
2019-11-30 03:00:00,
2019-12-01 03:00:00,
2019-12-02 03:00:00,
2019-12-03 03:00:00,
2019-12-04 03:00:00,
2019-12-05 03:00:00,
2019-12-06 03:00:00,
2019-12-07 03:00:00,
2019-12-08 03:00:00,
2019-12-09 03:00:00,
2019-12-10 03:00:00,
2019-12-11 03:00:00,
2019-12-12 03:00:00,
2019-12-13 03:00:00,
2019-12-14 03:00:00,
2019-12-15 03:00:00,
2019-12-16 03:00:00,
2019-12-17 03:00:00,
2019-12-18 03:00:00,
2019-12-19 03:00:00,
2019-12-20 03:00:00,
2019-12-21 03:00:00,
2019-12-22 03:00:00,
2019-12-23 03:00:00,
2019-12-24 03:00:00,
2019-12-25 03:00:00,
2019-12-26 03:00:00,
2019-12-27 03:00:00,
2019-12-28 03:00:00,
2019-12-29 03:00:00,
2019-12-30 03:00:00,
2019-12-31 03:00:00,
2020-01-01 03:00:00,
2020-01-02 03:00:00,
2020-01-03 03:00:00,
2020-01-04 03:00:00,
2020-01-05 03:00:00,
2020-01-06 03:00:00,
2020-01-07 03:00:00,
2020-01-08 03:00:00,
2020-01-09 03:00:00,
2020-01-10 03:00:00,
2020-01-11 03:00:00,
2020-01-12 03:00:00,
2020-01-13 03:00:00,
2020-01-14 03:00:00,
2020-01-15 03:00:00,
2020-01-16 03:00:00,
2020-01-17 03:00:00,
2020-01-18 03:00:00,
2020-01-19 03:00:00,
2020-01-20 03:00:00,
2020-01-21 03:00:00,
2020-01-22 03:00:00,
2020-01-23 03:00:00,
2020-01-24 03:00:00,
2020-01-25 03:00:00,
2020-01-26 03:00:00,
2020-01-27 03:00:00,
2020-01-28 03:00:00,
2020-01-29 03:00:00,
2020-01-30 03:00:00,
2020-01-31 03:00:00,
2020-02-01 03:00:00,
2020-02-02 03:00:00,
2020-02-03 03:00:00,
2020-02-04 03:00:00,
2020-02-05 03:00:00,
2020-02-06 03:00:00,
2020-02-07 03:00:00,
2020-02-08 03:00:00,
2020-02-09 03:00:00,
2020-02-10 03:00:00,
2020-02-11 03:00:00,
2020-02-12 03:00:00,
2020-02-13 03:00:00,
2020-02-14 03:00:00,
2020-02-15 03:00:00,
2020-02-16 03:00:00,
2020-02-17 03:00:00,
2020-02-18 03:00:00,
2020-02-19 03:00:00,
2020-02-20 03:00:00,
2020-02-21 03:00:00,
2020-02-22 03:00:00,
2020-02-23 03:00:00,
2020-02-24 03:00:00,
2020-02-25 03:00:00,
2020-02-26 03:00:00,
2020-02-27 03:00:00,
2020-02-28 03:00:00,
2020-02-29 03:00:00,
2020-03-01 03:00:00,
2020-03-02 03:00:00,
2020-03-03 03:00:00,
2020-03-04 03:00:00,
2020-03-05 03:00:00,
2020-03-06 03:00:00,
2020-03-07 03:00:00,
2020-03-08 03:00:00,
2020-03-09 03:00:00,
2020-03-10 03:00:00,
2020-03-11 03:00:00,
2020-03-12 03:00:00,
2020-03-13 03:00:00,
2020-03-14 03:00:00,
2020-03-15 03:00:00,
2020-03-16 03:00:00,
2020-03-17 03:00:00,
2020-03-18 03:00:00,
2020-03-19 03:00:00,
2020-03-20 03:00:00,
2020-03-21 03:00:00,
2020-03-22 03:00:00,
2020-03-23 03:00:00,
2020-03-24 03:00:00,
2020-03-25 03:00:00,
2020-03-26 03:00:00,
2020-03-27 03:00:00,
2020-03-28 03:00:00,
2020-03-29 03:00:00,
2020-03-30 03:00:00,
2020-03-31 03:00:00,
2020-04-01 03:00:00,
2020-04-02 03:00:00,
2020-04-03 03:00:00,
2020-04-04 03:00:00,
2020-04-05 03:00:00,
2020-04-06 03:00:00,
2020-04-07 03:00:00,
2020-04-08 03:00:00,
2020-04-09 03:00:00,
2020-04-10 03:00:00,
2020-04-11 03:00:00,
2020-04-12 03:00:00,
2020-04-13 03:00:00,
2020-04-14 03:00:00,
2020-04-15 03:00:00,
2020-04-16 03:00:00,
2020-04-17 03:00:00,
2020-04-18 03:00:00,
2020-04-19 03:00:00,
2020-04-20 03:00:00,
2020-04-21 03:00:00,
2020-04-22 03:00:00,
2020-04-23 03:00:00,
2020-04-24 03:00:00,
2020-04-25 03:00:00,
2020-04-26 03:00:00,
2020-04-27 03:00:00,
2020-04-28 03:00:00,
2020-04-29 03:00:00,
2020-04-30 03:00:00,
2020-05-01 03:00:00,
2020-05-02 03:00:00,
2020-05-03 03:00:00,
2020-05-04 03:00:00,
2020-05-05 03:00:00,
2020-05-06 03:00:00,
2020-05-07 03:00:00,
2020-05-08 03:00:00,
2020-05-09 03:00:00,
2020-05-10 03:00:00,
2020-05-11 03:00:00,
2020-05-12 03:00:00,
2020-05-13 03:00:00,
2020-05-14 03:00:00,
2020-05-15 03:00:00,
2020-05-16 03:00:00,
2020-05-17 03:00:00,
2020-05-18 03:00:00,
2020-05-19 03:00:00,
2020-05-20 03:00:00,
2020-05-21 03:00:00,
2020-05-22 03:00:00,
2020-05-23 03:00:00,
2020-05-24 03:00:00,
2020-05-25 03:00:00,
2020-05-26 03:00:00,
2020-05-27 03:00:00,
2020-05-28 03:00:00,
2020-05-29 03:00:00,
2020-05-30 03:00:00,
2020-05-31 03:00:00,
2020-06-01 03:00:00,
2020-06-02 03:00:00,
2020-06-03 03:00:00,
2020-06-04 03:00:00,
2020-06-05 03:00:00,
2020-06-06 03:00:00,
2020-06-07 03:00:00,
2020-06-08 03:00:00,
2020-06-09 03:00:00,
2020-06-10 03:00:00,
2020-06-11 03:00:00,
2020-06-12 03:00:00,
2020-06-13 03:00:00,
2020-06-14 03:00:00,
2020-06-15 03:00:00,
2020-06-16 03:00:00,
2020-06-17 03:00:00,
2020-06-18 03:00:00,
2020-06-19 03:00:00,
2020-06-20 03:00:00,
2020-06-21 03:00:00,
2020-06-22 03:00:00,
2020-06-23 03:00:00,
2020-06-24 03:00:00,
2020-06-25 03:00:00,
2020-06-26 03:00:00,
2020-06-27 03:00:00,
2020-06-28 03:00:00,
2020-06-29 03:00:00,
2020-06-30 03:00:00,
2020-07-01 03:00:00,
2020-07-02 03:00:00,
2020-07-03 03:00:00,
2020-07-04 03:00:00,
2020-07-05 03:00:00,
2020-07-06 03:00:00,
2020-07-07 03:00:00,
2020-07-08 03:00:00,
2020-07-09 03:00:00,
2020-07-10 03:00:00,
2020-07-11 03:00:00,
2020-07-12 03:00:00,
2020-07-13 03:00:00,
2020-07-14 03:00:00,
2020-07-15 03:00:00,
2020-07-16 03:00:00,
2020-07-17 03:00:00,
2020-07-18 03:00:00,
2020-07-19 03:00:00,
2020-07-20 03:00:00,
2020-07-21 03:00:00,
2020-07-22 03:00:00,
2020-07-23 03:00:00,
2020-07-24 03:00:00,
2020-07-25 03:00:00,
2020-07-26 03:00:00,
2020-07-27 03:00:00,
2020-07-28 03:00:00,
2020-07-29 03:00:00,
2020-07-30 03:00:00,
2020-07-31 03:00:00,
2020-08-01 03:00:00,
2020-08-02 03:00:00,
2020-08-03 03:00:00,
2020-08-04 03:00:00,
2020-08-05 03:00:00,
2020-08-06 03:00:00,
2020-08-07 03:00:00,
2020-08-08 03:00:00,
2020-08-09 03:00:00,
2020-08-10 03:00:00,
2020-08-11 03:00:00,
2020-08-12 03:00:00,
2020-08-13 03:00:00,
2020-08-14 03:00:00,
2020-08-15 03:00:00,
2020-08-16 03:00:00,
2020-08-17 03:00:00,
2020-08-18 03:00:00,
2020-08-19 03:00:00,
2020-08-20 03:00:00,
2020-08-21 03:00:00,
2020-08-22 03:00:00,
2020-08-23 03:00:00,
2020-08-24 03:00:00,
2020-08-25 03:00:00,
2020-08-26 03:00:00,
2020-08-27 03:00:00,
2020-08-28 03:00:00,
2020-08-29 03:00:00,
2020-08-30 03:00:00,
2020-08-31 03:00:00,
2020-09-01 03:00:00,
2020-09-02 03:00:00,
2020-09-03 03:00:00,
2020-09-04 03:00:00,
2020-09-05 03:00:00,
2020-09-06 03:00:00,
2020-09-07 03:00:00,
2020-09-08 03:00:00,
2020-09-09 03:00:00,
2020-09-10 03:00:00,
2020-09-11 03:00:00,
2020-09-12 03:00:00,
2020-09-13 03:00:00,
2020-09-14 03:00:00,
2020-09-15 03:00:00,
2020-09-16 03:00:00,
2020-09-17 03:00:00,
2020-09-18 03:00:00,
2020-09-19 03:00:00,
2020-09-20 03:00:00,
2020-09-21 03:00:00,
2020-09-22 03:00:00,
2020-09-23 03:00:00,
2020-09-24 03:00:00,
2020-09-25 03:00:00,
2020-09-26 03:00:00,
2020-09-27 03:00:00,
2020-09-28 03:00:00,
2020-09-29 03:00:00,
2020-09-30 03:00:00,
2020-10-01 03:00:00,
2020-10-02 03:00:00,
2020-10-03 03:00:00,
2020-10-04 03:00:00,
2020-10-05 03:00:00,
2020-10-06 03:00:00,
2020-10-07 03:00:00,
2020-10-08 03:00:00,
2020-10-09 03:00:00,
2020-10-10 03:00:00,
2020-10-11 03:00:00,
2020-10-12 03:00:00,
2020-10-13 03:00:00,
2020-10-14 03:00:00,
2020-10-15 03:00:00,
2020-10-16 03:00:00,
2020-10-17 03:00:00,
2020-10-18 03:00:00,
2020-10-19 03:00:00,
2020-10-20 03:00:00,
2020-10-21 03:00:00,
2020-10-22 03:00:00,
2020-10-23 03:00:00,
2020-10-24 03:00:00,
2020-10-25 03:00:00,
2020-10-26 03:00:00,
2020-10-27 03:00:00,
2020-10-28 03:00:00,
2020-10-29 03:00:00,
2020-10-30 03:00:00,
2020-10-31 03:00:00,
2020-11-01 03:00:00,
2020-11-02 03:00:00,
2020-11-03 03:00:00,
2020-11-04 03:00:00,
2020-11-05 03:00:00,
2020-11-06 03:00:00,
2020-11-07 03:00:00,
2020-11-08 03:00:00,
2020-11-09 03:00:00,
2020-11-10 03:00:00,
2020-11-11 03:00:00,
2020-11-12 03:00:00,
2020-11-13 03:00:00,
2020-11-14 03:00:00,
2020-11-15 03:00:00,
2020-11-16 03:00:00,
2020-11-17 03:00:00,
2020-11-18 03:00:00,
2020-11-19 03:00:00,
2020-11-20 03:00:00,
2020-11-21 03:00:00,
2020-11-22 03:00:00,
2020-11-23 03:00:00,
2020-11-24 03:00:00,
2020-11-25 03:00:00,
2020-11-26 03:00:00,
2020-11-27 03:00:00,
2020-11-28 03:00:00,
2020-11-29 03:00:00,
2020-11-30 03:00:00,
2020-12-01 03:00:00,
2020-12-02 03:00:00,
2020-12-03 03:00:00,
2020-12-04 03:00:00,
2020-12-05 03:00:00,
2020-12-06 03:00:00,
2020-12-07 03:00:00,
2020-12-08 03:00:00,
2020-12-09 03:00:00,
2020-12-10 03:00:00,
2020-12-11 03:00:00,
2020-12-12 03:00:00,
2020-12-13 03:00:00,
2020-12-14 03:00:00,
2020-12-15 03:00:00,
2020-12-16 03:00:00,
2020-12-17 03:00:00,
2020-12-18 03:00:00,
2020-12-19 03:00:00,
2020-12-20 03:00:00,
2020-12-21 03:00:00,
2020-12-22 03:00:00,
2020-12-23 03:00:00,
2020-12-24 03:00:00,
2020-12-25 03:00:00,
2020-12-26 03:00:00,
2020-12-27 03:00:00,
2020-12-28 03:00:00,
2020-12-29 03:00:00,
2020-12-30 03:00:00,
2020-12-31 03:00:00,
2021-01-01 03:00:00,
2021-01-02 03:00:00,
2021-01-03 03:00:00,
2021-01-04 03:00:00,
2021-01-05 03:00:00,
2021-01-06 03:00:00,
2021-01-07 03:00:00,
2021-01-08 03:00:00,
2021-01-09 03:00:00,
2021-01-10 03:00:00,
2021-01-11 03:00:00,
2021-01-12 03:00:00,
2021-01-13 03:00:00,
2021-01-14 03:00:00,
2021-01-15 03:00:00,
2021-01-16 03:00:00,
2021-01-17 03:00:00,
2021-01-18 03:00:00,
2021-01-19 03:00:00,
2021-01-20 03:00:00,
2021-01-21 03:00:00,
2021-01-22 03:00:00,
2021-01-23 03:00:00,
2021-01-24 03:00:00,
2021-01-25 03:00:00,
2021-01-26 03:00:00,
2021-01-27 03:00:00,
2021-01-28 03:00:00,
2021-01-29 03:00:00,
2021-01-30 03:00:00,
2021-01-31 03:00:00,
2021-02-01 03:00:00,
2021-02-02 03:00:00,
2021-02-03 03:00:00,
2021-02-04 03:00:00,
2021-02-05 03:00:00,
2021-02-06 03:00:00,
2021-02-07 03:00:00,
2021-02-08 03:00:00,
2021-02-09 03:00:00,
2021-02-10 03:00:00,
2021-02-11 03:00:00,
2021-02-12 03:00:00,
2021-02-13 03:00:00,
2021-02-14 03:00:00,
2021-02-15 03:00:00,
2021-02-16 03:00:00,
2021-02-17 03:00:00,
2021-02-18 03:00:00,
2021-02-19 03:00:00,
2021-02-20 03:00:00,
2021-02-21 03:00:00,
2021-02-22 03:00:00,
2021-02-23 03:00:00,
2021-02-24 03:00:00,
2021-02-25 03:00:00,
2021-02-26 03:00:00,
2021-02-27 03:00:00,
2021-02-28 03:00:00,
2021-03-01 03:00:00,
2021-03-02 03:00:00,
2021-03-03 03:00:00,
2021-03-04 03:00:00,
2021-03-05 03:00:00,
2021-03-06 03:00:00,
2021-03-07 03:00:00,
2021-03-08 03:00:00,
2021-03-09 03:00:00,
2021-03-10 03:00:00,
2021-03-11 03:00:00,
2021-03-12 03:00:00,
2021-03-13 03:00:00,
2021-03-14 03:00:00,
2021-03-15 03:00:00,
2021-03-16 03:00:00,
2021-03-17 03:00:00,
2021-03-18 03:00:00,
2021-03-19 03:00:00,
2021-03-20 03:00:00,
2021-03-21 03:00:00,
2021-03-22 03:00:00,
2021-03-23 03:00:00,
2021-03-24 03:00:00,
2021-03-25 03:00:00,
2021-03-26 03:00:00,
2021-03-27 03:00:00,
2021-03-28 03:00:00,
2021-03-29 03:00:00,
2021-03-30 03:00:00,
2021-03-31 03:00:00,
2021-04-01 03:00:00,
2021-04-02 03:00:00,
2021-04-03 03:00:00,
2021-04-04 03:00:00,
2021-04-05 03:00:00,
2021-04-06 03:00:00,
2021-04-07 03:00:00,
2021-04-08 03:00:00,
2021-04-09 03:00:00,
2021-04-10 03:00:00,
2021-04-11 03:00:00,
2021-04-12 03:00:00,
2021-04-13 03:00:00,
2021-04-14 03:00:00,
2021-04-15 03:00:00,
2021-04-16 03:00:00,
2021-04-17 03:00:00,
2021-04-18 03:00:00,
2021-04-19 03:00:00,
2021-04-20 03:00:00,
2021-04-21 03:00:00,
2021-04-22 03:00:00,
2021-04-23 03:00:00,
2021-04-24 03:00:00,
2021-04-25 03:00:00,
2021-04-26 03:00:00,
2021-04-27 03:00:00,
2021-04-28 03:00:00,
2021-04-29 03:00:00,
2021-04-30 03:00:00,
2021-05-01 03:00:00,
2021-05-02 03:00:00,
2021-05-03 03:00:00,
2021-05-04 03:00:00,
2021-05-05 03:00:00,
2021-05-06 03:00:00,
2021-05-07 03:00:00,
2021-05-08 03:00:00,
2021-05-09 03:00:00,
2021-05-10 03:00:00,
2021-05-11 03:00:00,
2021-05-12 03:00:00,
2021-05-13 03:00:00,
2021-05-14 03:00:00,
2021-05-15 03:00:00,
2021-05-16 03:00:00,
2021-05-17 03:00:00,
2021-05-18 03:00:00,
2021-05-19 03:00:00,
2021-05-20 03:00:00,
2021-05-21 03:00:00,
2021-05-22 03:00:00,
2021-05-23 03:00:00,
2021-05-24 03:00:00,
2021-05-25 03:00:00,
2021-05-26 03:00:00,
2021-05-27 03:00:00,
2021-05-28 03:00:00,
2021-05-29 03:00:00,
2021-05-30 03:00:00,
2021-05-31 03:00:00,
2021-06-01 03:00:00,
2021-06-02 03:00:00,
2021-06-03 03:00:00,
2021-06-04 03:00:00,
2021-06-05 03:00:00,
2021-06-06 03:00:00,
2021-06-07 03:00:00,
2021-06-08 03:00:00,
2021-06-09 03:00:00,
2021-06-10 03:00:00,
2021-06-11 03:00:00,
2021-06-12 03:00:00,
2021-06-13 03:00:00,
2021-06-14 03:00:00,-17873
2021-06-15 03:00:00,30098
2021-06-16 03:00:00,-2993
2021-06-17 03:00:00,36353
2021-06-18 03:00:00,-19688
2021-06-19 03:00:00,16313
2021-06-20 03:00:00,11228
2021-06-21 03:00:00,36008
2021-06-22 03:00:00,-1508
2021-06-23 03:00:00,12878
2021-06-24 03:00:00,8858
2021-06-25 03:00:00,-7838
2021-06-26 03:00:00,-7088
2021-06-27 03:00:00,-24758
2021-06-28 03:00:00,-5828
2021-06-29 03:00:00,-26468
2021-06-30 03:00:00,-9578
2021-07-01 03:00:00,-16973
2021-07-02 03:00:00,-19118
2021-07-03 03:00:00,-3683
2021-07-04 03:00:00,-21038
2021-07-05 03:00:00,-24488
2021-07-06 03:00:00,-3173
2021-07-07 03:00:00,-14108
2021-07-08 03:00:00,-20828
2021-07-09 03:00:00,-17198
2021-07-10 03:00:00,-7778
2021-07-11 03:00:00,-22163
2021-07-12 03:00:00,-16433
2021-07-13 03:00:00,-12203
2021-07-14 03:00:00,-13658
2021-07-15 03:00:00,-21338
2021-07-16 03:00:00,-18848
2021-07-17 03:00:00,-6113
2021-07-18 03:00:00,-24503
2021-07-19 03:00:00,-13418
2021-07-20 03:00:00,-22778
2021-07-21 03:00:00,-14873
2021-07-22 03:00:00,-7418
2021-07-23 03:00:00,-23693
2021-07-24 03:00:00,-5933
2021-07-25 03:00:00,-4208
2021-07-26 03:00:00,-11978
2021-07-27 03:00:00,9098
2021-07-28 03:00:00,18608
2021-07-29 03:00:00,32753
2021-07-30 03:00:00,6383
2021-07-31 03:00:00,36713
2021-08-01 03:00:00,3293
2021-08-02 03:00:00,2498
2021-08-03 03:00:00,-23333
2021-08-04 03:00:00,-25673
2021-08-05 03:00:00,-11993
2021-08-06 03:00:00,-16628
2021-08-07 03:00:00,33533
2021-08-08 03:00:00,20663
2021-08-09 03:00:00,27308
2021-08-10 03:00:00,35588
2021-08-11 03:00:00,32528
2021-08-12 03:00:00,26453
2021-08-13 03:00:00,34433
2021-08-14 03:00:00,32903
2021-08-15 03:00:00,27368
2021-08-16 03:00:00,32828
2021-08-17 03:00:00,32348
2021-08-18 03:00:00,35603
2021-08-19 03:00:00,20393
2021-08-20 03:00:00,17213
2021-08-21 03:00:00,12308
2021-08-22 03:00:00,25523
2021-08-23 03:00:00,-12818
2021-08-24 03:00:00,10343
2021-08-25 03:00:00,1568
2021-08-26 03:00:00,5633
2021-08-27 03:00:00,-16073
2021-08-28 03:00:00,-1643
2021-08-29 03:00:00,16028
2021-08-30 03:00:00,4793
2021-08-31 03:00:00,27368
2021-09-01 03:00:00,19898
2021-09-02 03:00:00,25433
2021-09-03 03:00:00,33398
2021-09-04 03:00:00,13643
2021-09-05 03:00:00,31523
2021-09-06 03:00:00,-1913
2021-09-07 03:00:00,4523
2021-09-08 03:00:00,-5468
2021-09-09 03:00:00,6563
2021-09-10 03:00:00,-13613
2021-09-11 03:00:00,10568
2021-09-12 03:00:00,38843
2021-09-13 03:00:00,-4253
2021-09-14 03:00:00,-21923
2021-09-15 03:00:00,-16703
2021-09-16 03:00:00,-22058
2021-09-17 03:00:00,-23393
2021-09-18 03:00:00,16973
2021-09-19 03:00:00,-15023
2021-09-20 03:00:00,-608
2021-09-21 03:00:00,-27623
2021-09-22 03:00:00,-20498
2021-09-23 03:00:00,-25718
2021-09-24 03:00:00,-23588
2021-09-25 03:00:00,-24413
2021-09-26 03:00:00,-26318
2021-09-27 03:00:00,-13703
2021-09-28 03:00:00,-22268
2021-09-29 03:00:00,-27383
2021-09-30 03:00:00,-29573
2021-10-01 03:00:00,-29648
2021-10-02 03:00:00,-19313
2021-10-03 03:00:00,-17753
2021-10-04 03:00:00,-24818
2021-10-05 03:00:00,-26348
2021-10-06 03:00:00,-24923
2021-10-07 03:00:00,-25523
2021-10-08 03:00:00,-18998
2021-10-09 03:00:00,-13298
2021-10-10 03:00:00,-8813
2021-10-11 03:00:00,-10928
2021-10-12 03:00:00,34958
2021-10-13 03:00:00,24923
2021-10-14 03:00:00,32153
2021-10-15 03:00:00,25178
2021-10-16 03:00:00,27383
2021-10-17 03:00:00,2753
2021-10-18 03:00:00,34988
2021-10-19 03:00:00,27488
2021-10-20 03:00:00,9698
2021-10-21 03:00:00,28268
2021-10-22 03:00:00,32243
2021-10-23 03:00:00,3353
2021-10-24 03:00:00,-12893
2021-10-25 03:00:00,21728
2021-10-26 03:00:00,23903
2021-10-27 03:00:00,-20528
2021-10-28 03:00:00,11618
2021-10-29 03:00:00,-398
2021-10-30 03:00:00,13178
2021-10-31 03:00:00,19523
2021-11-01 03:00:00,-6668
2021-11-02 03:00:00,34298
2021-11-03 03:00:00,-9863
2021-11-04 03:00:00,173
2021-11-05 03:00:00,24623
2021-11-06 03:00:00,-10148
2021-11-07 03:00:00,33518
2021-11-08 03:00:00,34493
2021-11-09 03:00:00,27458
2021-11-10 03:00:00,25658
2021-11-11 03:00:00,34778
2021-11-12 03:00:00,26978
2021-11-13 03:00:00,32123
2021-11-14 03:00:00,34943
2021-11-15 03:00:00,32708
2021-11-16 03:00:00,19478
2021-11-17 03:00:00,34193
2021-11-18 03:00:00,29948
2021-11-19 03:00:00,15728
2021-11-20 03:00:00,27308
2021-11-21 03:00:00,24623
2021-11-22 03:00:00,9803
2021-11-23 03:00:00,25568
2021-11-24 03:00:00,9983
2021-11-25 03:00:00,-15038
2021-11-26 03:00:00,-26018
2021-11-27 03:00:00,-11093
2021-11-28 03:00:00,1403
2021-11-29 03:00:00,-20528
2021-11-30 03:00:00,-5453
2021-12-01 03:00:00,1598
2021-12-02 03:00:00,9158
2021-12-03 03:00:00,8543
2021-12-04 03:00:00,-22103
2021-12-05 03:00:00,3608
2021-12-06 03:00:00,3503
2021-12-07 03:00:00,-7688
2021-12-08 03:00:00,-18623
2021-12-09 03:00:00,-533
2021-12-10 03:00:00,-18563
2021-12-11 03:00:00,-9938
2021-12-12 03:00:00,30623
2021-12-13 03:00:00,34088
2021-12-14 03:00:00,21443
2021-12-15 03:00:00,13103
2021-12-16 03:00:00,-12653
2021-12-17 03:00:00,-4043
2021-12-18 03:00:00,6203
2021-12-19 03:00:00,28658
2021-12-20 03:00:00,4418
2021-12-21 03:00:00,13673
2021-12-22 03:00:00,-23888
2021-12-23 03:00:00,4553
2021-12-24 03:00:00,12998
2021-12-25 03:00:00,13478
2021-12-26 03:00:00,-16313
2021-12-27 03:00:00,-19448
2021-12-28 03:00:00,13613
2021-12-29 03:00:00,27593
2021-12-30 03:00:00,-17783
2021-12-31 03:00:00,2693
2022-01-01 03:00:00,-6458
2022-01-02 03:00:00,-3308
2022-01-03 03:00:00,-18773
2022-01-04 03:00:00,13808
2022-01-05 03:00:00,29813
2022-01-06 03:00:00,-23288
2022-01-07 03:00:00,19283
2022-01-08 03:00:00,-2813
2022-01-09 03:00:00,-18593
2022-01-10 03:00:00,16838
2022-01-11 03:00:00,20843
2022-01-12 03:00:00,17603
2022-01-13 03:00:00,12503
2022-01-14 03:00:00,37778
2022-01-15 03:00:00,9743
2022-01-16 03:00:00,21038
2022-01-17 03:00:00,27353
2022-01-18 03:00:00,2018
2022-01-19 03:00:00,40883
2022-01-20 03:00:00,248
2022-01-21 03:00:00,25658
2022-01-22 03:00:00,-2888
2022-01-23 03:00:00,-9938
2022-01-24 03:00:00,16703
2022-01-25 03:00:00,-28673
2022-01-26 03:00:00,5258
2022-01-27 03:00:00,17033
2022-01-28 03:00:00,863
2022-01-29 03:00:00,-14438
2022-01-30 03:00:00,3593
2022-01-31 03:00:00,-12158
2022-02-01 03:00:00,-158
2022-02-02 03:00:00,3728
2022-02-03 03:00:00,-10568
2022-02-04 03:00:00,-16403
2022-02-05 03:00:00,-24758
2022-02-06 03:00:00,-21488
2022-02-07 03:00:00,-3623
2022-02-08 03:00:00,-18593
2022-02-09 03:00:00,-12293
2022-02-10 03:00:00,-7733
2022-02-11 03:00:00,-15398
2022-02-12 03:00:00,-16223
2022-02-13 03:00:00,-20423
2022-02-14 03:00:00,-27143
2022-02-15 03:00:00,-19733
2022-02-16 03:00:00,-24638
2022-02-17 03:00:00,-28088
2022-02-18 03:00:00,-22943
2022-02-19 03:00:00,12878
2022-02-20 03:00:00,-27683
2022-02-21 03:00:00,-19523
2022-02-22 03:00:00,20063
2022-02-23 03:00:00,-9803
2022-02-24 03:00:00,38453
2022-02-25 03:00:00,-25493
2022-02-26 03:00:00,-8633
2022-02-27 03:00:00,30698
2022-02-28 03:00:00,8603
2022-03-01 03:00:00,26933
2022-03-02 03:00:00,23978
2022-03-03 03:00:00,13748
2022-03-04 03:00:00,8258
2022-03-05 03:00:00,-20858
2022-03-06 03:00:00,8528
2022-03-07 03:00:00,-2063
2022-03-08 03:00:00,-22073
2022-03-09 03:00:00,-6443
2022-03-10 03:00:00,-7103
2022-03-11 03:00:00,3908
2022-03-12 03:00:00,-20603
2022-03-13 03:00:00,-2408
2022-03-14 03:00:00,-4763
2022-03-15 03:00:00,-1943
2022-03-16 03:00:00,37793
2022-03-17 03:00:00,-5723
2022-03-18 03:00:00,5348
2022-03-19 03:00:00,18968
2022-03-20 03:00:00,3863
2022-03-21 03:00:00,14723
2022-03-22 03:00:00,-19013
2022-03-23 03:00:00,18218
2022-03-24 03:00:00,-21323
2022-03-25 03:00:00,-8993
2022-03-26 03:00:00,-17633
2022-03-27 03:00:00,2618
2022-03-28 03:00:00,31883
2022-03-29 03:00:00,968
2022-03-30 03:00:00,-23198
2022-03-31 03:00:00,-9908
2022-04-01 03:00:00,-23723
2022-04-02 03:00:00,-25493
2022-04-03 03:00:00,-14153
2022-04-04 03:00:00,-21923
2022-04-05 03:00:00,-20288
2022-04-06 03:00:00,-18503
2022-04-07 03:00:00,593
2022-04-08 03:00:00,-26048
2022-04-09 03:00:00,-12998
2022-04-10 03:00:00,-14813
2022-04-11 03:00:00,-23243
2022-04-12 03:00:00,-21893
2022-04-13 03:00:00,-20288
2022-04-14 03:00:00,-11573
2022-04-15 03:00:00,-19553
2022-04-16 03:00:00,-17573
2022-04-17 03:00:00,-29678
2022-04-18 03:00:00,-18413
2022-04-19 03:00:00,-23738
2022-04-20 03:00:00,-5018
2022-04-21 03:00:00,-21653
2022-04-22 03:00:00,-22193
2022-04-23 03:00:00,-17768
2022-04-24 03:00:00,-25073
2022-04-25 03:00:00,128
2022-04-26 03:00:00,-13673
2022-04-27 03:00:00,-20693
2022-04-28 03:00:00,-5483
2022-04-29 03:00:00,-14963
2022-04-30 03:00:00,-17258
2022-05-01 03:00:00,9113
2022-05-02 03:00:00,-20528
2022-05-03 03:00:00,-11753
2022-05-04 03:00:00,14168
2022-05-05 03:00:00,26993
2022-05-06 03:00:00,-1118
2022-05-07 03:00:00,-12473
2022-05-08 03:00:00,15128
2022-05-09 03:00:00,26183
2022-05-10 03:00:00,18353
2022-05-11 03:00:00,23873
2022-05-12 03:00:00,20438
2022-05-13 03:00:00,-10478
2022-05-14 03:00:00,-18188
2022-05-15 03:00:00,29228
2022-05-16 03:00:00,11108
2022-05-17 03:00:00,11018
2022-05-18 03:00:00,20393
2022-05-19 03:00:00,788
2022-05-20 03:00:00,16193
2022-05-21 03:00:00,-23888
2022-05-22 03:00:00,-13583
2022-05-23 03:00:00,-11078
2022-05-24 03:00:00,1943
2022-05-25 03:00:00,8663
2022-05-26 03:00:00,-7148
2022-05-27 03:00:00,37568
2022-05-28 03:00:00,18773
2022-05-29 03:00:00,38378
2022-05-30 03:00:00,34943
2022-05-31 03:00:00,22403
2022-06-01 03:00:00,36098
2022-06-02 03:00:00,24008
2022-06-03 03:00:00,29558
2022-06-04 03:00:00,33608
2022-06-05 03:00:00,22223
2022-06-06 03:00:00,35513
2022-06-07 03:00:00,13088
2022-06-08 03:00:00,24518
2022-06-09 03:00:00,33998
2022-06-10 03:00:00,27728
2022-06-11 03:00:00,21413
2022-06-12 03:00:00,36038
2022-06-13 03:00:00,24833
2022-06-14 03:00:00,10883
2022-06-15 03:00:00,21188
2022-06-16 03:00:00,37013
2022-06-17 03:00:00,17183
2022-06-18 03:00:00,13943
2022-06-19 03:00:00,21698
2022-06-20 03:00:00,32498
2022-06-21 03:00:00,7328
2022-06-22 03:00:00,-3803
2022-06-23 03:00:00,-19493
2022-06-24 03:00:00,36158
2022-06-25 03:00:00,25853
2022-06-26 03:00:00,25553
2022-06-27 03:00:00,28928
2022-06-28 03:00:00,22568
2022-06-29 03:00:00,20408
2022-06-30 03:00:00,21668
2022-07-01 03:00:00,30773
2022-07-02 03:00:00,16868
2022-07-03 03:00:00,38318
2022-07-04 03:00:00,27758
2022-07-05 03:00:00,24113
2022-07-06 03:00:00,33983
2022-07-07 03:00:00,28523
2022-07-08 03:00:00,31643
2022-07-09 03:00:00,28223
2022-07-10 03:00:00,32438
2022-07-11 03:00:00,26903
2022-07-12 03:00:00,27788
2022-07-13 03:00:00,38813
2022-07-14 03:00:00,32483
2022-07-15 03:00:00,39668
2022-07-16 03:00:00,22553
2022-07-17 03:00:00,19658
2022-07-18 03:00:00,15188
2022-07-19 03:00:00,40283
2022-07-20 03:00:00,32093
2022-07-21 03:00:00,40298
2022-07-22 03:00:00,30923
2022-07-23 03:00:00,15218
2022-07-24 03:00:00,24158
2022-07-25 03:00:00,34148
2022-07-26 03:00:00,-21458
2022-07-27 03:00:00,-10463
2022-07-28 03:00:00,-11063
2022-07-29 03:00:00,-25538
2022-07-30 03:00:00,-8378
2022-07-31 03:00:00,38963
2022-08-01 03:00:00,34913
2022-08-02 03:00:00,32993
2022-08-03 03:00:00,19133
2022-08-04 03:00:00,29453
2022-08-05 03:00:00,34388
2022-08-06 03:00:00,33113
2022-08-07 03:00:00,34058
2022-08-08 03:00:00,29723
2022-08-09 03:00:00,29258
2022-08-10 03:00:00,21278
2022-08-11 03:00:00,28448
2022-08-12 03:00:00,26243
2022-08-13 03:00:00,28763
2022-08-14 03:00:00,33593
2022-08-15 03:00:00,27998
2022-08-16 03:00:00,28553
2022-08-17 03:00:00,35633
2022-08-18 03:00:00,28358
2022-08-19 03:00:00,37208
2022-08-20 03:00:00,18368
2022-08-21 03:00:00,33473
2022-08-22 03:00:00,21563
2022-08-23 03:00:00,35513
2022-08-24 03:00:00,15893
2022-08-25 03:00:00,28238
2022-08-26 03:00:00,26498
2022-08-27 03:00:00,25328
2022-08-28 03:00:00,7673
2022-08-29 03:00:00,26888
2022-08-30 03:00:00,-38
2022-08-31 03:00:00,25823
2022-09-01 03:00:00,-12818
2022-09-02 03:00:00,-11723
2022-09-03 03:00:00,13433
2022-09-04 03:00:00,-263
2022-09-05 03:00:00,33953
2022-09-06 03:00:00,-16268
2022-09-07 03:00:00,16463
2022-09-08 03:00:00,3473
2022-09-09 03:00:00,33473
2022-09-10 03:00:00,33578
2022-09-11 03:00:00,16373
2022-09-12 03:00:00,38138
2022-09-13 03:00:00,29483
2022-09-14 03:00:00,32723
2022-09-15 03:00:00,35153
2022-09-16 03:00:00,29738
2022-09-17 03:00:00,31958
2022-09-18 03:00:00,38933
2022-09-19 03:00:00,14663
2022-09-20 03:00:00,42593
2022-09-21 03:00:00,3368
2022-09-22 03:00:00,-11108
2022-09-23 03:00:00,-7778
2022-09-24 03:00:00,6608
2022-09-25 03:00:00,-2243
2022-09-26 03:00:00,-21143
2022-09-27 03:00:00,13208
2022-09-28 03:00:00,-1118
2022-09-29 03:00:00,-18338
2022-09-30 03:00:00,6053
2022-10-01 03:00:00,-6473
2022-10-02 03:00:00,9188
2022-10-03 03:00:00,-17198
2022-10-04 03:00:00,25388
2022-10-05 03:00:00,-32813
2022-10-06 03:00:00,473
2022-10-07 03:00:00,23948
2022-10-08 03:00:00,17363
2022-10-09 03:00:00,-98
2022-10-10 03:00:00,-17588
2022-10-11 03:00:00,30218
2022-10-12 03:00:00,
2022-10-13 03:00:00,
2022-10-14 03:00:00,
2022-10-15 03:00:00,
2022-10-16 03:00:00,
2022-10-17 03:00:00,
2022-10-18 03:00:00,
2022-10-19 03:00:00,
2022-10-20 03:00:00,
2022-10-21 03:00:00,
2022-10-22 03:00:00,
2022-10-23 03:00:00,
2022-10-24 03:00:00,
2022-10-25 03:00:00,
2022-10-26 03:00:00,
2022-10-27 03:00:00,
2022-10-28 03:00:00,
2022-10-29 03:00:00,
2022-10-30 03:00:00,
2022-10-31 03:00:00,
2022-11-01 03:00:00,
2022-11-02 03:00:00,
2022-11-03 03:00:00,
2022-11-04 03:00:00,
2022-11-05 03:00:00,
2022-11-06 03:00:00,
2022-11-07 03:00:00,
2022-11-08 03:00:00,
2022-11-09 03:00:00,
2022-11-10 03:00:00,
2022-11-11 03:00:00,
2022-11-12 03:00:00,
2022-11-13 03:00:00,
2022-11-14 03:00:00,
2022-11-15 03:00:00,
2022-11-16 03:00:00,
2022-11-17 03:00:00,
2022-11-18 03:00:00,
2022-11-19 03:00:00,
2022-11-20 03:00:00,
2022-11-21 03:00:00,
2022-11-22 03:00:00,
2022-11-23 03:00:00,
2022-11-24 03:00:00,
2022-11-25 03:00:00,
2022-11-26 03:00:00,
2022-11-27 03:00:00,
2022-11-28 03:00:00,
2022-11-29 03:00:00,
2022-11-30 03:00:00,
2022-12-01 03:00:00,
2022-12-02 03:00:00,
2022-12-03 03:00:00,
2022-12-04 03:00:00,
2022-12-05 03:00:00,
2022-12-06 03:00:00,
2022-12-07 03:00:00,
2022-12-08 03:00:00,
2022-12-09 03:00:00,
2022-12-10 03:00:00,
2022-12-11 03:00:00,
2022-12-12 03:00:00,
2022-12-13 03:00:00,
2022-12-14 03:00:00,
2022-12-15 03:00:00,
2022-12-16 03:00:00,
2022-12-17 03:00:00,
2022-12-18 03:00:00,
2022-12-19 03:00:00,
2022-12-20 03:00:00,
2022-12-21 03:00:00,
2022-12-22 03:00:00,
2022-12-23 03:00:00,
2022-12-24 03:00:00,
2022-12-25 03:00:00,
2022-12-26 03:00:00,
2022-12-27 03:00:00,
2022-12-28 03:00:00,
2022-12-29 03:00:00,
2022-12-30 03:00:00,
2022-12-31 03:00:00,
2023-01-01 03:00:00,
2023-01-02 03:00:00,
2023-01-03 03:00:00,
2023-01-04 03:00:00,
2023-01-05 03:00:00,
2023-01-06 03:00:00,
2023-01-07 03:00:00,
2023-01-08 03:00:00,
2023-01-09 03:00:00,
2023-01-10 03:00:00,
2023-01-11 03:00:00,
2023-01-12 03:00:00,
2023-01-13 03:00:00,
2023-01-14 03:00:00,
2023-01-15 03:00:00,
2023-01-16 03:00:00,
2023-01-17 03:00:00,
2023-01-18 03:00:00,
2023-01-19 03:00:00,
2023-01-20 03:00:00,
2023-01-21 03:00:00,
2023-01-22 03:00:00,
2023-01-23 03:00:00,
2023-01-24 03:00:00,
2023-01-25 03:00:00,
2023-01-26 03:00:00,
2023-01-27 03:00:00,
2023-01-28 03:00:00,
2023-01-29 03:00:00,
2023-01-30 03:00:00,
2023-01-31 03:00:00,
2023-02-01 03:00:00,
2023-02-02 03:00:00,
2023-02-03 03:00:00,
2023-02-04 03:00:00,
2023-02-05 03:00:00,
2023-02-06 03:00:00,
2023-02-07 03:00:00,
2023-02-08 03:00:00,
2023-02-09 03:00:00,
2023-02-10 03:00:00,
2023-02-11 03:00:00,
2023-02-12 03:00:00,
2023-02-13 03:00:00,
2023-02-14 03:00:00,
2023-02-15 03:00:00,
2023-02-16 03:00:00,
2023-02-17 03:00:00,
2023-02-18 03:00:00,
2023-02-19 03:00:00,
2023-02-20 03:00:00,
2023-02-21 03:00:00,
2023-02-22 03:00:00,
2023-02-23 03:00:00,
2023-02-24 03:00:00,
2023-02-25 03:00:00,
2023-02-26 03:00:00,
2023-02-27 03:00:00,
2023-02-28 03:00:00,
2023-03-01 03:00:00,
2023-03-02 03:00:00,
2023-03-03 03:00:00,
2023-03-04 03:00:00,
2023-03-05 03:00:00,
2023-03-06 03:00:00,
2023-03-07 03:00:00,
2023-03-08 03:00:00,
2023-03-09 03:00:00,
2023-03-10 03:00:00,
2023-03-11 03:00:00,
2023-03-12 03:00:00,
2023-03-13 03:00:00,
2023-03-14 03:00:00,
2023-03-15 03:00:00,
2023-03-16 03:00:00,
2023-03-17 03:00:00,
2023-03-18 03:00:00,
2023-03-19 03:00:00,
2023-03-20 03:00:00,
2023-03-21 03:00:00,
2023-03-22 03:00:00,
2023-03-23 03:00:00,
2023-03-24 03:00:00,
2023-03-25 03:00:00,
2023-03-26 03:00:00,
2023-03-27 03:00:00,
2023-03-28 03:00:00,
2023-03-29 03:00:00,
2023-03-30 03:00:00,
2023-03-31 03:00:00,
2023-04-01 03:00:00,
2023-04-02 03:00:00,
2023-04-03 03:00:00,
2023-04-04 03:00:00,
2023-04-05 03:00:00,
2023-04-06 03:00:00,
2023-04-07 03:00:00,
2023-04-08 03:00:00,
2023-04-09 03:00:00,
2023-04-10 03:00:00,
2023-04-11 03:00:00,
2023-04-12 03:00:00,
2023-04-13 03:00:00,
2023-04-14 03:00:00,
2023-04-15 03:00:00,
2023-04-16 03:00:00,
2023-04-17 03:00:00,
2023-04-18 03:00:00,
2023-04-19 03:00:00,
2023-04-20 03:00:00,
2023-04-21 03:00:00,
2023-04-22 03:00:00,
2023-04-23 03:00:00,
2023-04-24 03:00:00,
2023-04-25 03:00:00,
2023-04-26 03:00:00,
2023-04-27 03:00:00,
2023-04-28 03:00:00,
2023-04-29 03:00:00,
2023-04-30 03:00:00,
2023-05-01 03:00:00,
2023-05-02 03:00:00,
2023-05-03 03:00:00,
2023-05-04 03:00:00,
2023-05-05 03:00:00,
2023-05-06 03:00:00,
2023-05-07 03:00:00,
2023-05-08 03:00:00,
2023-05-09 03:00:00,
2023-05-10 03:00:00,
2023-05-11 03:00:00,
2023-05-12 03:00:00,
2023-05-13 03:00:00,
2023-05-14 03:00:00,
2023-05-15 03:00:00,
2023-05-16 03:00:00,
2023-05-17 03:00:00,
2023-05-18 03:00:00,
2023-05-19 03:00:00,
2023-05-20 03:00:00,
2023-05-21 03:00:00,
2023-05-22 03:00:00,
2023-05-23 03:00:00,
2023-05-24 03:00:00,
2023-05-25 03:00:00,
2023-05-26 03:00:00,
2023-05-27 03:00:00,
2023-05-28 03:00:00,
2023-05-29 03:00:00,
2023-05-30 03:00:00,
2023-05-31 03:00:00,
2023-06-01 03:00:00,
2023-06-02 03:00:00,
2023-06-03 03:00:00,
2023-06-04 03:00:00,
2023-06-05 03:00:00,
2023-06-06 03:00:00,
2023-06-07 03:00:00,
2023-06-08 03:00:00,
2023-06-09 03:00:00,
2023-06-10 03:00:00,
2023-06-11 03:00:00,
2023-06-12 03:00:00,
2023-06-13 03:00:00,
2023-06-14 03:00:00,
2023-06-15 03:00:00,
2023-06-16 03:00:00,
2023-06-17 03:00:00,
2023-06-18 03:00:00,
2023-06-19 03:00:00,
2023-06-20 03:00:00,
2023-06-21 03:00:00,
2023-06-22 03:00:00,
2023-06-23 03:00:00,
2023-06-24 03:00:00,
2023-06-25 03:00:00,
2023-06-26 03:00:00,
2023-06-27 03:00:00,
2023-06-28 03:00:00,
2023-06-29 03:00:00,
2023-06-30 03:00:00,
2023-07-01 03:00:00,
2023-07-02 03:00:00,
2023-07-03 03:00:00,
2023-07-04 03:00:00,
2023-07-05 03:00:00,
2023-07-06 03:00:00,
2023-07-07 03:00:00,
2023-07-08 03:00:00,
2023-07-09 03:00:00,
2023-07-10 03:00:00,
2023-07-11 03:00:00,
2023-07-12 03:00:00,
2023-07-13 03:00:00,
2023-07-14 03:00:00,
2023-07-15 03:00:00,
2023-07-16 03:00:00,
2023-07-17 03:00:00,
2023-07-18 03:00:00,
2023-07-19 03:00:00,
2023-07-20 03:00:00,
2023-07-21 03:00:00,
2023-07-22 03:00:00,
2023-07-23 03:00:00,
2023-07-24 03:00:00,
2023-07-25 03:00:00,
2023-07-26 03:00:00,
2023-07-27 03:00:00,
2023-07-28 03:00:00,
2023-07-29 03:00:00,
2023-07-30 03:00:00,
2023-07-31 03:00:00,
2023-08-01 03:00:00,
2023-08-02 03:00:00,
2023-08-03 03:00:00,
2023-08-04 03:00:00,
2023-08-05 03:00:00,
2023-08-06 03:00:00,
2023-08-07 03:00:00,
2023-08-08 03:00:00,
2023-08-09 03:00:00,
2023-08-10 03:00:00,
2023-08-11 03:00:00,
2023-08-12 03:00:00,
2023-08-13 03:00:00,
2023-08-14 03:00:00,
2023-08-15 03:00:00,
2023-08-16 03:00:00,
2023-08-17 03:00:00,
2023-08-18 03:00:00,
2023-08-19 03:00:00,
2023-08-20 03:00:00,
2023-08-21 03:00:00,
2023-08-22 03:00:00,
2023-08-23 03:00:00,
2023-08-24 03:00:00,
2023-08-25 03:00:00,
2023-08-26 03:00:00,
2023-08-27 03:00:00,
2023-08-28 03:00:00,
2023-08-29 03:00:00,
2023-08-30 03:00:00,
2023-08-31 03:00:00,
2023-09-01 03:00:00,
2023-09-02 03:00:00,
2023-09-03 03:00:00,
2023-09-04 03:00:00,
2023-09-05 03:00:00,
2023-09-06 03:00:00,
2023-09-07 03:00:00,
2023-09-08 03:00:00,
2023-09-09 03:00:00,
2023-09-10 03:00:00,
2023-09-11 03:00:00,
2023-09-12 03:00:00,
2023-09-13 03:00:00,
2023-09-14 03:00:00,
2023-09-15 03:00:00,
2023-09-16 03:00:00,
2023-09-17 03:00:00,
2023-09-18 03:00:00,
2023-09-19 03:00:00,
2023-09-20 03:00:00,
2023-09-21 03:00:00,
2023-09-22 03:00:00,
2023-09-23 03:00:00,
2023-09-24 03:00:00,
2023-09-25 03:00:00,
2023-09-26 03:00:00,
2023-09-27 03:00:00,
2023-09-28 03:00:00,
2023-09-29 03:00:00,
2023-09-30 03:00:00,
2023-10-01 03:00:00,
2023-10-02 03:00:00,
2023-10-03 03:00:00,
2023-10-04 03:00:00,
2023-10-05 03:00:00,
2023-10-06 03:00:00,
2023-10-07 03:00:00,
2023-10-08 03:00:00,
2023-10-09 03:00:00,
2023-10-10 03:00:00,
2023-10-11 03:00:00,
2023-10-12 03:00:00,
2023-10-13 03:00:00,
2023-10-14 03:00:00,
2023-10-15 03:00:00,
2023-10-16 03:00:00,
2023-10-17 03:00:00,
2023-10-18 03:00:00,
2023-10-19 03:00:00,
2023-10-20 03:00:00,
2023-10-21 03:00:00,
2023-10-22 03:00:00,
2023-10-23 03:00:00,
2023-10-24 03:00:00,
2023-10-25 03:00:00,
2023-10-26 03:00:00,
2023-10-27 03:00:00,
2023-10-28 03:00:00,
2023-10-29 03:00:00,
2023-10-30 03:00:00,
2023-10-31 03:00:00,
2023-11-01 03:00:00,
2023-11-02 03:00:00,
2023-11-03 03:00:00,
2023-11-04 03:00:00,
2023-11-05 03:00:00,
2023-11-06 03:00:00,
2023-11-07 03:00:00,
2023-11-08 03:00:00,
2023-11-09 03:00:00,
2023-11-10 03:00:00,
2023-11-11 03:00:00,
2023-11-12 03:00:00,
2023-11-13 03:00:00,
2023-11-14 03:00:00,
2023-11-15 03:00:00,
2023-11-16 03:00:00,
2023-11-17 03:00:00,
2023-11-18 03:00:00,
2023-11-19 03:00:00,
2023-11-20 03:00:00,
2023-11-21 03:00:00,
2023-11-22 03:00:00,
2023-11-23 03:00:00,
2023-11-24 03:00:00,
2023-11-25 03:00:00,
2023-11-26 03:00:00,
2023-11-27 03:00:00,
2023-11-28 03:00:00,
2023-11-29 03:00:00,
2023-11-30 03:00:00,
2023-12-01 03:00:00,
2023-12-02 03:00:00,
2023-12-03 03:00:00,
2023-12-04 03:00:00,
2023-12-05 03:00:00,
2023-12-06 03:00:00,
2023-12-07 03:00:00,
2023-12-08 03:00:00,
2023-12-09 03:00:00,
2023-12-10 03:00:00,
2023-12-11 03:00:00,
2023-12-12 03:00:00,
2023-12-13 03:00:00,
2023-12-14 03:00:00,
2023-12-15 03:00:00,
2023-12-16 03:00:00,
2023-12-17 03:00:00,
2023-12-18 03:00:00,
2023-12-19 03:00:00,
2023-12-20 03:00:00,
2023-12-21 03:00:00,
2023-12-22 03:00:00,
2023-12-23 03:00:00,
2023-12-24 03:00:00,
2023-12-25 03:00:00,
2023-12-26 03:00:00,
2023-12-27 03:00:00,
2023-12-28 03:00:00,
2023-12-29 03:00:00,
2023-12-30 03:00:00,
2023-12-31 03:00:00,
2024-01-01 03:00:00,
2024-01-02 03:00:00,
2024-01-03 03:00:00,
2024-01-04 03:00:00,
2024-01-05 03:00:00,
2024-01-06 03:00:00,
2024-01-07 03:00:00,
2024-01-08 03:00:00,
2024-01-09 03:00:00,
2024-01-10 03:00:00,
2024-01-11 03:00:00,
2024-01-12 03:00:00,
2024-01-13 03:00:00,
2024-01-14 03:00:00,
2024-01-15 03:00:00,
2024-01-16 03:00:00,
2024-01-17 03:00:00,
2024-01-18 03:00:00,
2024-01-19 03:00:00,
2024-01-20 03:00:00,
2024-01-21 03:00:00,
2024-01-22 03:00:00,
2024-01-23 03:00:00,
2024-01-24 03:00:00,
2024-01-25 03:00:00,
2024-01-26 03:00:00,
2024-01-27 03:00:00,
2024-01-28 03:00:00,
2024-01-29 03:00:00,
2024-01-30 03:00:00,
2024-01-31 03:00:00,
2024-02-01 03:00:00,
2024-02-02 03:00:00,
2024-02-03 03:00:00,
2024-02-04 03:00:00,
2024-02-05 03:00:00,
2024-02-06 03:00:00,
2024-02-07 03:00:00,

