"Time","ATMEL Power Bus Current","3V Power Bus Current","3V PL Power Bus Current","5V PL Power Bus Current","Daughter A Power Bus Current","Daughter B Power Bus Current","Motor Power Bus Current"
2019-07-02 03:00:00,0.032,0.020,0.026,0.040,0,0,0.48
2019-07-03 03:00:00,0.030,0.020,0.025,0.035,0,0,0.37
2019-07-04 03:00:00,0.029,0.020,0.024,0.065,0,0,1.8
2019-07-05 03:00:00,0.027,0.020,0.025,0.046,0,0,0.66
2019-07-06 03:00:00,0.029,0.019,0.026,0.033,0,0,0
2019-07-07 03:00:00,0.029,0.020,0.025,0.032,0,0,0.40
2019-07-08 03:00:00,0.028,0.020,0.026,0.070,0.087,0,0.52
2019-07-09 03:00:00,0.032,0.020,0.026,0.19,0,0,1.0
2019-07-10 03:00:00,0.031,0.020,0.025,0.096,0,0,1.2
2019-07-11 03:00:00,0.031,0.020,0.025,0.075,0,0,0.96
2019-07-12 03:00:00,0.032,0.020,0.026,0.062,0.015,0,1.4
2019-07-13 03:00:00,0.033,0.020,0.026,0.32,0.070,0,1.5
2019-07-14 03:00:00,0.031,0.020,0.027,0.35,0.025,0,1.5
2019-07-15 03:00:00,0.036,0.020,0.026,0.36,0.0071,0,1.7
2019-07-16 03:00:00,0.038,0.020,0.026,0.31,0.0055,0,1.0
2019-07-17 03:00:00,0.038,0.020,0.025,0.29,0,0,1.0
2019-07-18 03:00:00,0.031,0.020,0.026,0.27,0,0,1.4
2019-07-19 03:00:00,0.031,0.020,0.026,0.27,0.13,0,1.7
2019-07-20 03:00:00,0.033,0.020,0.026,0.29,0.0065,0,1.1
2019-07-21 03:00:00,0.032,0.020,0.027,0.29,0.13,0,0.61
2019-07-22 03:00:00,0.034,0.020,0.026,0.30,0.014,0,0.92
2019-07-23 03:00:00,0.033,0.021,0.026,0.33,0,0,0.36
2019-07-24 03:00:00,0.035,0.021,0.026,0.51,0.024,0,0
2019-07-25 03:00:00,0.038,0.021,0.025,0.34,0,0,1.8
2019-07-26 03:00:00,0.037,0.020,0.026,0.48,0.012,0,0.058
2019-07-27 03:00:00,0.036,0.020,0.045,0.42,0.024,0,0.18
2019-07-28 03:00:00,0.038,0.020,0.027,0.52,0.16,0,0.19
2019-07-29 03:00:00,0.038,0.020,0.026,0.34,0,0,0.70
2019-07-30 03:00:00,0.046,0.020,0.026,0.42,0.054,0,0.53
2019-08-02 03:00:00,0.029,0.020,0.031,0.61,0,0,0
2019-08-03 03:00:00,0.036,0.021,0.027,0.66,0.031,0,0.53
2019-08-04 03:00:00,0.034,0.020,0.027,0.61,0.015,0,0.072
2019-08-05 03:00:00,0.036,0.020,0.026,0.52,0.082,0,0.64
2019-08-06 03:00:00,0.037,0.020,0.036,0.42,0,0,0.47
2019-08-08 03:00:00,0.034,0.021,0.029,0.64,0.0018,0,0.58
2019-08-09 03:00:00,0.041,0.021,0.027,0.64,0.0011,0,0.74
2019-08-10 03:00:00,0.034,0.019,0.032,0.62,0,0,0.57
2019-08-11 03:00:00,0.036,0.021,0.029,0.65,0.0049,0,0.66
2019-08-12 03:00:00,0.034,0.021,0.035,0.64,0,0,1.00
2019-08-13 03:00:00,0.045,0.021,0.026,0.63,0.00059,0,0.40
2019-08-14 03:00:00,0.041,0.020,0.025,0.56,0.0045,0,0.045
2019-08-15 03:00:00,0.037,0.021,0.026,0.47,0.014,0,1.3
2019-08-16 03:00:00,0.035,0.020,0.025,0.34,0,0,0.062
2019-08-17 03:00:00,0.038,0.021,0.026,0.58,0.0052,0,0.18
2019-08-18 03:00:00,0.031,0.016,0.020,0.46,0,0,0.40
2019-08-19 03:00:00,0.042,0.018,0.023,0.48,0,0,0.30
2019-08-20 03:00:00,0.041,0.020,0.025,0.55,0.10,0,0.33
2019-08-21 03:00:00,0.037,0.020,0.026,0.64,0.12,0,0.88
2019-08-22 03:00:00,0.040,0.021,0.026,0.64,0.014,0,1.1
2019-08-23 03:00:00,0.039,0.020,0.026,0.60,0,0,0
2019-08-24 03:00:00,0.035,0.021,0.025,0.50,0,0,0.20
2019-08-25 03:00:00,0.033,0.021,0.026,0.67,0.058,0,1.2
2019-08-26 03:00:00,0.040,0.021,0.026,0.60,0.18,0,0.83
2019-08-27 03:00:00,0.034,0.020,0.026,0.58,0.011,0,0
2019-08-28 03:00:00,0.037,0.020,0.028,0.56,0.018,0,0
2019-08-29 03:00:00,0.033,0.021,0.026,0.47,0.055,0,3.5
2019-08-30 03:00:00,0.035,0.021,0.025,0.65,0.086,0,0.53
2019-08-31 03:00:00,0.026,0.020,0.027,0.34,0.85,0,4.0
2019-09-01 03:00:00,0.037,0.021,0.026,0.55,0.18,0,1.1
2019-09-02 03:00:00,0.031,0.020,0.025,0.61,0.036,0,0.30
2019-09-03 03:00:00,0.036,0.021,0.026,0.60,0.036,0,0.28
2019-09-04 03:00:00,0.042,0.019,0.024,0.37,0,0,2.1
2019-09-05 03:00:00,0.037,0.021,0.026,0.39,0.22,0,2.7
2019-09-06 03:00:00,0.032,0.020,0.025,0.34,0.50,0,0
2019-09-07 03:00:00,0.034,0.020,0.027,0.59,0.084,0,0.23
2019-09-08 03:00:00,0.036,0.021,0.027,0.56,0.083,0,0.67
2019-09-09 03:00:00,0.038,0.020,0.026,0.58,0.21,0,1.0
2019-09-10 03:00:00,0.036,0.021,0.036,0.60,0.011,0,0
2019-09-11 03:00:00,0.037,0.021,0.037,0.62,0.055,0,0.30
2019-09-12 03:00:00,0.038,0.020,0.026,0.62,0.029,0,0.18
2019-09-13 03:00:00,0.040,0.021,0.026,0.49,0.14,0,3.3
2019-09-14 03:00:00,0.039,0.021,0.026,0.42,0.48,0,3.8
2019-09-16 03:00:00,0.038,0.021,0.027,0.46,0.27,0,2.8
2019-09-17 03:00:00,0.034,0.020,0.026,0.40,0.18,0,1.2
2019-09-19 03:00:00,0.029,0.014,0.021,0.33,0,0,2.7
2019-09-20 03:00:00,0.027,0.016,0.022,0.25,0,0,3.1
2019-09-22 03:00:00,0.035,0.031,0.025,0.25,0.060,0,0.21
2019-09-23 03:00:00,0.041,0.021,0.026,0.41,0.17,0,2.2
2019-09-24 03:00:00,0.038,0.020,0.025,0.54,0.046,0,0.35
2019-09-25 03:00:00,0.039,0.021,0.028,0.64,0.040,0,1.7
2019-09-26 03:00:00,0.036,0.021,0.025,0.63,0.0045,0,0.085
2019-09-27 03:00:00,0.039,0.020,0.025,0.56,0.017,0,0.12
2019-09-28 03:00:00,0.040,0.021,0.027,0.51,0.031,0,1.6
2019-09-29 03:00:00,0.036,0.021,0.026,0.44,0,0,1.7
2019-09-30 03:00:00,0.031,0.020,0.027,0.35,0,0,0
2019-10-01 03:00:00,0.038,0.021,0.025,0.35,0,0,3.0
2019-10-02 03:00:00,0.030,0.020,0.026,0.37,0.010,0,0.87
2019-10-03 03:00:00,0.042,0.020,0.026,0.41,0.022,0,1.9
2019-10-04 03:00:00,0.034,0.021,0.027,0.50,0.20,0,1.0
2019-10-06 03:00:00,0.051,0.021,0.029,0.65,0,0,1.5
2019-10-07 03:00:00,0.044,0.021,0.026,0.63,0.13,0,0.83
2019-10-08 03:00:00,0.041,0.020,0.026,0.48,0.18,0,0.86
2019-10-14 03:00:00,0.032,0.020,0.027,0.051,0,0,1.9
2019-10-15 03:00:00,0.033,0.020,0.027,0.14,0,0,1.2
2019-10-16 03:00:00,0.038,0.020,0.028,0.29,0.37,0,1.7
2019-10-18 03:00:00,0.035,0.022,0.025,0.18,0.0084,0,3.9
2019-10-19 03:00:00,0.040,0.022,0.027,0.083,0,0,3.8
2019-10-21 03:00:00,0.032,0.020,0.022,0.20,0,0,3.7
2019-10-22 03:00:00,0.035,0.020,0.026,0.057,0,0,0
2019-10-23 03:00:00,0.041,0.021,0.027,0.23,0,0,3.4
2019-10-24 03:00:00,0.032,0.020,0.026,0.52,0.072,0,3.5
2019-10-25 03:00:00,0.035,0.021,0.027,0.64,0.013,0,1.4
2019-10-26 03:00:00,0.037,0.021,0.026,0.47,0.0015,0,0.25
2019-10-27 03:00:00,0.032,0.021,0.026,0.45,0,0,3.0
2019-10-30 03:00:00,0.019,0.0091,0.015,0.097,0,0,1.7
2019-10-31 03:00:00,0.028,0.015,0.016,0.15,0,0,2.7
2019-11-01 03:00:00,0.036,0.020,0.025,0.59,0.089,0,0.48
2019-11-02 03:00:00,0.035,0.020,0.027,0.57,0,0,0.30
2019-11-03 03:00:00,0.024,0.014,0.018,0.33,0,0,2.5
2019-11-04 03:00:00,0.031,0.021,0.023,0.56,0,0,0.20
2019-11-05 03:00:00,0.034,0.020,0.026,0.59,0.061,0,0.28
2019-11-09 03:00:00,0.049,0.021,0.023,0.71,0,0,0
2019-11-10 03:00:00,0.036,0.021,0.029,0.66,0,0,1.4
2019-11-12 03:00:00,0.034,0.021,0.027,0.62,0.041,0,0.25
2019-11-13 03:00:00,0.035,0.020,0.028,0.55,0.045,0,0.96
2019-11-14 03:00:00,0.036,0.020,0.025,0.57,0.041,0,0.38
2019-11-15 03:00:00,0.032,0.020,0.030,0.38,0.19,0,1.3
2019-11-16 03:00:00,0.027,0.020,0.027,0.45,0.14,0,0.80
2019-11-17 03:00:00,0.033,0.020,0.026,0.38,0,0,0.40
2019-11-18 03:00:00,0.034,0.020,0.027,0.50,0.0095,0,0.49
2019-11-19 03:00:00,0.034,0.020,0.028,0.56,0.18,0,1.4
2019-11-20 03:00:00,0.043,0.020,0.025,0.61,0,0,0
2019-11-21 03:00:00,0.038,0.021,0.028,0.42,0,0,1.1
2019-11-22 03:00:00,0.040,0.019,0.023,0.34,0.85,0,4.0
2019-11-23 03:00:00,0.041,0.020,0.028,0.28,0,0,1.5
2019-11-24 03:00:00,0.032,0.019,0.026,0.023,0,0,0.31
2019-11-25 03:00:00,0.038,0.020,0.024,0.063,0,0,0.66
2019-11-26 03:00:00,0.038,0.020,0.028,0.15,0.62,0,1.3
2019-11-29 03:00:00,0.034,0.020,0.026,0.61,0.034,0,0
2019-11-30 03:00:00,0.032,0.020,0.027,0.63,0.027,0,0.56
2019-12-01 03:00:00,0.038,0.019,0.027,0.57,0.29,0,0
2019-12-02 03:00:00,0.034,0.020,0.024,0.56,0.013,0,0
2019-12-03 03:00:00,0.034,0.020,0.026,0.43,0,0,1.8
2019-12-18 03:00:00,0.035,0.020,0.026,0.46,0,0,0.82
2019-12-19 03:00:00,0.037,0.020,0.027,0.45,0.019,0,0.087
2019-12-20 03:00:00,0.034,0.021,0.026,0.53,0.076,0,1.3
2019-12-23 03:00:00,0.036,0.020,0.026,0.60,0.091,0,0.52
2019-12-24 03:00:00,0.031,0.016,0.020,0.30,0.18,0,1.7
2019-12-29 03:00:00,0.036,0.020,0.025,0.55,0,0,0.22
2019-12-30 03:00:00,0.035,0.020,0.027,0.51,0.13,0,1.3
2020-01-03 03:00:00,0.038,0.019,0.025,0.61,0,0,0
2020-01-04 03:00:00,0.035,0.028,0.026,0.28,0.018,0,0
2020-01-05 03:00:00,0.037,0.019,0.023,0.47,0,0,0
2020-01-06 03:00:00,0.035,0.020,0.027,0.59,0.015,0,0.47
2020-01-07 03:00:00,0.037,0.020,0.025,0.57,0.11,0,0
2020-01-08 03:00:00,0.034,0.020,0.041,0.61,0,0,0.17
2020-01-09 03:00:00,0.033,0.020,0.047,0.61,0,0,0.11
2020-01-11 03:00:00,0.039,0.020,0.023,0.39,0,0,0
2020-01-12 03:00:00,0.029,0.020,0.029,0.48,0,0,0
2020-01-13 03:00:00,0.033,0.020,0.024,0.55,0,0,0.14
2020-01-14 03:00:00,0.033,0.020,0.025,0.58,0,0,0
2020-01-15 03:00:00,0.039,0.035,0.025,0.58,0,0,0.60
2020-01-16 03:00:00,0.036,0.019,0.023,0.58,0,0,0.40
2020-01-21 03:00:00,0.034,0.020,0.024,0.61,0,0,0
2020-01-22 03:00:00,0.035,0.020,0.026,0.59,0,0,0.077
2020-01-24 03:00:00,0.042,0.020,0.023,0.61,0,0,0
2020-01-25 03:00:00,0.032,0.021,0.026,0.66,0,0,0.63
2020-01-26 03:00:00,0.033,0.020,0.025,0.59,0,0,0.25
2020-01-27 03:00:00,0.037,0.019,0.025,0.55,0,0,0
2020-01-28 03:00:00,0.034,0.020,0.025,0.53,0,0,0
2020-01-29 03:00:00,0.038,0.020,0.025,0.59,0,0,0.11
2020-01-30 03:00:00,0.029,0.017,0.022,0.45,0,0,0.36
2020-01-31 03:00:00,0.038,0.020,0.029,0.56,0,0,0.66
2020-02-01 03:00:00,0.029,0.019,0.026,0.59,0,0,0.40
2020-02-02 03:00:00,0.038,0.020,0.027,0.61,0,0,0
2020-02-04 03:00:00,0.037,0.021,0.026,0.61,0,0,0.56
2020-02-05 03:00:00,0.030,0.020,0.025,0.60,0,0,0.11
2020-02-06 03:00:00,0.030,0.021,0.026,0.77,0,0,1.3
2020-02-08 03:00:00,0.042,0.023,0.031,0.76,0,0,0
2020-02-13 03:00:00,0.035,0.020,0.023,0.61,0,0,0
2020-02-15 03:00:00,0.034,0.021,0.025,0.50,0,0,0.66
2020-02-16 03:00:00,0.036,0.020,0.025,0.44,0,0,0.54
2020-02-17 03:00:00,0.039,0.020,0.023,0.61,0,0,0
2020-02-24 03:00:00,0.028,0.022,0.023,0.57,0,0,0
2020-03-01 03:00:00,0.035,0.020,0.023,0.61,0,0,0
2020-03-08 03:00:00,0.026,0.021,0.023,0.68,0,0,0
2020-03-09 03:00:00,0.036,0.020,0.025,0.55,0,0,0
2020-03-10 03:00:00,0.035,0.020,0.026,0.57,0,0,0.34
2020-03-11 03:00:00,0.036,0.021,0.025,0.51,0.011,0,0
2020-03-12 03:00:00,0.034,0.020,0.026,0.43,0.15,0,0.78
2020-03-13 03:00:00,0.033,0.020,0.025,0.56,0,0,0
2020-03-14 03:00:00,0.033,0.020,0.026,0.34,0.094,0,0.087
2020-03-15 03:00:00,0.035,0.020,0.025,0.60,0.11,0,0
2020-03-16 03:00:00,0.033,0.016,0.022,0.41,0.19,0,0.93
2020-03-17 03:00:00,0.036,0.020,0.026,0.45,0.022,0,0
2020-03-18 03:00:00,0.038,0.020,0.025,0.36,0,0,0.24
2020-03-21 03:00:00,0.037,0.020,0.025,0.52,0.20,0,0.11
2020-03-25 03:00:00,0.041,0.020,0.026,0.53,0.23,0,0.22
2020-03-27 03:00:00,0.034,0.020,0.027,0.56,0.099,0,0.66
2020-03-30 03:00:00,0.030,0.019,0.025,0.023,0,0,1.1
2020-04-01 03:00:00,0.037,0.021,0.027,0.12,0,0,4.0
2020-04-24 03:00:00,0.035,0.023,0.023,0.023,0,0,0
2020-05-04 03:00:00,0.030,0.020,0.025,0.60,0.038,0,0.055
2020-05-05 03:00:00,0.035,0.020,0.025,0.60,0,0,0.051
2020-05-06 03:00:00,0.043,0.019,0.025,0.56,0,0,0
2020-05-07 03:00:00,0.038,0.020,0.025,0.60,0,0,0
2020-05-08 03:00:00,0.041,0.020,0.027,0.57,0,0,0
2020-05-10 03:00:00,0.035,0.020,0.024,0.60,0,0,0
2020-05-11 03:00:00,0.024,0.020,0.023,0.34,0,0,0
2020-05-12 03:00:00,0.033,0.020,0.027,0.37,0.0078,0,0.36
2020-09-26 03:00:00,0.030,0.019,0.026,0.61,0,0,0
2020-10-02 03:00:00,0.041,0.020,0.023,0.59,0,0,0
2020-10-03 03:00:00,0.032,0.020,0.026,0.56,0,0,0
2020-10-04 03:00:00,0.035,0.020,0.026,0.54,0.089,0,0
2020-11-26 03:00:00,0.036,0.020,0.027,0.60,0,0,0
2020-12-08 03:00:00,0.040,0.020,0.023,0.61,0,0,0
2020-12-13 03:00:00,0.039,0.021,0.027,0.42,0,0,0.80
2020-12-22 03:00:00,0.036,0.020,0.025,0.60,0,0,0.27
2020-12-31 03:00:00,0.033,0.019,0.027,0.61,0,0,0
2021-01-05 03:00:00,0.045,0.021,0.035,0.61,0,0,3.9
2021-01-08 03:00:00,0.034,0.095,0.023,0.49,0,0,0
2021-01-09 03:00:00,0.034,0.020,0.026,0.59,0,0,0
2021-02-04 03:00:00,0.039,0.019,0.028,0.61,0,0,0
2021-02-21 03:00:00,0.027,0.020,0.023,0.29,0,0,0
2021-03-01 03:00:00,0.041,0.020,0.023,0.61,0,0,0
2021-03-02 03:00:00,0.038,0.025,0.023,0.61,0,0,0
2021-03-06 03:00:00,0.031,0.021,0.027,0.46,0,0,0
2021-03-07 03:00:00,0.034,0.020,0.025,0.52,0,0,0.65
2021-03-10 03:00:00,0.039,0.020,0.027,0.48,0,0,0
2021-03-16 03:00:00,0.024,0.019,0.023,0.61,0,0,0
2021-03-17 03:00:00,0.040,0.022,0.025,0.59,0,0,0
2021-04-15 03:00:00,0.040,0.020,0.023,0.61,0,0,0
2021-04-20 03:00:00,0.035,0.020,0.023,0.34,0,0,3.9
2021-05-02 03:00:00,0.029,0.020,0.027,0.61,0,0,3.9
2021-05-04 03:00:00,0.024,0.019,0.039,0.29,0,0,0
2021-05-06 03:00:00,0.036,0.019,0.023,0.28,0,0,0
2021-05-26 03:00:00,0.025,0.019,0.023,0.023,0,0,4.0
2021-06-21 03:00:00,0.031,0.019,0.031,0.61,0,0,3.9
2021-06-23 03:00:00,0.033,0.020,0.025,0.51,0,0,0.70
2021-06-25 03:00:00,0.030,0.019,0.023,0.61,0,0,0
2021-06-27 03:00:00,0.039,0.020,0.025,0.61,0,0,0
2021-06-28 03:00:00,0.032,0.020,0.027,0.33,0,0,0.68
2021-06-29 03:00:00,0.036,0.020,0.026,0.59,0.024,0,0.10
2021-06-30 03:00:00,0.034,0.016,0.020,0.51,0,0,0
2021-07-02 03:00:00,0.032,0.019,0.039,0.023,0,0,0
2021-07-03 03:00:00,0.025,0.019,0.023,0.61,0,0,0
2021-07-04 03:00:00,0.035,0.020,0.023,0.35,0,0,0
2021-07-13 03:00:00,0.040,0.019,0.026,0.26,0,0,0.085
2021-07-18 03:00:00,0.028,0.021,0.049,0.48,0.21,0,1.3
2021-07-19 03:00:00,0.030,0.019,0.036,0.49,0.046,0,0
2021-07-25 03:00:00,0.042,0.020,0.023,0.61,0,0,0
2021-07-26 03:00:00,0.033,0.020,0.027,0.42,0,0,2.0
2021-08-01 03:00:00,0.031,0.019,0.031,0.50,0,0,0
2021-08-06 03:00:00,0.036,0.020,0.027,0.45,0.42,0,1.6
2021-08-07 03:00:00,0.033,0.022,0.028,0.69,0,0,3.1
2021-08-09 03:00:00,0.036,0.021,0.029,0.73,0,0,2.9
2021-08-13 03:00:00,0.034,0.020,0.031,0.61,0,0,0
2021-08-16 03:00:00,0.033,0.021,0.027,0.47,0,0,1.7
2021-08-24 03:00:00,0.035,0.020,0.024,0.57,0,0,0
2021-08-27 03:00:00,0.032,0.020,0.023,0.61,0,0,0
2021-08-28 03:00:00,0.042,0.020,0.025,0.60,0,0,0
2021-08-31 03:00:00,0.037,0.020,0.028,0.59,0,0,0
2021-09-02 03:00:00,0.035,0.020,0.027,0.59,0.023,0,0.68
2021-09-05 03:00:00,0.040,0.020,0.028,0.64,0.0075,0,2.8
2021-12-13 03:00:00,0.033,0.030,0.023,0.72,0,0,4.0
2021-12-15 03:00:00,0.039,0.020,0.031,0.61,0,0,0
2021-12-20 03:00:00,0.038,0.020,0.023,0.023,0,0,0
2021-12-22 03:00:00,0.033,0.019,0.024,0.50,0.0060,0,0
2021-12-23 03:00:00,0.035,0.020,0.027,0.62,0,0,0.75
2021-12-24 03:00:00,0.036,0.019,0.026,0.60,0,0,0
2021-12-25 03:00:00,0.036,0.019,0.026,0.58,0,0,0
2021-12-26 03:00:00,0.028,0.019,0.023,0.60,0,0,0
2021-12-27 03:00:00,0.033,0.020,0.024,0.61,0,0,0
2021-12-28 03:00:00,0.035,0.020,0.027,0.59,0,0,0.21
2021-12-29 03:00:00,0.034,0.020,0.025,0.60,0,0,0
2021-12-30 03:00:00,0.036,0.020,0.026,0.53,0.015,0,0.56
2021-12-31 03:00:00,0.033,0.020,0.026,0.54,0,0,0.28
2022-01-01 03:00:00,0.028,0.020,0.026,0.59,0,0,0
2022-01-02 03:00:00,0.034,0.019,0.023,0.023,0,0,0
2022-01-03 03:00:00,0.029,0.019,0.024,0.61,0,0,0
2022-01-04 03:00:00,0.040,0.020,0.027,0.58,0,0,0.35
2022-01-05 03:00:00,0.035,0.021,0.028,0.67,0,0,1.5
2022-01-06 03:00:00,0.040,0.020,0.026,0.46,0.044,0,0.38
2022-01-08 03:00:00,0.028,0.020,0.023,0.50,0.0078,0,0
2022-01-11 03:00:00,0.032,0.022,0.027,0.61,0,0,0
2022-01-13 03:00:00,0.037,0.020,0.026,0.59,0,0,0.15
2022-01-14 03:00:00,0.038,0.020,0.027,0.44,0,0,0
2022-01-23 03:00:00,0.032,0.019,0.025,0.58,0,0,0
2022-01-27 03:00:00,0.025,0.020,0.023,0.57,0,0,0
2022-01-31 03:00:00,0.038,0.019,0.023,0.60,0,0,0
2022-02-01 03:00:00,0.025,0.019,0.023,0.57,0,0,0
2022-02-11 03:00:00,0.047,0.020,0.027,0.57,0,0,0
2022-02-14 03:00:00,0.036,0.019,0.023,0.023,0,0,0
2022-02-19 03:00:00,0.042,0.020,0.023,0.61,0,0,0
2022-02-21 03:00:00,0.023,0.019,0.023,0.35,0,0,4.0
2022-03-15 03:00:00,0.027,0.020,0.023,0.67,0,0,0
2022-03-17 03:00:00,0.035,0.019,0.037,0.61,0,0,0.33
2022-03-23 03:00:00,0.033,0.019,0.031,0.35,0,0,0
2022-03-27 03:00:00,0.024,0.020,0.031,0.61,0,0,4.0
2022-04-14 03:00:00,0.053,0.020,0.031,0.61,0,0,0
2022-04-30 03:00:00,0.037,0.020,0.023,0.61,0,0,0
2022-05-04 03:00:00,0.036,0.020,0.026,0.65,0,0,0.68
2022-05-06 03:00:00,0.045,0.021,0.023,0.42,0,0,4.0
2022-05-11 03:00:00,0.021,0.019,0.023,0.61,0,0,0
2022-05-13 03:00:00,0.029,0.019,0.031,0.61,0,0,2.7
2022-05-17 03:00:00,0.024,0.020,0.031,0.69,0,0,4.0
2022-05-24 03:00:00,0.027,0.019,0.025,0.61,0,0,0
2022-05-25 03:00:00,0.052,0.019,0.023,0.61,0,0,0
2022-05-30 03:00:00,0.039,0.020,0.026,0.60,0,0,0
2022-06-11 03:00:00,0.040,0.020,0.023,0.45,0,0,0
2022-06-13 03:00:00,0.041,0.020,0.024,0.60,0,0,0
2022-06-16 03:00:00,0.025,0.021,0.031,0.68,0,0,3.9
2022-06-18 03:00:00,0.031,0.020,0.026,0.59,0,0,0.76
2022-06-22 03:00:00,0.035,0.020,0.026,0.60,0.13,0,0.57
2022-06-23 03:00:00,0.053,0.023,0.027,0.59,0,0,0
2022-06-25 03:00:00,0.034,0.019,0.025,0.58,0,0,0
2022-06-26 03:00:00,0.036,0.021,0.028,0.56,0,0,1.2
2022-06-27 03:00:00,0.040,0.020,0.027,0.41,0.72,0,0.80
2022-06-28 03:00:00,0.041,0.020,0.026,0.39,0.90,0,2.7
2022-06-29 03:00:00,0.033,0.021,0.028,0.48,0.35,0,2.5
2022-06-30 03:00:00,0.035,0.019,0.023,0.023,0,0,0
2022-07-01 03:00:00,0.032,0.021,0.030,0.65,0.54,0,2.4
2022-07-02 03:00:00,0.027,0.019,0.031,0.29,0,0,4.0
2022-07-04 03:00:00,0.033,0.020,0.027,0.16,0.89,0,0
2022-07-05 03:00:00,0.033,0.020,0.023,0.31,0.34,0,2.5
2022-07-06 03:00:00,0.036,0.019,0.031,0.61,0,0,0
2022-07-11 03:00:00,0.033,0.020,0.027,0.61,0.20,0,1.6
2022-07-12 03:00:00,0.029,0.020,0.023,0.60,0.18,0,0
2022-07-13 03:00:00,0.024,0.020,0.023,0.68,0,0,4.0
2022-07-19 03:00:00,0.029,0.019,0.026,0.28,0,0,0
2022-07-20 03:00:00,0.042,0.027,0.023,0.61,0,0,4.0
2022-08-04 03:00:00,0.032,0.019,0.024,0.51,0.049,0,0
2022-08-08 03:00:00,0.035,0.020,0.026,0.40,0,0,0
2022-08-09 03:00:00,0.036,0.019,0.026,0.54,0.038,0,0
2022-08-12 03:00:00,0.031,0.020,0.023,0.58,0.36,0,1.6
2022-08-14 03:00:00,0.034,0.019,0.023,0.29,0,0,4.0
2022-08-20 03:00:00,0.042,0.020,0.023,0.58,0.90,0,4.0
2022-08-22 03:00:00,0.030,0.019,0.027,0.14,0,0,0
2022-08-23 03:00:00,0.036,0.019,0.023,0.45,0,0,0
2022-08-25 03:00:00,0.027,0.019,0.023,0.59,0,0,0
2022-08-26 03:00:00,0.036,0.020,0.023,0.37,0,0,0
2022-08-27 03:00:00,0.026,0.019,0.023,0.61,0,0,0
2022-08-29 03:00:00,0.044,0.020,0.023,0.62,0,0,0
2022-08-30 03:00:00,0.030,0.021,0.029,0.35,0,0,0
2022-08-31 03:00:00,0.027,0.020,0.023,0.67,0,0,2.0
2022-09-01 03:00:00,0.025,0.020,0.023,0.29,0,0,0
2022-09-02 03:00:00,0.031,0.020,0.027,0.59,0,0,2.7
2022-09-03 03:00:00,0.027,0.021,0.026,0.59,0.43,0,2.4
2022-09-04 03:00:00,0.032,0.021,0.025,0.57,0,0,1.2
2022-09-06 03:00:00,0.042,0.022,0.027,0.60,0,0,0
2022-09-08 03:00:00,0.033,0.019,0.029,0.39,0,0,0
2022-09-09 03:00:00,0.025,0.020,0.023,0.53,0,0,4.0
2022-09-10 03:00:00,0.032,0.020,0.026,0.61,0,0,0.72
2022-09-11 03:00:00,0.036,0.020,0.027,0.63,0,0,0.80
2022-09-12 03:00:00,0.041,0.021,0.026,0.66,0.68,0,2.8
2022-09-13 03:00:00,0.036,0.020,0.026,0.58,0,0,0.57
2022-09-14 03:00:00,0.038,0.020,0.029,0.61,0,0,1.00
2022-09-15 03:00:00,0.037,0.021,0.026,0.61,0,0,0
2022-09-16 03:00:00,0.030,0.021,0.028,0.023,0.084,0,0
2022-09-17 03:00:00,0.042,0.020,0.023,0.61,0,0,0
2022-09-18 03:00:00,0.039,0.020,0.023,0.54,0.23,0,0
2022-09-20 03:00:00,0.032,0.019,0.027,0.61,0,0,0
2022-09-21 03:00:00,0.032,0.019,0.025,0.57,0.81,0,0
2022-09-24 03:00:00,0.036,0.020,0.028,0.48,0.48,0,1.2
2022-09-26 03:00:00,0.040,0.019,0.023,0.61,0,0,0
2022-09-27 03:00:00,0.032,0.020,0.027,0.58,0.49,0,1.4
2022-09-29 03:00:00,0.042,0.020,0.023,0.61,0,0,0
2022-09-30 03:00:00,0.025,0.020,0.027,0.61,0,0,0
2022-10-01 03:00:00,0.033,0.020,0.026,0.43,0,0,0
2022-10-02 03:00:00,0.033,0.019,0.026,0.60,0.33,0,1.3
2022-10-03 03:00:00,0.041,0.020,0.023,0.59,0,0,0
2022-10-04 03:00:00,0.034,0.019,0.027,0.46,0,0,0
2022-10-05 03:00:00,0.030,0.020,0.024,0.59,0.70,0,1.00
2022-10-06 03:00:00,0.027,0.022,0.025,0.55,0,0,0
2022-10-07 03:00:00,0.032,0.019,0.023,0.55,0,0,0
2022-10-08 03:00:00,0.035,0.019,0.023,0.61,0,0,0
2022-10-09 03:00:00,0.030,0.020,0.024,0.61,0,0,0
2022-10-10 03:00:00,0.033,0.019,0.033,0.61,0.020,0,0
2022-10-11 03:00:00,0.037,0.023,0.023,0.50,0,0,0
2022-10-13 03:00:00,0.029,0.020,0.026,0.61,0,0,0.22
2022-10-14 03:00:00,0.036,0.019,0.026,0.61,0,0,0.40
2022-10-15 03:00:00,0.022,0.019,0.027,0.65,0,0,0
2022-10-16 03:00:00,0.030,0.020,0.023,0.35,0,0,0
2022-10-17 03:00:00,0.033,0.020,0.025,0.63,0,0,0.23
2022-10-18 03:00:00,0.031,0.020,0.028,0.45,0.30,0,1.7
2022-10-19 03:00:00,0.041,0.021,0.023,0.74,0.91,0,4.0
2022-10-21 03:00:00,0.037,0.022,0.026,0.62,0.24,0,2.0
2022-10-22 03:00:00,0.033,0.020,0.025,0.70,0,0,1.3
2022-10-24 03:00:00,0.032,0.020,0.027,0.66,0,0,0.85
2022-10-25 03:00:00,0.032,0.020,0.026,0.64,0.28,0,1.7
2022-10-26 03:00:00,0.035,0.020,0.026,0.60,0.30,0,1.3
2022-10-27 03:00:00,0.042,0.020,0.026,0.60,0.0033,0,0.28
2022-10-28 03:00:00,0.030,0.020,0.026,0.50,0,0,0
2022-10-29 03:00:00,0.034,0.020,0.024,0.50,0.0068,0,0
2022-10-30 03:00:00,0.037,0.021,0.026,0.59,0,0,0
2022-10-31 03:00:00,0.026,0.020,0.023,0.61,0,0,0
2022-11-01 03:00:00,0.039,0.019,0.023,0.59,0,0,0
2022-11-02 03:00:00,0.053,0.020,0.031,0.61,0,0,0
2022-11-03 03:00:00,0.038,0.020,0.023,0.61,0,0,0
2022-11-04 03:00:00,0.031,0.020,0.025,0.038,0.18,0,2.8
2022-11-07 03:00:00,0.031,0.020,0.023,0.61,0,0,0
2022-11-11 03:00:00,0.031,0.019,0.023,0.30,0.90,0,0
2022-11-12 03:00:00,0.034,0.019,0.029,0.29,0,0,0
2022-11-13 03:00:00,0.031,0.020,0.028,0.29,0,0,3.0
2022-11-14 03:00:00,0.032,0.020,0.026,0.31,0,0,0
2022-11-15 03:00:00,0.030,0.020,0.026,0.30,0,0,0

